Workbook
Name codeValue0: [1]codeValue!$A$1:$A$3

Sheet 25.1
A1: 机车技师学院 锅炉房生产月报表
F2: 表 号：JB008-2表
A3: 单位名称(盖章)： | D3: 45682 | F3: 制表单位：经济运行部
A4: 指标名称 | B4: 计量单位 | C4: 代码 | D4: 本年实际 | F4: 上年同期 | H4: 备 注
D5: 本月 | E5: 累计 | F5: 月计 | G5: 累计
A6: 期末供热面积 | B6: 平方米 | C6: 002 | D6: 7592.12 | E6: =D6 -> 7592.12 | F6: 4712.11 | G6: =F6 -> 4712.11
A7: 供热量 | B7: 吉焦 | C7: 004 | D7: 397 | E7: =D7 -> 397 | F7: 292 | G7: =F7 -> 292
A8: 耗水量 | B8: 吨 | C8: 005 | D8: 42 | E8: =D8 -> 42 | F8: 0 | G8: =F8 -> 0
A9: 耗电量 | B9: 千瓦时 | C9: 006 | D9: 118320 | E9: =D9 -> 118320 | F9: 89968 | G9: =F9 -> 89968
A10: 供热公司： 部门负责人： 填表人：田雨 报出日期：2025年2月6日
A14: 供暖小时数——744

Sheet 25.2
A1: 机车技师学院 锅炉房生产月报表
F2: 表 号：JB008-2表
A3: 单位名称(盖章)： | D3: 45713 | F3: 制表单位：经济运行部
A4: 指标名称 | B4: 计量单位 | C4: 代码 | D4: 本年实际 | F4: 上年同期 | H4: 备 注
D5: 本月 | E5: 累计 | F5: 月计 | G5: 累计
A6: 期末供热面积 | B6: 平方米 | C6: 002 | D6: 7592.12 | E6: =D6 -> 7592.12 | F6: 4712.11 | G6: 4712.11
A7: 供热量 | B7: 吉焦 | C7: 004 | D7: 435 | E7: =D7+'25.1'!E7 -> 832 | F7: 306 | G7: 598
A8: 耗水量 | B8: 吨 | C8: 005 | D8: 50 | E8: =D8+'25.1'!E8 -> 92 | F8: 49 | G8: 49
A9: 耗电量 | B9: 千瓦时 | C9: 006 | D9: 131160 | E9: =D9+'25.1'!E9 -> 249480 | F9: 94176 | G9: 184144
A10: 供热公司： 部门负责人： 填表人：田雨 报出日期：2025年2月28日
A14: 供暖小时数——744

Sheet 25.3
A1: 机车技师学院 锅炉房生产月报表
F2: 表 号：JB008-2表
A3: 单位名称(盖章)： | D3: 45741 | F3: 制表单位：经济运行部
A4: 指标名称 | B4: 计量单位 | C4: 代码 | D4: 本年实际 | F4: 上年同期 | H4: 备 注
D5: 本月 | E5: 累计 | F5: 月计 | G5: 累计
A6: 期末供热面积 | B6: 平方米 | C6: 002 | D6: 7592.12 | E6: =D6 -> 7592.12 | F6: 4712.11 | G6: 4712.11
A7: 供热量 | B7: 吉焦 | C7: 004 | D7: 257 | E7: =D7+'25.2'!E7 -> 1089 | F7: 202 | G7: 800
A8: 耗水量 | B8: 吨 | C8: 005 | D8: 73 | E8: =D8+'25.2'!E8 -> 165 | F8: 87 | G8: 136
A9: 耗电量 | B9: 千瓦时 | C9: 006 | D9: 78776 | E9: =D9+'25.2'!E9 -> 328256 | F9: 60976 | G9: 245120
A10: 供热公司： 部门负责人： 填表人：田雨 报出日期：2025年3月28日
A14: 供暖小时数——674

Sheet 25.4.5
A1: 机车技师学院 锅炉房生产月报表
F2: 表 号：JB008-2表
A3: 单位名称(盖章)： | D3: 2025.3.25-2025.4.5 | F3: 制表单位：企业策划部
A4: 指标名称 | B4: 计量单位 | C4: 代码 | D4: 本年实际 | F4: 上年同期 | H4: 备 注
D5: 本月 | E5: 累计 | F5: 月计 | G5: 累计
A6: 期末供热面积 | B6: 平方米 | C6: 002 | D6: 7592.12 | E6: 7592.12 | F6: 4712.11 | G6: 4712.11
A7: 供热量 | B7: 吉焦 | C7: 004 | D7: 72 | E7: =D7+'25.3'!E7 -> 1161 | F7: 20 | G7: 820
A8: 耗水量 | B8: 吨 | C8: 005 | D8: 35 | E8: =D8+'25.3'!E8 -> 200 | F8: 38 | G8: 174
A9: 耗电量 | B9: 千瓦时 | C9: 006 | D9: 23728 | E9: =D9+'25.3'!E9 -> 351984 | F9: 7944 | G9: 253064
A10: 供热公司： 部门负责人： 填表人：田雨 报出日期：2025年4月9日
A14: 供暖小时数——217.5

Sheet 25.4
A1: 机车技师学院 锅炉房生产月报表
F2: 表 号：JB008-2表
A3: 单位名称(盖章)： | D3: 45772 | F3: 制表单位：企业策划部
A4: 指标名称 | B4: 计量单位 | C4: 代码 | D4: 本年实际 | F4: 上年同期 | H4: 备 注
D5: 本月 | E5: 累计 | F5: 月计 | G5: 累计
A6: 期末供热面积 | B6: 平方米 | C6: 002 | D6: 7592.12 | E6: 7592.12 | F6: 4712.11 | G6: 4712.11
A7: 供热量 | B7: 吉焦 | C7: 004 | D7: 72 | E7: =D7+'25.3'!E7 -> 1161 | F7: 20 | G7: 820
A8: 耗水量 | B8: 吨 | C8: 005 | D8: 35 | E8: =D8+'25.3'!E8 -> 200 | F8: 38 | G8: 174
A9: 耗电量 | B9: 千瓦时 | C9: 006 | D9: 23728 | E9: =D9+'25.3'!E9 -> 351984 | F9: 7944 | G9: 253064
A10: 供热公司： 部门负责人： 填表人：田雨 报出日期：2025年4月28日
A14: 供暖小时数——217.5

Sheet 25.5
A1: 机车技师学院 锅炉房生产月报表
F2: 表 号：JB008-2表
A3: 单位名称(盖章)： | D3: 45802 | F3: 制表单位：企业策划部
A4: 指标名称 | B4: 计量单位 | C4: 代码 | D4: 本年实际 | F4: 上年同期 | H4: 备 注
D5: 本月 | E5: 累计 | F5: 月计 | G5: 累计
A6: 期末供热面积 | B6: 平方米 | C6: 002 | D6: 7592.12 | E6: 7592.12 | F6: 4712.11 | G6: 4712.11
A7: 供热量 | B7: 吉焦 | C7: 004 | D7: 0 | E7: =D7+'25.4'!E7 -> 1161 | F7: 0 | G7: 820
A8: 耗水量 | B8: 吨 | C8: 005 | D8: 0 | E8: =D8+'25.4'!E8 -> 200 | F8: 0 | G8: 174
A9: 耗电量 | B9: 千瓦时 | C9: 006 | D9: 0 | E9: =D9+'25.4'!E9 -> 351984 | F9: 0 | G9: 253064
A10: 供热公司： 部门负责人： 填表人：田雨 报出日期：2025年5月28日
A14: 供暖小时数——0

Sheet 25.6 
A1: 机车技师学院 锅炉房生产月报表
F2: 表 号：JB008-2表
A3: 单位名称(盖章)： | D3: 45833 | F3: 制表单位：企业策划部
A4: 指标名称 | B4: 计量单位 | C4: 代码 | D4: 本年实际 | F4: 上年同期 | H4: 备 注
D5: 本月 | E5: 累计 | F5: 月计 | G5: 累计
A6: 期末供热面积 | B6: 平方米 | C6: 002 | D6: 7592.12 | E6: 7592.12 | F6: 4712.11 | G6: 4712.11
A7: 供热量 | B7: 吉焦 | C7: 004 | D7: 0 | E7: =D7+'25.4'!E7 -> 1161 | F7: 0 | G7: 820
A8: 耗水量 | B8: 吨 | C8: 005 | D8: 0 | E8: =D8+'25.5'!E8 -> 200 | F8: 0 | G8: 174
A9: 耗电量 | B9: 千瓦时 | C9: 006 | D9: 408 | E9: =D9+'25.5'!E9 -> 352392 | F9: 0 | G9: 253064
A10: 供热公司： 部门负责人： 填表人：田雨 报出日期：2025年6月27日
A14: 供暖小时数——0

Sheet 25.7
A1: 机车技师学院 锅炉房生产月报表
F2: 表 号：JB008-2表
A3: 单位名称(盖章)： | D3: 45863 | F3: 制表单位：企业策划部
A4: 指标名称 | B4: 计量单位 | C4: 代码 | D4: 本年实际 | F4: 上年同期 | H4: 备 注
D5: 本月 | E5: 累计 | F5: 月计 | G5: 累计
A6: 期末供热面积 | B6: 平方米 | C6: 002 | D6: 7592.12 | E6: 7592.12 | F6: 4712.11 | G6: 4712.11
A7: 供热量 | B7: 吉焦 | C7: 004 | D7: 0 | E7: =D7+'25.4'!E7 -> 1161 | F7: 0 | G7: 820
A8: 耗水量 | B8: 吨 | C8: 005 | D8: 0 | E8: =D8+'25.6 '!E8 -> 200 | F8: 0 | G8: 174
A9: 耗电量 | B9: 千瓦时 | C9: 006 | D9: 56 | E9: =D9+'25.6 '!E9 -> 352448 | F9: 0 | G9: 253064
A10: 供热公司： 部门负责人： 填表人：田雨 报出日期：2025年7月28日
A14: 供暖小时数——0

Sheet 25.8
A1: 机车技师学院 锅炉房生产月报表
F2: 表 号：JB008-2表
A3: 单位名称(盖章)： | D3: 45894 | F3: 制表单位：企业策划部
A4: 指标名称 | B4: 计量单位 | C4: 代码 | D4: 本年实际 | F4: 上年同期 | H4: 备 注
D5: 本月 | E5: 累计 | F5: 月计 | G5: 累计
A6: 期末供热面积 | B6: 平方米 | C6: 002 | D6: 7592.12 | E6: 7592.12 | F6: 4712.11 | G6: 4712.11
A7: 供热量 | B7: 吉焦 | C7: 004 | D7: 0 | E7: =D7+'25.4'!E7 -> 1161 | F7: 0 | G7: 820
A8: 耗水量 | B8: 吨 | C8: 005 | D8: 0 | E8: =D8+'25.7'!E8 -> 200 | F8: 0 | G8: 174
A9: 耗电量 | B9: 千瓦时 | C9: 006 | D9: 72 | E9: =D9+'25.7'!E9 -> 352520 | F9: 0 | G9: 253064
A10: 供热公司： 部门负责人： 填表人：田雨 报出日期：2025年8月28日
A14: 供暖小时数——0

Sheet 25.9
A1: 机车技师学院 锅炉房生产月报表
F2: 表 号：JB008-2表
A3: 单位名称(盖章)： | D3: 45925 | F3: 制表单位：企业策划部
A4: 指标名称 | B4: 计量单位 | C4: 代码 | D4: 本年实际 | F4: 上年同期 | H4: 备 注
D5: 本月 | E5: 累计 | F5: 月计 | G5: 累计
A6: 期末供热面积 | B6: 平方米 | C6: 002 | D6: 7592.12 | E6: 7592.12 | F6: 4712.11 | G6: 4712.11
A7: 供热量 | B7: 吉焦 | C7: 004 | D7: 0 | E7: =D7+'25.4'!E7 -> 1161 | F7: 0 | G7: 820
A8: 耗水量 | B8: 吨 | C8: 005 | D8: 0 | E8: =D8+'25.8'!E8 -> 200 | F8: 0 | G8: 174
A9: 耗电量 | B9: 千瓦时 | C9: 006 | D9: 32 | E9: =D9+'25.8'!E9 -> 352552 | F9: 0 | G9: 253064
A10: 供热公司： 部门负责人： 填表人：田雨 报出日期：2025年9月28日
A14: 供暖小时数——0

Sheet 25.10
A1: 机车技师学院 锅炉房生产月报表
F2: 表 号：JB008-2表
A3: 单位名称(盖章)： | D3: 45955 | F3: 制表单位：企业策划部
A4: 指标名称 | B4: 计量单位 | C4: 代码 | D4: 本年实际 | F4: 上年同期 | H4: 备 注
D5: 本月 | E5: 累计 | F5: 月计 | G5: 累计
A6: 期末供热面积 | B6: 平方米 | C6: 002 | D6: 7592.12 | E6: 7592.12 | F6: 4712.11 | G6: 4712.11
A7: 供热量 | B7: 吉焦 | C7: 004 | D7: 0 | E7: =D7+'25.9'!E7 -> 1161 | F7: 0 | G7: 820
A8: 耗水量 | B8: 吨 | C8: 005 | D8: 125 | E8: =D8+'25.9'!E8 -> 325 | F8: 0 | G8: 174
A9: 耗电量 | B9: 千瓦时 | C9: 006 | D9: 136 | E9: =D9+'25.9'!E9 -> 352688 | F9: 432 | G9: 253496
A10: 供热公司： 部门负责人： 填表人：田雨 报出日期：2025年10月28日
A14: 供暖小时数——0

Sheet 25.11
A1: 机车技师学院 锅炉房生产月报表
F2: 表 号：JB008-2表
A3: 单位名称(盖章)： | D3: 45986 | F3: 制表单位：企业策划部
A4: 指标名称 | B4: 计量单位 | C4: 代码 | D4: 本年实际 | F4: 上年同期 | H4: 备 注
D5: 本月 | E5: 累计 | F5: 月计 | G5: 累计
A6: 期末供热面积 | B6: 平方米 | C6: 002 | D6: 7625.06 | E6: =(7592.12*102+D6*24)/(102+24) -> 7598.3943 | F6: 7592.12 | G6: 5260.6833
A7: 供热量 | B7: 吉焦 | C7: 004 | D7: 150 | E7: =D7+'25.10'!E7 -> 1311 | F7: 151 | G7: 971
A8: 耗水量 | B8: 吨 | C8: 005 | D8: 7 | E8: =D8+'25.10'!E8 -> 332 | F8: 63 | G8: 237
A9: 耗电量 | B9: 千瓦时 | C9: 006 | D9: 52136 | E9: =D9+'25.10'!E9 -> 404824 | F9: 57104 | G9: 310600
A10: 供热公司： 部门负责人： 填表人：田雨 报出日期：2025年12月1日
A14: 供暖小时数——544

Sheet 25.12
A1: 机车技师学院 锅炉房生产月报表
F2: 表 号：JB008-2表
A3: 单位名称(盖章)： | D3: 46016 | F3: 制表单位：企业策划部
A4: 指标名称 | B4: 计量单位 | C4: 代码 | D4: 本年实际 | F4: 上年同期 | H4: 备 注
D5: 本月 | E5: 累计 | F5: 月计 | G5: 累计
A6: 期末供热面积 | B6: 平方米 | C6: 002 | D6: 7625.06 | E6: =(7592.12*102+'25.11'!D6*24+D6*30)/(102+24+30) -> 7603.5223 | F6: 7592.12 | G6: 5709.0365
A7: 供热量 | B7: 吉焦 | C7: 004 | D7: 357 | E7: =D7+'25.11'!E7 -> 1668 | F7: 364 | G7: 1335
A8: 耗水量 | B8: 吨 | C8: 005 | D8: 6 | E8: =D8+'25.11'!E8 -> 338 | F8: 30 | G8: 267
A9: 耗电量 | B9: 千瓦时 | C9: 006 | D9: 108856 | E9: =D9+'25.11'!E9 -> 513680 | F9: 111456 | G9: 422056
A10: 供热公司： 部门负责人： 填表人：田雨 报出日期：2026年1月1日
A14: 供暖小时数——720

Sheet 26.1
A1: 机车技师学院 锅炉房生产月报表
F2: 表 号：JB008-2表
A3: 单位名称(盖章)： | D3: 46047 | F3: 制表单位：企业策划部
A4: 指标名称 | B4: 计量单位 | C4: 代码 | D4: 本年实际 | F4: 上年同期 | H4: 备 注
D5: 本月 | E5: 累计 | F5: 月计 | G5: 累计
A6: 期末供热面积 | B6: 平方米 | C6: 002 | D6: 7625.06 | E6: =D6 -> 7625.06 | F6: 7592.12 | G6: 7592.12
A7: 供热量 | B7: 吉焦 | C7: 004 | D7: 441 | E7: =D7 -> 441 | F7: 397 | G7: 397
A8: 耗水量 | B8: 吨 | C8: 005 | D8: 3 | E8: =D8 -> 3 | F8: 42 | G8: 42
A9: 耗电量 | B9: 千瓦时 | C9: 006 | D9: 132840 | E9: =D9 -> 132840 | F9: 118320 | G9: 118320
A10: 供热公司： 部门负责人： 填表人：田雨 报出日期：2026年1月28日
A14: 供暖小时数——744

Sheet Sheet1

Sheet Sheet2

Sheet Sheet3
