Workbook

Sheet Sheet1
A1: 金普2026年1月生产统计表
A3: 序号 | B3: 项 目 | C3: 计量单位 | D3: 本年计划 | E3: 本月计划 | F3: 上年同期 | G3: 本月实际 | H3: 本年累计 | I3: 年计划 完成率 | J3: 与月计划比较 | L3: 与上年同期比较
J4: 差异 | K4: % | L4: 差异 | M4: %
A5: 1 | B5: 装机总容量 | C5: 兆瓦 | D5: =99+63 -> 162 | E5: 162 | F5: 162 | G5: =E5 -> 162 | H5: =D5 -> 162 | I5: =H5/D5 -> 1 | J5: =G5-E5 -> 0 | K5: =J5/E5 -> 0 | L5: =G5-F5 -> 0 | M5: =L5/F5 -> 0
A6: 2 | B6: 期末供热面积 | C6: 平方米 | D6: =[1]金普热电!$E$17+D7 -> 1771497.8 | E6: =[1]金普热电!$L$17+E7 -> 1771497.8 | F6: 1759025.2 | G6: =1714458.54+G7 -> 1769458.5 | H6: =G6 -> 1769458.5 | I6: =H6/D6 -> 0.99884883 | J6: =G6-E6 -> -2039.29 | K6: =J6/E6 -> -0.0011511671 | L6: =G6-F6 -> 10433.29 | M6: =L6/F6 -> 0.0059312906
B7: 其中：高温水面积 | C7: 平方米 | D7: 55000 | E7: 55000 | F7: 55000 | G7: 55000 | H7: 55000 | I7: =H7/D7 -> 1 | J7: =G7-E7 -> 0 | K7: =J7/E7 -> 0 | L7: =G7-F7 -> 0 | M7: =L7/F7 -> 0
A8: 3 | B8: 实际平均供热面积 | C8: 平方米 | D8: =D6 -> 1771497.8 | E8: =E6 -> 1771497.8 | F8: 1759025.2 | G8: =G6 -> 1769458.5 | H8: =H6 -> 1769458.5 | I8: =H8/D8 -> 0.99884883 | J8: =G8-E8 -> -2039.29 | K8: =J8/E8 -> -0.0011511671 | L8: =G8-F8 -> 10433.29 | M8: =L8/F8 -> 0.0059312906
A9: 4 | B9: 供汽量 | C9: 吨 | D9: - | E9: -
A10: 5 | B10: 供热量 | C10: 吉焦 | D10: =[1]金普热电!$E$7 -> 531097.62 | E10: =[1]金普热电!$L$7 -> 151085.49 | F10: 148201.19 | G10: =[2]煤量!$N$34 -> 156456.25 | H10: =G10 -> 156456.25 | I10: =H10/D10 -> 0.29459038 | J10: =G10-E10 -> 5370.7551 | K10: =J10/E10 -> 0.035547787 | L10: =G10-F10 -> 8255.0579 | M10: =L10/F10 -> 0.055701697
A11: 6 | B11: 高温水销售量 | C11: 吉焦 | D11: =[1]金普热电!$E$11 -> 18614.761 | E11: =[1]金普热电!$L$11 -> 3989.6127 | F11: 4030 | G11: 4030 | H11: =G11 -> 4030 | I11: =H11/D11 -> 0.21649486 | J11: =G11-E11 -> 40.387324 | K11: =J11/E11 -> 0.010123119 | L11: =G11-F11 -> 0 | M11: =L11/F11 -> 0
A12: 7 | B12: 生产耗原煤量 | C12: 吨 | D12: =[1]金普热电!$E$19 -> 42525.915 | E12: =[1]金普热电!$L$19 -> 12625.751 | F12: 12005 | G12: =[2]煤量!$L$34 -> 12660 | H12: =G12 -> 12660 | I12: =H12/D12 -> 0.29770082 | J12: =G12-E12 -> 34.249328 | K12: =J12/E12 -> 0.0027126567 | L12: =G12-F12 -> 655 | M12: =L12/F12 -> 0.0545606
A13: 8 | B13: 生产耗油量 | C13: 吨 | H13: =G13 -> 0 | I13: - | J13: =G13-E13 -> 0 | K13: =J13/E13 -> #DIV/0! | L13: =G13-F13 -> 0 | M13: =L13/F13 -> #DIV/0!
A14: 9 | B14: 耗标煤总量 | C14: 吨 | D14: =[1]金普热电!$E$22 -> 25555.588 | E14: =[1]金普热电!$L$22 -> 7627.6158 | F14: 7223.8293 | G14: =[2]煤量!$M$34 -> 7626.19 | H14: =G14 -> 7626.19 | I14: =H14/D14 -> 0.29841575 | J14: =G14-E14 -> -1.4257621 | K14: =J14/E14 -> -0.00018692107 | L14: =G14-F14 -> 402.36071 | M14: =L14/F14 -> 0.05569909
A15: 10 | B15: 耗水量 | C15: 吨 | D15: =[1]金普热电!$E$34 -> 104393.15 | E15: =[1]金普热电!$L$34 -> 19720 | F15: 23200 | G15: =[2]水量!$AE$34 -> 22828 | H15: =G15 -> 22828 | I15: =H15/D15 -> 0.21867334 | J15: =G15-E15 -> 3108 | K15: =J15/E15 -> 0.15760649 | L15: =G15-F15 -> -372 | M15: =L15/F15 -> -0.016034483
B16: 其中：耗井水量 | C16: 吨 | D16: 0 | E16: 0 | F16: 0 | G16: 0 | H16: =G16 -> 0 | I16: =H16/D16 -> #DIV/0! | J16: =G16-E16 -> 0 | K16: =J16/E16 -> #DIV/0! | L16: =G16-F16 -> 0 | M16: =L16/F16 -> #DIV/0!
A17: 11 | B17: 用电量 | C17: 千瓦时 | D17: =[1]金普热电!$E$55*10000 -> 7259815.1 | E17: =[1]金普热电!$L$55*10000 -> 1662776.9 | F17: 1720833.7 | G17: =[2]电量!$Z$34 -> 1787714.1 | H17: =G17 -> 1787714.1 | I17: =H17/D17 -> 0.24624788 | J17: =G17-E17 -> 124937.2 | K17: =J17/E17 -> 0.075137684 | L17: =G17-F17 -> 66880.41 | M17: =L17/F17 -> 0.038865121
A18: 12 | B18: 耗氧化镁量 | C18: 吨 | D18: =[1]金普热电!$E$43 -> 206.66519 | E18: =[1]金普热电!$L$43 -> 59.518346 | F18: 64.725 | G18: =[2]环保!$M$34 -> 43.975 | H18: =G18 -> 43.975
A19: 13 | B19: 耗脱硝剂量 | C19: 吨 | D19: =[1]金普热电!$E$44 -> 112.97031 | E19: =[1]金普热电!$L$44 -> 22.462318 | F19: 24.825 | G19: =[2]环保!$N$34 -> 28.64 | H19: =G19 -> 28.64
A20: 14 | B20: 供热用电率 | C20: 千瓦时/吉焦 | D20: =D17/D10 -> 13.669455 | E20: =E17/E10 -> 11.005536 | F20: 11.61147 | G20: =G17/G10 -> 11.426288 | H20: =H17/H10 -> 11.426288 | I20: - | J20: =G20-E20 -> 0.42075126 | K20: - | L20: =G20-F20 -> -0.18518242 | M20: -
A21: 15 | B21: 供热煤耗率 | C21: 千克/吉焦 | D21: =D14*1000/D10 -> 48.118438 | E21: =E14*1000/E10 -> 50.485427 | F21: 48.743395 | G21: =SUM(G14*1000/G10) -> 48.743275 | H21: =SUM(H14*1000/H10) -> 48.743275 | I21: - | J21: =G21-E21 -> -1.7421524 | K21: - | L21: =G21-F21 -> -0.00012039278 | M21: -
A22: 16 | B22: 入厂煤量 | C22: 吨 | D22: - | E22: - | F22: 12984 | G22: =7953+1+1317+325 -> 9596 | H22: =G22 -> 9596 | I22: =H22/D22 -> #VALUE! | J22: =G22-E22 -> #VALUE! | K22: =J22/E22 -> #VALUE! | L22: =G22-F22 -> -3388 | M22: =L22/F22 -> -0.26093654
A23: 17 | B23: 期末库存煤量 | C23: 吨 | D23: - | E23: 0 | F23: 8181 | G23: =12570+G22-G12 -> 9506 | H23: =G23 -> 9506 | I23: =H23/D23 -> #VALUE! | J23: =H23-E23 -> 9506 | K23: =J23/E23 -> #DIV/0! | L23: =H23-F23 -> 1325 | M23: =L23/F23 -> 0.16196064
A24: 18 | B24: 入炉煤低位发热量 | C24: 千焦/千克 | D24: =D14*29308/D12 -> 17612.394 | E24: =E14*29308/E12 -> 17705.891 | F24: 17635.651 | G24: =G14*29308/G12 -> 17654.69 | H24: =H14*29308/H12 -> 17654.69 | I24: - | J24: =G24-E24 -> -51.200718 | K24: - | L24: =G24-F24 -> 19.039218 | M24: -
A25: 19 | B25: 入厂煤低位发热量 | C25: 千焦/千克 | D25: - | E25: - | F25: 17636 | G25: =G24 -> 17654.69 | H25: =H24 -> 17654.69 | I25: - | J25: - | K25: - | L25: - | M25: -
A26: 20 | B26: 锅炉热效率 | C26: % | D26: =D10/(D14*29.308) -> 0.70909153 | E26: =E10/(E14*29.308) -> 0.67584605 | F26: 0.7 | G26: =G10/(G14*29.308) -> 0.70000173 | H26: =H10/(H14*29.308) -> 0.70000173 | I26: - | J26: =G26-E26 -> 0.024155677 | K26: - | L26: =G26-F26 -> 1.7289553e-06 | M26: -
A27: 21 | B27: 锅炉设备利用率 | C27: % | D27: =D10/3.6/D5/8760 -> 0.10395676 | E27: =E10/3.6/E5/(24*31) -> 0.34820285 | F27: 0.34155547 | G27: =G10/3.6/G5/(24*31) -> 0.36058069 | H27: =H10/3.6/H5/(24*(31+0)) -> 0.36058069 | I27: - | J27: =G27-E27 -> 0.012377841 | K27: - | L27: =G27-F27 -> 0.019025219 | M27: -
A28: 22 | B28: 供暖功耗率 | C28: 瓦/平方米 | D28: =SUM(D10*1000000000/(153*24*3600*D8)) -> 22.679243 | E28: =SUM(E10*1000000000/(31*24*3600*E8)) -> 31.842467 | F28: 31.45605 | G28: =SUM(G10*1000000000/(24*31)/3600/G8) -> 33.012399 | H28: =SUM(H10*1000000000/(24*31+0)/3600/H8) -> 33.012399 | I28: - | J28: =G28-E28 -> 1.169932 | K28: - | L28: =G28-F28 -> 1.5563492 | M28: -
A29: 23 | B29: 单位面积耗标准煤量 | C29: 千克/平方米 | D29: =D14*1000/D8 -> 14.425977 | E29: =E14*1000/E8 -> 4.3057438 | F29: 4.1067229 | G29: =G14*1000/G8 -> 4.3099004 | H29: =H14*1000/H8 -> 4.3099004 | I29: - | J29: =G29-E29 -> 0.0041565812 | K29: - | L29: =G29-F29 -> 0.20317746 | M29: -
A30: 24 | B30: 单位面积耗电量 | C30: 千瓦时/平方米 | D30: =D17/D8 -> 4.0981225 | E30: =E17/E8 -> 0.93862768 | F30: 0.97828823 | G30: =G17/G8 -> 1.010317 | H30: =H17/H8 -> 1.010317 | I30: - | J30: =G30-E30 -> 0.071689353 | K30: - | L30: =G30-F30 -> 0.032028807 | M30: -
A31: 25 | B31: 单位面积耗水量 | C31: 千克/平方米 | D31: =D15*1000/D8 -> 58.929316 | E31: =E15*1000/E8 -> 11.131823 | F31: 13.189123 | G31: =G15*1000/G6 -> 12.901122 | H31: =H15*1000/H6 -> 12.901122 | I31: - | J31: =G31-E31 -> 1.7692989 | K31: - | L31: =G31-F31 -> -0.28800106 | M31: -
A32: 审核： | D32: 填表： | I32: 报出日期：2015年12月1日 | J32: 报出时间：2026年1月31日

Sheet Sheet2

Sheet Sheet3
