Workbook

Sheet Sheet1
A1: 金普2026年3月生产统计表
A3: 序号 | B3: 项 目 | C3: 计量单位 | D3: 本年计划 | E3: 本月计划 | F3: 上年同期 | G3: 本月实际 | H3: 本年累计 | I3: 年计划 完成率 | J3: 与月计划比较 | L3: 与上年同期比较
J4: 差异 | K4: % | L4: 差异 | M4: %
A5: 1 | B5: 装机总容量 | C5: 兆瓦 | D5: =99+63 -> 162 | E5: 162 | F5: 162 | G5: =E5 -> 162 | H5: =D5 -> 162 | I5: =H5/D5 -> 1 | J5: =G5-E5 -> 0 | K5: =J5/E5 -> 0 | L5: =G5-F5 -> 0 | M5: =L5/F5 -> 0
A6: 2 | B6: 期末供热面积 | C6: 平方米 | D6: =[1]金普热电!$E$17+D7 -> 1771497.8 | E6: 1796212.4 | F6: 1759025.2 | G6: =1714458.54+G7 -> 1769458.5 | H6: =G6 -> 1769458.5 | I6: =H6/D6 -> 0.99884883 | J6: =G6-E6 -> -26753.887 | K6: =J6/E6 -> -0.014894612 | L6: =G6-F6 -> 10433.29 | M6: =L6/F6 -> 0.0059312906
B7: 其中：高温水面积 | C7: 平方米 | D7: 55000 | E7: 55000 | F7: 55000 | G7: 55000 | H7: 55000 | I7: =H7/D7 -> 1 | J7: =G7-E7 -> 0 | K7: =J7/E7 -> 0 | L7: =G7-F7 -> 0 | M7: =L7/F7 -> 0
A8: 3 | B8: 实际平均供热面积 | C8: 平方米 | D8: =D6 -> 1771497.8 | E8: =E6 -> 1796212.4 | F8: 1759025.2 | G8: =G6 -> 1769458.5 | H8: =H6 -> 1769458.5 | I8: =H8/D8 -> 0.99884883 | J8: =G8-E8 -> -26753.887 | K8: =J8/E8 -> -0.014894612 | L8: =G8-F8 -> 10433.29 | M8: =L8/F8 -> 0.0059312906
A9: 4 | B9: 供汽量 | C9: 吨 | D9: - | E9: -
A10: 5 | B10: 供热量 | C10: 吉焦 | D10: =[1]金普热电!$E$7 -> 531097.62 | E10: 47148.522 | F10: 47207.84 | G10: 47008.051 | H10: =267460.1467164+G10 -> 314468.2 | I10: =H10/D10 -> 0.59210997 | J10: =G10-E10 -> -140.47142 | K10: =J10/E10 -> -0.0029793388 | L10: =G10-F10 -> -199.78971 | M10: =L10/F10 -> -0.0042321297
A11: 6 | B11: 高温水销售量 | C11: 吉焦 | D11: =[1]金普热电!$E$11 -> 18614.761 | E11: 2960.0352 | F11: 2990 | G11: 1308 | H11: =7520+G11 -> 8828 | I11: =H11/D11 -> 0.4742473 | J11: =G11-E11 -> -1652.0352 | K11: =J11/E11 -> -0.55811336 | L11: =G11-F11 -> -1682 | M11: =L11/F11 -> -0.56254181
A12: 7 | B12: 生产耗原煤量 | C12: 吨 | D12: =[1]金普热电!$E$19 -> 42525.915 | E12: 3940.0572 | F12: 3907 | G12: 4061 | H12: =21656+G12 -> 25717 | I12: =H12/D12 -> 0.60473713 | J12: =G12-E12 -> 120.94284 | K12: =J12/E12 -> 0.030695707 | L12: =G12-F12 -> 154 | M12: =L12/F12 -> 0.039416432
A13: 8 | B13: 生产耗油量 | C13: 吨 | H13: 0 | I13: - | J13: =G13-E13 -> 0 | K13: =J13/E13 -> #DIV/0! | L13: =G13-F13 -> 0 | M13: =L13/F13 -> #DIV/0!
A14: 9 | B14: 耗标煤总量 | C14: 吨 | D14: =[1]金普热电!$E$22 -> 25555.588 | E14: 2314.4011 | F14: 2291.0184 | G14: 2291.332 | H14: =13036.719+G14 -> 15328.051 | I14: =H14/D14 -> 0.59979254 | J14: =G14-E14 -> -23.06908 | K14: =J14/E14 -> -0.009967624 | L14: =G14-F14 -> 0.31357143 | M14: =L14/F14 -> 0.00013686988
A15: 10 | B15: 耗水量 | C15: 吨 | D15: =[1]金普热电!$E$34 -> 104393.15 | E15: 15733.075 | F15: 18509.5 | G15: 19928 | H15: =43463+G15 -> 63391 | I15: =H15/D15 -> 0.6072333 | J15: =G15-E15 -> 4194.925 | K15: =J15/E15 -> 0.26663097 | L15: =G15-F15 -> 1418.5 | M15: =L15/F15 -> 0.076636322
B16: 其中：耗井水量 | C16: 吨 | D16: 0 | E16: 0 | F16: 0 | G16: 0 | H16: 0 | I16: =H16/D16 -> #DIV/0! | J16: =G16-E16 -> 0 | K16: =J16/E16 -> #DIV/0! | L16: =G16-F16 -> 0 | M16: =L16/F16 -> #DIV/0!
A17: 11 | B17: 用电量 | C17: 千瓦时 | D17: =[1]金普热电!$E$55*10000 -> 7259815.1 | E17: =114.472603013507*10000 -> 1144726 | F17: 1184673.1 | G17: 1095806.7 | H17: =3287587.9+G17 -> 4383394.6 | I17: =H17/D17 -> 0.60378874 | J17: =G17-E17 -> -48919.31 | K17: =J17/E17 -> -0.042734514 | L17: =G17-F17 -> -88866.38 | M17: =L17/F17 -> -0.075013419
A18: 12 | B18: 耗氧化镁量 | C18: 吨 | D18: =[1]金普热电!$E$43 -> 206.66519 | E18: 28.565128 | F18: 31.0625 | G18: 35.23 | H18: =69.18+G18 -> 104.41 | I18: =H18/D18 -> 0.50521329 | J18: =G18-E18 -> 6.6648724 | K18: =J18/E18 -> 0.23332199 | L18: =G18-F18 -> 4.1675 | M18: =L18/F18 -> 0.13416499
A19: 13 | B19: 耗脱硝剂量 | C19: 吨 | D19: =[1]金普热电!$E$44 -> 112.97031 | E19: 22.07062 | F19: 24.04 | G19: 12.725 | H19: =49.65+G19 -> 62.375 | I19: =H19/D19 -> 0.55213624 | J19: =G19-E19 -> -9.3456198 | K19: =J19/E19 -> -0.42344166 | L19: =G19-F19 -> -11.315 | M19: =L19/F19 -> -0.47067388
A20: 14 | B20: 供热用电率 | C20: 千瓦时/吉焦 | D20: =D17/D10 -> 13.669455 | E20: =E17/E10 -> 24.27915 | F20: 25.094838 | G20: =G17/G10 -> 23.311044 | H20: =H17/H10 -> 13.939071 | I20: - | J20: =G20-E20 -> -0.96810616 | K20: - | L20: =G20-F20 -> -1.7837942 | M20: -
A21: 15 | B21: 供热煤耗率 | C21: 千克/吉焦 | D21: =D14*1000/D10 -> 48.118438 | E21: =E14*1000/E10 -> 49.087458 | F21: 48.530465 | G21: =SUM(G14*1000/G10) -> 48.743395 | H21: =SUM(H14*1000/H10) -> 48.74277 | I21: - | J21: =G21-E21 -> -0.34406223 | K21: - | L21: =G21-F21 -> 0.21293073 | M21: -
A22: 16 | B22: 入厂煤量 | C22: 吨 | D22: - | E22: - | F22: 178 | G22: 0 | H22: 13379 | I22: =H22/D22 -> #VALUE! | J22: =G22-E22 -> #VALUE! | K22: =J22/E22 -> #VALUE! | L22: =G22-F22 -> -178 | M22: =L22/F22 -> -1
A23: 17 | B23: 期末库存煤量 | C23: 吨 | D23: - | E23: 0 | F23: 21 | G23: 232 | H23: =G23 -> 232 | I23: =H23/D23 -> #VALUE! | J23: =H23-E23 -> 232 | K23: =J23/E23 -> #DIV/0! | L23: =H23-F23 -> 211 | M23: =L23/F23 -> 10.047619
A24: 18 | B24: 入炉煤低位发热量 | C24: 千焦/千克 | D24: =D14*29308/D12 -> 17612.394 | E24: =E14*29308/E12 -> 17215.605 | F24: 17185.863 | G24: =G14*29308/G12 -> 16536.409 | H24: =H14*29308/H12 -> 17468.387 | I24: - | J24: =G24-E24 -> -679.19546 | K24: - | L24: =G24-F24 -> -649.45403 | M24: -
A25: 19 | B25: 入厂煤低位发热量 | C25: 千焦/千克 | D25: - | E25: - | F25: 17636 | G25: =G24 -> 16536.409 | H25: =H24 -> 17468.387 | I25: - | J25: - | K25: - | L25: - | M25: -
A26: 20 | B26: 锅炉热效率 | C26: % | D26: =D10/(D14*29.308) -> 0.70909153 | E26: =E10/(E14*29.308) -> 0.69509358 | F26: 0.7030713 | G26: =G10/(G14*29.308) -> 0.7 | H26: =H10/(H14*29.308) -> 0.70000898 | I26: - | J26: =G26-E26 -> 0.0049064175 | K26: - | L26: =G26-F26 -> -0.0030712979 | M26: -
A27: 21 | B27: 锅炉设备利用率 | C27: % | D27: =D10/3.6/D5/8760 -> 0.10395676 | E27: =E10/3.6/E5/(24*31) -> 0.10866198 | F27: 0.10879869 | G27: =G10/3.6/G5/(24*31) -> 0.10833824 | H27: =H10/3.6/H5/(24*(31+28+31)) -> 0.24963499 | I27: - | J27: =G27-E27 -> -0.00032374086 | K27: - | L27: =G27-F27 -> -0.00046045019 | M27: -
A28: 22 | B28: 供暖功耗率 | C28: 瓦/平方米 | D28: =SUM(D10*1000000000/(153*24*3600*D8)) -> 22.679243 | E28: =SUM(E10*1000000000/(24*31*3600*E8)) -> 9.8002003 | F28: 10.019975 | G28: =SUM(G10*1000000000/(24*31)/3600/G8) -> 9.9187379 | H28: =SUM(H10*1000000000/(24*31+24*28+24*31)/3600/H8) -> 22.85494 | I28: - | J28: =G28-E28 -> 0.11853764 | K28: - | L28: =G28-F28 -> -0.10123675 | M28: -
A29: 23 | B29: 单位面积耗标准煤量 | C29: 千克/平方米 | D29: =D14*1000/D8 -> 14.425977 | E29: =E14*1000/E8 -> 1.2884896 | F29: 1.3024364 | G29: =G14*1000/G8 -> 1.294934 | H29: =H14*1000/H8 -> 8.6625658 | I29: - | J29: =G29-E29 -> 0.0064443592 | K29: - | L29: =G29-F29 -> -0.0075023655 | M29: -
A30: 24 | B30: 单位面积耗电量 | C30: 千瓦时/平方米 | D30: =D17/D8 -> 4.0981225 | E30: =E17/E8 -> 0.63729992 | F30: 0.67348271 | G30: =G17/G8 -> 0.61928929 | H30: =H17/H8 -> 2.477252 | I30: - | J30: =G30-E30 -> -0.018010628 | K30: - | L30: =G30-F30 -> -0.054193426 | M30: -
A31: 25 | B31: 单位面积耗水量 | C31: 千克/平方米 | D31: =D15*1000/D8 -> 58.929316 | E31: =E15*1000/E8 -> 8.759028 | F31: 10.522589 | G31: =G15*1000/G6 -> 11.262202 | H31: =H15*1000/H6 -> 35.825084 | I31: - | J31: =G31-E31 -> 2.5031742 | K31: - | L31: =G31-F31 -> 0.73961313 | M31: -
A32: 审核： | D32: 填表： | I32: 报出日期：2015年12月1日 | J32: 报出时间：2026年3月31日

Sheet Sheet2

Sheet Sheet3
