Workbook

Sheet 26.1
A1: 大连市热电集团所属热电厂生产月报表
A2: 2026 年 1 月
A3: 指 标 名 称 | B3: 计量单位 | C3: 代码 | D3: 本 月 实 际 | J3: 本 年 累 计
D4: 合 计 | E4: 其 中 | J4: 合 计 | K4: 其 中
E5: 北海热电厂 | F5: 香海热电厂 | G5: 主城区小计 | H5: 金州热电厂 | I5: 瓦房店热电厂 | K5: 北海热电厂 | L5: 香海热电厂 | M5: 主城区小计 | N5: 金州热电厂 | O5: 瓦房店热电厂
A6: 发电机组容量 | B6: 万千瓦 | C6: 001 | D6: =G6+H6+I6 -> 26.88 | E6: 10 | F6: 10 | G6: =SUM(E6:F6) -> 20 | H6: 3.6 | I6: 3.28 | J6: =M6+N6+O6 -> 26.88 | K6: 10 | L6: 10 | M6: =SUM(K6:L6) -> 20 | N6: 3.6 | O6: 3.28
A7: 发电量 | B7: 千瓦时 | C7: 002 | D7: =G7+H7+I7 -> 156424420 | E7: =[1]产量!$C$15 -> 60753600 | F7: =[1]产量!$C$19 -> 57676320 | G7: =SUM(E7:F7) -> 118429920 | H7: 22641600 | I7: 15352900 | J7: =M7+N7+O7 -> 156424420 | K7: =E7 -> 60753600 | L7: =F7 -> 57676320 | M7: =SUM(K7:L7) -> 118429920 | N7: =H7 -> 22641600 | O7: =I7 -> 15352900
A8: 供电量 | B8: 千瓦时 | C8: 003 | D8: =G8+H8+I8 -> 105076944 | E8: =[1]产量!$E$15 -> 37145916 | F8: =[1]产量!$E$19 -> 41137272 | G8: =SUM(E8:F8) -> 78283188 | H8: 15642792 | I8: 11150964 | J8: =M8+N8+O8 -> 105076944 | K8: =E8 -> 37145916 | L8: =F8 -> 41137272 | M8: =SUM(K8:L8) -> 78283188 | N8: =H8 -> 15642792 | O8: =I8 -> 11150964
A9: 供热量 | B9: 吉焦 | C9: 004 | D9: =G9+H9+I9 -> 2809586.1 | E9: =[1]产量!$G$6 -> 980229.19 | F9: =[1]产量!$G$7 -> 967138.54 | G9: =SUM(E9:F9) -> 1947367.7 | H9: 570124 | I9: 292094.32 | J9: =M9+N9+O9 -> 2809586.1 | K9: =E9 -> 980229.19 | L9: =F9 -> 967138.54 | M9: =SUM(K9:L9) -> 1947367.7 | N9: =H9 -> 570124 | O9: =I9 -> 292094.32
A10: 其中：低真空、热泵供热量 | B10: 吉焦 | C10: 005 | D10: =G10+H10+I10 -> 377963 | F10: =[1]产量!$G$29 -> 264848 | G10: =SUM(E10:F10) -> 264848 | H10: 113115 | J10: =M10+N10+O10 -> 377963 | K10: =E10 -> 0 | L10: =F10 -> 264848 | M10: =SUM(K10:L10) -> 264848 | N10: =H10 -> 113115 | O10: =I10 -> 0
A11: 高温水网供热量 | B11: 吉焦 | C11: 006 | D11: =G11+H11+I11 -> 2097098.7 | E11: =[1]产量!$G$28 -> 875606.4 | F11: =[1]产量!$G$30 -> 472389 | G11: =SUM(E11:F11) -> 1347995.4 | H11: =H9-H10 -> 457009 | I11: 292094.32 | J11: =M11+N11+O11 -> 2097098.7 | K11: =E11 -> 875606.4 | L11: =F11 -> 472389 | M11: =SUM(K11:L11) -> 1347995.4 | N11: =H11 -> 457009 | O11: =I11 -> 292094.32
A12: 供汽量 | B12: 吨 | C12: 007 | D12: =G12+H12+I12 -> 113333 | E12: =[1]产量!$G$15 -> 35445 | F12: =[1]产量!$G$19 -> 77888 | G12: =SUM(E12:F12) -> 113333 | H12: 0 | I12: 0 | J12: =M12+N12+O12 -> 113333 | K12: =E12 -> 35445 | L12: =F12 -> 77888 | M12: =SUM(K12:L12) -> 113333 | N12: =H12 -> 0 | O12: =I12 -> 0
A13: 期末供暖收费面积 | B13: 平方米 | C13: 008 | H13: 6337791.7 | I13: 2993404 | N13: =H13 -> 6337791.7 | O13: =I13 -> 2993404
A14: 生产耗原煤量 | B14: 吨 | C14: 009 | D14: =D15+D16 -> 201466.19 | E14: =E15+E16 -> 68272 | F14: =F15+F16 -> 73239 | G14: =G15+G16 -> 141511 | H14: =H15+H16 -> 39301 | I14: =I15+I16 -> 20654.19 | J14: =J15+J16 -> 201466.19 | K14: =K15+K16 -> 68272 | ... O14: =O15+O16 -> 20654.19
A15: 发电耗原煤量 | B15: 吨 | C15: 010 | D15: =G15+H15+I15 -> 40206.772 | E15: 14337.393 | F15: 13051.19 | G15: =SUM(E15:F15) -> 27388.583 | H15: 7865 | I15: 4953.189 | J15: =M15+N15+O15 -> 40206.772 | K15: =E15 -> 14337.393 | L15: =F15 -> 13051.19 | M15: =SUM(K15:L15) -> 27388.583 | N15: =H15 -> 7865 | O15: =I15 -> 4953.189
A16: 供热耗原煤量 | B16: 吨 | C16: 011 | D16: =G16+H16+I16 -> 161259.42 | E16: 53934.607 | F16: 60187.81 | G16: =SUM(E16:F16) -> 114122.42 | H16: 31436 | I16: 15701.001 | J16: =M16+N16+O16 -> 161259.42 | K16: =E16 -> 53934.607 | L16: =F16 -> 60187.81 | M16: =SUM(K16:L16) -> 114122.42 | N16: =H16 -> 31436 | O16: =I16 -> 15701.001
A17: 锅炉耗油量 | B17: 吨 | C17: 012 | D17: =D18+D19 -> 108.5 | E17: =E18+E19 -> 69.3 | F17: =F18+F19 -> 25 | G17: =G18+G19 -> 94.3 | H17: =H18+H19 -> 14 | I17: =I18+I19 -> 0.2 | J17: =J18+J19 -> 108.5 | K17: =K18+K19 -> 69.3 | ... O17: =O18+O19 -> 0.2
A18: 发电耗油量 | B18: 吨 | C18: 013 | D18: =G18+H18+I18 -> 22.05624 | E18: 14.553277 | F18: 4.455 | G18: =SUM(E18:F18) -> 19.008277 | H18: 3 | I18: 0.047963043 | J18: =M18+N18+O18 -> 22.05624 | K18: =E18 -> 14.553277 | L18: =F18 -> 4.455 | M18: =SUM(K18:L18) -> 19.008277 | N18: =H18 -> 3 | O18: =I18 -> 0.047963043
A19: 供热耗油量 | B19: 吨 | C19: 014 | D19: =G19+H19+I19 -> 86.44376 | E19: 54.746723 | F19: 20.545 | G19: =SUM(E19:F19) -> 75.291723 | H19: 11 | I19: 0.15203696 | J19: =M19+N19+O19 -> 86.44376 | K19: =E19 -> 54.746723 | L19: =F19 -> 20.545 | M19: =SUM(K19:L19) -> 75.291723 | N19: =H19 -> 11 | O19: =I19 -> 0.15203696
A20: 耗水量 | B20: 吨 | C20: 015 | D20: =G20+H20+I20 -> 501831 | E20: 177610 | F20: 194774 | G20: =SUM(E20:F20) -> 372384 | H20: 94794 | I20: 34653 | J20: =M20+N20+O20 -> 501831 | K20: =E20 -> 177610 | L20: =F20 -> 194774 | M20: =SUM(K20:L20) -> 372384 | N20: =H20 -> 94794 | O20: =I20 -> 34653
A21: 其中：耗再生水量(或井水) | B21: 吨 | C21: 016 | D21: =G21+H21+I21 -> 132751 | E21: 121213 | G21: =SUM(E21:F21) -> 121213 | I21: 11538 | J21: =M21+N21+O21 -> 132751 | K21: =E21 -> 121213 | L21: =F21 -> 0 | M21: =SUM(K21:L21) -> 121213 | N21: =H21 -> 0 | O21: =I21 -> 11538
A22: 耗酸量 | B22: 吨 | C22: 017 | D22: =G22+H22+I22 -> 63.71 | E22: 6.4 | F22: 40 | G22: =SUM(E22:F22) -> 46.4 | H22: 15 | I22: 2.31 | J22: =M22+N22+O22 -> 63.71 | K22: =E22 -> 6.4 | L22: =F22 -> 40 | M22: =SUM(K22:L22) -> 46.4 | N22: =H22 -> 15 | O22: =I22 -> 2.31
A23: 耗碱量 | B23: 吨 | C23: 018 | D23: =G23+H23+I23 -> 54 | E23: 9.7 | F23: 32 | G23: =SUM(E23:F23) -> 41.7 | H23: 10 | I23: 2.3 | J23: =M23+N23+O23 -> 54 | K23: =E23 -> 9.7 | L23: =F23 -> 32 | M23: =SUM(K23:L23) -> 41.7 | N23: =H23 -> 10 | O23: =I23 -> 2.3
A24: 耗石灰石量 | B24: 吨 | C24: 019 | D24: =G24+H24+I24 -> 601.88 | G24: =SUM(E24:F24) -> 0 | I24: 601.88 | J24: =M24+N24+O24 -> 601.88 | K24: =E24 -> 0 | L24: =F24 -> 0 | M24: =SUM(K24:L24) -> 0 | N24: =H24 -> 0 | O24: =I24 -> 601.88
A25: 耗石灰石粉量 | B25: 吨 | C25: 020 | D25: =G25+H25+I25 -> 3965.38 | E25: 2045 | F25: 854 | G25: =SUM(E25:F25) -> 2899 | H25: 702 | I25: 364.38 | J25: =M25+N25+O25 -> 3965.38 | K25: =E25 -> 2045 | L25: =F25 -> 854 | M25: =SUM(K25:L25) -> 2899 | N25: =H25 -> 702 | O25: =I25 -> 364.38
A26: 耗氨水量 | B26: 吨 | C26: 021 | D26: =G26+H26+I26 -> 972.013 | E26: 377.74 | F26: 201 | G26: =SUM(E26:F26) -> 578.74 | H26: 319 | I26: 74.273 | J26: =M26+N26+O26 -> 972.013 | K26: =E26 -> 377.74 | L26: =F26 -> 201 | M26: =SUM(K26:L26) -> 578.74 | N26: =H26 -> 319 | O26: =I26 -> 74.273
A27: 耗阻垢剂量(水质稳定剂) | B27: 吨 | C27: 022 | D27: =G27+H27+I27 -> 3.125 | E27: 1.075 | F27: 1 | G27: =SUM(E27:F27) -> 2.075 | H27: 1 | I27: 0.05 | J27: =M27+N27+O27 -> 3.125 | K27: =E27 -> 1.075 | L27: =F27 -> 1 | M27: =SUM(K27:L27) -> 2.075 | N27: =H27 -> 1 | O27: =I27 -> 0.05
A28: 耗杀菌剂量 | B28: 吨 | C28: 023 | D28: =G28+H28+I28 -> 0 | E28: 0 | F28: 0 | G28: =SUM(E28:F28) -> 0 | H28: 0 | I28: 0 | J28: =M28+N28+O28 -> 0 | K28: =E28 -> 0 | L28: =F28 -> 0 | M28: =SUM(K28:L28) -> 0 | N28: =H28 -> 0 | O28: =I28 -> 0
A29: 耗钢球量 | B29: 吨 | C29: 024 | D29: =G29+H29+I29 -> 28 | E29: 28 | G29: =SUM(E29:F29) -> 28 | J29: =M29+N29+O29 -> 28 | K29: =E29 -> 28 | L29: =F29 -> 0 | M29: =SUM(K29:L29) -> 28 | N29: =H29 -> 0 | O29: =I29 -> 0
A30: 综合厂用电量 | B30: 千瓦时 | C30: 025 | D30: =G30+H30+I30 -> 51347476 | E30: =E7-E8 -> 23607684 | F30: =F7-F8 -> 16539048 | G30: =G7-G8 -> 40146732 | H30: =H7-H8 -> 6998808 | I30: =I7-I8 -> 4201936 | J30: =M30+N30+O30 -> 51347476 | K30: =E30 -> 23607684 | L30: =F30 -> 16539048 | M30: =M7-M8 -> 40146732 | N30: =H30 -> 6998808 | O30: =I30 -> 4201936
A31: 非生产厂用电量 | B31: 千瓦时 | C31: 026 | D31: =G31+H31+I31 -> 7167192.5 | E31: 6593264.5 | F31: 573928 | G31: =SUM(E31:F31) -> 7167192.5 | H31: 0 | I31: 0 | J31: =M31+N31+O31 -> 7167192.5 | K31: =E31 -> 6593264.5 | L31: =F31 -> 573928 | M31: =SUM(K31:L31) -> 7167192.5 | N31: =H31 -> 0 | O31: =I31 -> 0
A32: 生产厂用电量 | B32: 千瓦时 | C32: 027 | D32: =D33+D34 -> 44180283 | E32: =E33+E34 -> 17014419 | F32: =F33+F34 -> 15965120 | G32: =G33+G34 -> 32979539 | H32: =H33+H34 -> 6998808 | I32: =I33+I34 -> 4201936 | J32: =J33+J34 -> 44180283 | K32: =K33+K34 -> 17014419 | ... M32: =M33+M34 -> 32979539 | N32: =H32 -> 6998808 | O32: =I32 -> 4201936
A33: 其中：发电厂用电量 | B33: 千瓦时 | C33: 028 | D33: =G33+H33+I33 -> 8826323.6 | E33: 3573096 | F33: 2844984.4 | G33: =SUM(E33:F33) -> 6418080.4 | H33: 1400555 | I33: 1007688.2 | J33: =M33+N33+O33 -> 8826323.6 | K33: =E33 -> 3573096 | L33: =F33 -> 2844984.4 | M33: =SUM(K33:L33) -> 6418080.4 | N33: =H33 -> 1400555 | O33: =I33 -> 1007688.2
A34: 供热厂用电量 | B34: 千瓦时 | C34: 029 | D34: =G34+H34+I34 -> 35353959 | E34: 13441323 | F34: 13120136 | G34: =SUM(E34:F34) -> 26561458 | H34: 5598253 | I34: 3194247.8 | J34: =M34+N34+O34 -> 35353959 | K34: =E34 -> 13441323 | L34: =F34 -> 13120136 | M34: =SUM(K34:L34) -> 26561458 | N34: =H34 -> 5598253 | O34: =I34 -> 3194247.8
A35: 综合厂用电率 | B35: % | C35: 030 | D35: =D30*100/D7 -> 32.825742 | E35: =E30*100/E7 -> 38.858082 | F35: =F30*100/F7 -> 28.67563 | G35: =G30*100/G7 -> 33.899146 | H35: =H30*100/H7 -> 30.911278 | I35: =I30*100/I7 -> 27.369005 | J35: =J30*100/J7 -> 32.825742 | K35: =K30*100/K7 -> 38.858082 | ... O35: =O30*100/O7 -> 27.369005
A36: 发电厂用电率 | B36: % | C36: 031 | D36: =D33*100/D7 -> 5.6425484 | E36: =E33*100/E7 -> 5.881291 | F36: =F33*100/F7 -> 4.9326732 | G36: =G33*100/G7 -> 5.4193065 | H36: =H33*100/H7 -> 6.1857598 | I36: =I33*100/I7 -> 6.5635039 | J36: =J33*100/J7 -> 5.6425484 | K36: =K33*100/K7 -> 5.881291 | ... O36: =O33*100/O7 -> 6.5635039
A37: 供热厂用电率 | B37: 千瓦时/吉焦 | C37: 032 | D37: =D34/D9 -> 12.583334 | E37: =E34/E9 -> 13.712429 | F37: =F34/F9 -> 13.565932 | G37: =G34/G9 -> 13.639673 | H37: =H34/H9 -> 9.8193603 | I37: =I34/I9 -> 10.935672 | J37: =J34/J9 -> 12.583334 | K37: =K34/K9 -> 13.712429 | ... O37: =O34/O9 -> 10.935672
A38: 耗标煤总量 | B38: 吨 | C38: 033 | D38: =D39+D42 -> 137897.36 | E38: =E39+E42 -> 46848.881 | F38: =F39+F42 -> 47986.132 | G38: =G39+G42 -> 94835.013 | H38: =H39+H42 -> 28210 | I38: =I39+I42 -> 14852.348 | J38: =J39+J42 -> 137897.36 | K38: =K39+K42 -> 46848.881 | ... O38: =O39+O42 -> 14852.348
A39: 发电标准煤耗量 | B39: 吨 | C39: 034 | D39: =D40+D41 -> 27596.4 | E39: =E40+E41 -> 9838.4525 | F39: =F40+F41 -> 8551.1287 | G39: =G40+G41 -> 18389.581 | H39: =H40+H41 -> 5645 | I39: =I40+I41 -> 3561.819 | J39: =J40+J41 -> 27596.4 | K39: =K40+K41 -> 9838.4525 | ... O39: =O40+O41 -> 3561.819
A40: 其中：煤折标准煤量 | B40: 吨 | C40: 035 | D40: =G40+H40+I40 -> 27564.635 | E40: 9817.2469 | F40: 8544.6373 | G40: =SUM(E40:F40) -> 18361.884 | H40: 5641 | I40: 3561.7504 | J40: =M40+N40+O40 -> 27564.635 | K40: =E40 -> 9817.2469 | L40: =F40 -> 8544.6373 | M40: =SUM(K40:L40) -> 18361.884 | N40: =H40 -> 5641 | O40: =I40 -> 3561.7504
A41: 油折标准煤量 | B41: 吨 | C41: 036 | D41: =G41+H41+I41 -> 31.765479 | E41: 21.20558 | F41: 6.4913805 | G41: =SUM(E41:F41) -> 27.696961 | H41: 4 | I41: 0.068518633 | J41: =M41+N41+O41 -> 31.765479 | K41: =E41 -> 21.20558 | L41: =F41 -> 6.4913805 | M41: =SUM(K41:L41) -> 27.696961 | N41: =H41 -> 4 | O41: =I41 -> 0.068518633
A42: 供热标准煤耗量 | B42: 吨 | C42: 037 | D42: =D43+D44 -> 110300.96 | E42: =E43+E44 -> 37010.429 | F42: =F43+F44 -> 39435.003 | G42: =G43+G44 -> 76445.432 | H42: =H43+H44 -> 22565 | I42: =I43+I44 -> 11290.529 | J42: =J43+J44 -> 110300.96 | K42: =K43+K44 -> 37010.429 | ... O42: =O43+O44 -> 11290.529
A43: 其中：煤折标准煤量 | B43: 吨 | C43: 038 | D43: =G43+H43+I43 -> 110175.03 | E43: 36930.655 | F43: 39405.067 | G43: =SUM(E43:F43) -> 76335.722 | H43: 22549 | I43: 11290.311 | J43: =M43+N43+O43 -> 110175.03 | K43: =E43 -> 36930.655 | L43: =F43 -> 39405.067 | M43: =SUM(K43:L43) -> 76335.722 | N43: =H43 -> 22549 | O43: =I43 -> 11290.311
A44: 油折标准煤量 | B44: 吨 | C44: 039 | D44: =G44+H44+I44 -> 125.92711 | E44: 79.773796 | F44: 29.93612 | G44: =SUM(E44:F44) -> 109.70992 | H44: 16 | I44: 0.21719565 | J44: =M44+N44+O44 -> 125.92711 | K44: =E44 -> 79.773796 | L44: =F44 -> 29.93612 | M44: =SUM(K44:L44) -> 109.70992 | N44: =H44 -> 16 | O44: =I44 -> 0.21719565
A45: 发电标准煤耗率 | B45: 克/千瓦时 | C45: 040 | D45: =D39*1000000/D7 -> 176.42003 | E45: =E39*1000000/E7 -> 161.94024 | F45: =F39*1000000/F7 -> 148.26065 | G45: =G39*1000000/G7 -> 155.27817 | H45: =H39*1000000/H7 -> 249.31984 | I45: =I39*1000000/I7 -> 231.99649 | J45: =J39*1000000/J7 -> 176.42003 | K45: =K39*1000000/K7 -> 161.94024 | ... O45: =O39*1000000/O7 -> 231.99649
A46: 供电标准煤耗率 | B46: 克/千瓦时 | C46: 041 | D46: =D39*1000000/(D7-D33) -> 186.96989 | E46: =E39*1000000/(E7-E33) -> 172.05956 | F46: =F39*1000000/(F7-F33) -> 155.95332 | G46: =G39*1000000/(G7-G33) -> 164.17533 | H46: =H39*1000000/(H7-H33) -> 265.75905 | I46: =I39*1000000/(I7-I33) -> 248.29323 | J46: =J39*1000000/(J7-J33) -> 186.96989 | K46: =K39*1000000/(K7-K33) -> 172.05956 | ... O46: =O39*1000000/(O7-O33) -> 248.29323
A47: 供热标准煤耗率 | B47: 千克/吉焦 | C47: 042 | D47: =D42*1000/D9 -> 39.258794 | E47: =E42*1000/E9 -> 37.756913 | F47: =F42*1000/F9 -> 40.774927 | G47: =G42*1000/G9 -> 39.255776 | H47: =H42*1000/H9 -> 39.579109 | I47: =I42*1000/I9 -> 38.653708 | J47: =J42*1000/J9 -> 39.258794 | K47: =K42*1000/K9 -> 37.756913 | ... O47: =O42*1000/O9 -> 38.653708
A48: 入炉煤低位发热量 | B48: 千焦/千克 | C48: 043 | D48: =(D40+D43)*29308/D14 -> 20037.477 | E48: =(E40+E43)*29308/E14 -> 20068.073 | F48: =(F40+F43)*29308/F14 -> 19188 | G48: =(G40+G43)*29308/G14 -> 19612.592 | H48: =(H40+H43)*29308/H14 -> 21022.176 | I48: =(I40+I43)*29308/I14 -> 21074.863 | J48: =(J40+J43)*29308/J14 -> 20037.477 | K48: =(K40+K43)*29308/K14 -> 20068.073 | ... O48: =(O40+O43)*29308/O14 -> 21074.863
A49: 入厂煤低位发热量 | B49: 千焦/千克 | C49: 044 | E49: 20159.494 | F49: 19277 | H49: 20991.6 | I49: 20480 | K49: 20159.494 | L49: 19277 | M49: 0 | N49: 20991.6 | O49: 20480
A50: 发电最高负荷 | B50: 千瓦 | C50: 045 | D50: =G50+H50+I50 -> 258920 | E50: 99360 | F50: 99840 | G50: =SUM(E50:F50) -> 199200 | H50: 36720 | I50: 23000 | J50: =M50+N50+O50 -> 258920 | K50: 99360 | L50: 99840 | M50: =SUM(K50:L50) -> 199200 | N50: 36720 | O50: 23000
A51: 供热最高负荷 | B51: 吨/时 | C51: 046 | D51: =G51+H51+I51 -> 668.83333 | E51: 58.833333 | F51: 120 | G51: =SUM(E51:F51) -> 178.83333 | H51: 350 | I51: 140 | J51: =M51+N51+O51 -> 668.83333 | K51: 58.833333 | L51: 120 | M51: =SUM(K51:L51) -> 178.83333 | N51: 350 | O51: 140
A52: 发电设备利用率 | B52: % | C52: 047 | D52: =D7/10000/D6/(DAY(DATE(2026,2,0))*24) -> 0.78217216 | E52: =E7/10000/E6/(DAY(DATE(2026,2,0))*24) -> 0.81658065 | F52: =F7/10000/F6/(DAY(DATE(2026,2,0))*24) -> 0.77521935 | G52: =G7/10000/G6/(DAY(DATE(2026,2,0))*24) -> 0.7959 | H52: =H7/10000/H6/(DAY(DATE(2026,2,0))*24) -> 0.8453405 | I52: =I7/10000/I6/(DAY(DATE(2026,2,0))*24) -> 0.6291347 | J52: =J7/10000/J6/(DATEDIF(DATE(2026,1,1),DATE(2026,2,1),"D")*24) -> 0.78217216 | K52: =K7/10000/K6/(DATEDIF(DATE(2026,1,1),DATE(2026,2,1),"D")*24) -> 0.81658065 | L52: =L7/10000/L6/(DATEDIF(DATE(2026,1,1),DATE(2026,2,1),"D")*24) -> 0.77521935 | M52: =M7/10000/M6/(DATEDIF(DATE(2026,1,1),DATE(2026,2,1),"D")*24) -> 0.7959 | N52: =N7/10000/N6/(DATEDIF(DATE(2026,1,1),DATE(2026,2,1),"D")*24) -> 0.8453405 | O52: =O7/10000/O6/(DATEDIF(DATE(2026,1,1),DATE(2026,2,1),"D")*24) -> 0.6291347
A53: 供热设备利用率 | B53: % | C53: 048 | D53: =D9*1000/1986/((DAY(DATE(2026,2,0))*24)*3600) -> 0.52818694 | E53: =E9*1000/577/((DAY(DATE(2026,2,0))*24)*3600) -> 0.63427323 | F53: =F9*1000/528/((DAY(DATE(2026,2,0))*24)*3600) -> 0.6838791 | G53: =G9*1000/1442/((DAY(DATE(2026,2,0))*24)*3600) -> 0.50420515 | H53: =H9*1000/414/((DAY(DATE(2026,2,0))*24)*3600) -> 0.51415439 | I53: =I9*1000/130/((DAY(DATE(2026,2,0))*24)*3600) -> 0.83888866 | J53: =J9*1000/1986/((DATEDIF(DATE(2026,1,1),DATE(2026,2,1),"D")*24)*3600) -> 0.52818694 | K53: =K9*1000/577/((DATEDIF(DATE(2026,1,1),DATE(2026,2,1),"D")*24)*3600) -> 0.63427323 | L53: =L9*1000/528/((DATEDIF(DATE(2026,1,1),DATE(2026,2,1),"D")*24)*3600) -> 0.6838791 | M53: =M9*1000/1442/((DATEDIF(DATE(2026,1,1),DATE(2026,2,1),"D")*24)*3600) -> 0.50420515 | N53: =N9*1000/414/((DATEDIF(DATE(2026,1,1),DATE(2026,2,1),"D")*24)*3600) -> 0.51415439 | O53: =O9*1000/130/((DATEDIF(DATE(2026,1,1),DATE(2026,2,1),"D")*24)*3600) -> 0.83888866
A54: 热分摊比 | B54: % | C54: 049 | D54: =D42/D38 -> 0.79987724 | E54: =E42/E38 -> 0.789996 | F54: =F42/F38 -> 0.8218 | G54: =G42/G38 -> 0.80608869 | H54: =H42/H38 -> 0.79989365 | I54: =I42/I38 -> 0.76018478 | J54: =J42/J38 -> 0.79987724 | K54: =K42/K38 -> 0.789996 | ... O54: =O42/O38 -> 0.76018478
A55: 热电比 | B55: % | C55: 050 | D55: =D9*1000000/(D8*3600) -> 7.4273246 | E55: =E9*1000000/(E8*3600) -> 7.3301702 | F55: =F9*1000000/(F8*3600) -> 6.5305642 | G55: =G9*1000000/(G8*3600) -> 6.9099828 | H55: =H9*1000000/(H8*3600) -> 10.12401 | I55: =I9*1000000/(I8*3600) -> 7.2762598 | J55: =J9*1000000/(J8*3600) -> 7.4273246 | K55: =K9*1000000/(K8*3600) -> 7.3301702 | ... O55: =O9*1000000/(O8*3600) -> 7.2762598
A56: 全厂热效率 | B56: % | C56: 051 | D56: =(D9*1000+D8*3600/1000)/(D38*7000*4.1868) -> 0.78879372 | E56: =(E9*1000+E8*3600/1000)/(E38*7000*4.1868) -> 0.81131213 | F56: =(F9*1000+F8*3600/1000)/(F38*7000*4.1868) -> 0.79299328 | G56: =(G9*1000+G8*3600/1000)/(G38*7000*4.1868) -> 0.80204286 | H56: =(H9*1000+H8*3600/1000)/(H38*7000*4.1868) -> 0.75769564 | I56: =(I9*1000+I8*3600/1000)/(I38*7000*4.1868) -> 0.76326205 | J56: =(J9*1000+J8*3600/1000)/(J38*7000*4.1868) -> 0.78879372 | K56: =(K9*1000+K8*3600/1000)/(K38*7000*4.1868) -> 0.81131213 | ... O56: =(O9*1000+O8*3600/1000)/(O38*7000*4.1868) -> 0.76326205
A57: 入厂煤量 | B57: 吨 | C57: 052 | D57: =G57+H57+I57 -> 21905.92 | E57: 26761 | F57: 66608 | H57: 4890.18 | I57: 17015.74 | J57: =M57+N57+O57 -> 115274.92 | K57: =E57 -> 26761 | L57: =F57 -> 66608 | M57: =SUM(K57:L57) -> 93369 | N57: =H57 -> 4890.18 | O57: =I57 -> 17015.74
A58: 非生产耗煤量 | B58: 吨 | C58: 053 | D58: =SUM(G58:I58) -> 42844 | E58: 42844 | G58: =SUM(E58:F58) -> 42844 | J58: =SUM(M58:O58) -> 42844 | K58: =E58 -> 42844 | L58: =F58 -> 0 | M58: =SUM(K58:L58) -> 42844 | N58: =H58 -> 0 | O58: =I58 -> 0
A59: 期末库存煤量 | B59: 吨 | C59: 054 | D59: =SUM(G59:I59) -> 103499.61 | E59: =K59 -> 42846 | F59: =L59 -> 11815 | G59: =SUM(E59:F59) -> 54661 | H59: =N59 -> 28612.66 | I59: =O59 -> 20225.95 | J59: =M59+N59+O59 -> 103499.61 | K59: ='[13]25.12'!$K$59+E57-E14-E58 -> 42846 | L59: ='[13]25.12'!$L$59+F57-F14-F58 -> 11815 | M59: =SUM(K59:L59) -> 54661 | N59: ='[13]25.12'!$H$59+H57-H14-H58 -> 28612.66 | O59: ='[13]25.12'!$I$59+I57-I14-I58 -> 20225.95
A60: 外购电量 | B60: 千瓦时 | C60: 055 | D60: =SUM(G60:I60) -> 2855811 | E60: 0 | F60: 0 | H60: 1828619 | I60: 1027192 | J60: =M60+N60+O60 -> 2855811 | K60: =E60 -> 0 | L60: =F60 -> 0 | M60: =SUM(K60:L60) -> 0 | N60: =H60 -> 1828619 | O60: =I60 -> 1027192
A61: 其中：热网耗电量 | B61: 千瓦时 | C61: 056 | D61: =SUM(G61:I61) -> 2855811 | G61: =SUM(E61:F61) -> 0 | H61: 1828619 | I61: 1027192 | J61: =M61+N61+O61 -> 2855811 | K61: =E61 -> 0 | L61: =F61 -> 0 | M61: =SUM(K61:L61) -> 0 | N61: =H61 -> 1828619 | O61: =I61 -> 1027192
A62: 热网耗水量 | B62: 吨 | C62: 057 | D62: =SUM(G62:I62) -> 63546 | G62: =SUM(E62:F62) -> 0 | H62: 40661 | I62: 22885 | J62: =M62+N62+O62 -> 63546 | K62: =E62 -> 0 | L62: =F62 -> 0 | M62: =SUM(K62:L62) -> 0 | N62: =H62 -> 40661 | O62: =I62 -> 22885
A63: 主城区电厂低温水网补水量 | B63: 吨 | C63: 058 | D63: =SUM(G63:I63) -> 25920 | F63: 25920 | G63: =SUM(E63:F63) -> 25920 | J63: =M63+N63+O63 -> 25920 | K63: =E63 -> 0 | L63: 25920 | M63: =SUM(K63:L63) -> 25920 | N63: =H63 -> 0 | O63: =I63 -> 0
A64: 高温水网补水量 | B64: 吨 | C64: 059 | D64: =SUM(G64:I64) -> 73699 | E64: 73699 | F64: 0 | G64: =SUM(E64:F64) -> 73699 | J64: =M64+N64+O64 -> 73699 | K64: =E64 -> 73699 | L64: =F64 -> 0 | M64: =SUM(K64:L64) -> 73699 | N64: =H64 -> 0 | O64: =I64 -> 0
A65: 脱硫脱硝耗水量 | B65: 吨 | C65: 060 | D65: =SUM(G65:I65) -> 70369 | E65: 6302 | F65: 32849 | G65: =SUM(E65:F65) -> 39151 | H65: 23814 | I65: 7404 | J65: =M65+N65+O65 -> 70369 | K65: =E65 -> 6302 | L65: =F65 -> 32849 | M65: =SUM(K65:L65) -> 39151 | N65: =H65 -> 23814 | O65: =I65 -> 7404
A66: 脱硫脱硝耗电量 | B66: 千瓦时 | C66: 061 | D66: =SUM(G66:I66) -> 3730739 | E66: 1072980 | F66: 1283190 | G66: =SUM(E66:F66) -> 2356170 | H66: 754606 | I66: 619963 | J66: =M66+N66+O66 -> 3730739 | K66: =E66 -> 1072980 | L66: =F66 -> 1283190 | M66: =SUM(K66:L66) -> 2356170 | N66: =H66 -> 754606 | O66: =I66 -> 619963
A67: 发电耗水量 | B67: 吨 | C67: 062 | D67: =SUM(G67:I67) -> 58861.239 | E67: =(E20-E63-E64-E12)*(1-E54) -> 14378.134 | F67: =(F20-F63-F12)*(1-F54) -> 16210.141 | G67: =(G20-G63-G12)*(1-G54) -> 45206.736 | H67: =(H20-H62-H12)*(1-H54) -> 10832.357 | I67: =(I20-I62-I12)*(1-I54) -> 2822.1455 | J67: =M67+N67+O67 -> 44242.777 | K67: =E67 -> 14378.134 | L67: =F67 -> 16210.141 | M67: =SUM(K67:L67) -> 30588.275 | N67: =H67 -> 10832.357 | O67: =I67 -> 2822.1455
A68: 供热耗水量 | B68: 吨 | C68: 063 | D68: =SUM(G68:I68) -> 115792.5 | E68: =(E20-E63-E64-E12)*E54+E12 -> 89532.866 | F68: =(F20-F63-F12)*F54+F12 -> 152643.86 | G68: 0 | H68: =(H20-H62-H12)*H54+H12+H62 -> 83961.643 | I68: =(I20-I62-I12)*I54+I12+I62 -> 31830.855 | J68: =M68+N68+O68 -> 357969.22 | K68: =E68 -> 89532.866 | L68: =F68 -> 152643.86 | M68: =SUM(K68:L68) -> 242176.72 | N68: =H68 -> 83961.643 | O68: =I68 -> 31830.855
A69: 发电水耗率 | B69: 吨/万千瓦时 | C69: 064 | D69: =D67/(D7/10000) -> 3.7629188 | E69: =E67/(E7/10000) -> 2.3666308 | F69: =F67/(F7/10000) -> 2.8105367 | G69: =G67/(G7/10000) -> 3.8171719 | H69: =H67/(H7/10000) -> 4.7842718 | I69: =I67/(I7/10000) -> 1.838184 | J69: =J67/(J7/10000) -> 2.8283805 | K69: =K67/(K7/10000) -> 2.3666308 | ... O69: =O67/(O7/10000) -> 1.838184
A70: 供热水耗率 | B70: 吨/吉焦 | C70: 065 | D70: =D68/D9 -> 0.041213366 | E70: =E68/E9 -> 0.091338706 | F70: =F68/F9 -> 0.1578304 | G70: =G68/G9 -> 0 | H70: =H68/H9 -> 0.14726909 | I70: =I68/I9 -> 0.10897458 | J70: =J68/J9 -> 0.12740995 | K70: =K68/K9 -> 0.091338706 | ... O70: =O68/O9 -> 0.10897458
D72: 低真空补水量
D73: 首站电量
D74: 首站补水量

Sheet 26.2
A1: 大连市热电集团所属热电厂生产月报表
A2: 2026 年 2 月
A3: 指 标 名 称 | B3: 计量单位 | C3: 代码 | D3: 本 月 实 际 | J3: 本 年 累 计
D4: 合 计 | E4: 其 中 | J4: 合 计 | K4: 其 中
E5: 北海热电厂 | F5: 香海热电厂 | G5: 主城区小计 | H5: 金州热电厂 | I5: 瓦房店热电厂 | K5: 北海热电厂 | L5: 香海热电厂 | M5: 主城区小计 | N5: 金州热电厂 | O5: 瓦房店热电厂
A6: 发电机组容量 | B6: 万千瓦 | C6: 001 | D6: =G6+H6+I6 -> 26.88 | E6: 10 | F6: 10 | G6: =SUM(E6:F6) -> 20 | H6: 3.6 | I6: =3.96-0.68 -> 3.28 | J6: =M6+N6+O6 -> 26.88 | K6: 10 | L6: 10 | M6: =SUM(K6:L6) -> 20 | N6: 3.6 | O6: 3.28
A7: 发电量 | B7: 千瓦时 | C7: 002 | D7: =G7+H7+I7 -> 0 | E7: =[2]产量!$C$15 -> 0 | F7: =[2]产量!$C$19 -> 0 | G7: =SUM(E7:F7) -> 0 | J7: =M7+N7+O7 -> 156424420 | K7: =E7+'26.1'!K7 -> 60753600 | L7: =F7+'26.1'!L7 -> 57676320 | M7: =SUM(K7:L7) -> 118429920 | N7: =H7+'26.1'!N7 -> 22641600 | O7: =I7+'26.1'!O7 -> 15352900
A8: 供电量 | B8: 千瓦时 | C8: 003 | D8: =G8+H8+I8 -> 0 | E8: =[2]产量!$E$15 -> 0 | F8: =[2]产量!$E$19 -> 0 | G8: =SUM(E8:F8) -> 0 | J8: =M8+N8+O8 -> 105076944 | K8: =E8+'26.1'!K8 -> 37145916 | L8: =F8+'26.1'!L8 -> 41137272 | M8: =SUM(K8:L8) -> 78283188 | N8: =H8+'26.1'!N8 -> 15642792 | O8: =I8+'26.1'!O8 -> 11150964
A9: 供热量 | B9: 吉焦 | C9: 004 | D9: =G9+H9+I9 -> 0 | E9: =[2]产量!$G$6 -> 0 | F9: =[2]产量!$G$7 -> 0 | G9: =SUM(E9:F9) -> 0 | J9: =M9+N9+O9 -> 2809586.1 | K9: =E9+'26.1'!K9 -> 980229.19 | L9: =F9+'26.1'!L9 -> 967138.54 | M9: =SUM(K9:L9) -> 1947367.7 | N9: =H9+'26.1'!N9 -> 570124 | O9: =I9+'26.1'!O9 -> 292094.32
A10: 其中：低真空、热泵供热量 | B10: 吉焦 | C10: 005 | D10: =G10+H10+I10 -> 0 | F10: =[2]产量!$G$29 -> 0 | G10: =SUM(E10:F10) -> 0 | J10: =M10+N10+O10 -> 377963 | K10: =E10+'26.1'!K10 -> 0 | L10: =F10+'26.1'!L10 -> 264848 | M10: =SUM(K10:L10) -> 264848 | N10: =H10+'26.1'!N10 -> 113115 | O10: =I10+'26.1'!O10 -> 0
A11: 高温水网供热量 | B11: 吉焦 | C11: 006 | D11: =G11+H11+I11 -> 0 | E11: =[2]产量!$G$28 -> 0 | F11: =[2]产量!$G$30 -> 0 | G11: =SUM(E11:F11) -> 0 | H11: =H9-H10 -> 0 | I11: =I9-I10 -> 0 | J11: =M11+N11+O11 -> 2097098.7 | K11: =E11+'26.1'!K11 -> 875606.4 | L11: =F11+'26.1'!L11 -> 472389 | M11: =SUM(K11:L11) -> 1347995.4 | N11: =H11+'26.1'!N11 -> 457009 | O11: =I11+'26.1'!O11 -> 292094.32
A12: 供汽量 | B12: 吨 | C12: 007 | D12: =G12+H12+I12 -> 0 | E12: =[2]产量!$G$15 -> 0 | F12: =[2]产量!$G$19 -> 0 | G12: =SUM(E12:F12) -> 0 | H12: 0 | J12: =M12+N12+O12 -> 113333 | K12: =E12+'26.1'!K12 -> 35445 | L12: =F12+'26.1'!L12 -> 77888 | M12: =SUM(K12:L12) -> 113333 | N12: =H12+'26.1'!N12 -> 0 | O12: =I12+'26.1'!O12 -> 0
A13: 期末供暖收费面积 | B13: 平方米 | C13: 008 | N13: =H13 -> 0 | O13: =I13 -> 0
A14: 生产耗原煤量 | B14: 吨 | C14: 009 | D14: =D15+D16 -> 0 | E14: =E15+E16 -> 0 | F14: =F15+F16 -> 0 | G14: =G15+G16 -> 0 | H14: =H15+H16 -> 0 | I14: =I15+I16 -> 0 | J14: =J15+J16 -> 201466.19 | K14: =K15+K16 -> 68272 | ... O14: =O15+O16 -> 20654.19
A15: 发电耗原煤量 | B15: 吨 | C15: 010 | D15: =G15+H15+I15 -> 0 | G15: =SUM(E15:F15) -> 0 | J15: =M15+N15+O15 -> 40206.772 | K15: =E15+'26.1'!K15 -> 14337.393 | L15: =F15+'26.1'!L15 -> 13051.19 | M15: =SUM(K15:L15) -> 27388.583 | N15: =H15+'26.1'!N15 -> 7865 | O15: =I15+'26.1'!O15 -> 4953.189
A16: 供热耗原煤量 | B16: 吨 | C16: 011 | D16: =G16+H16+I16 -> 0 | G16: =SUM(E16:F16) -> 0 | J16: =M16+N16+O16 -> 161259.42 | K16: =E16+'26.1'!K16 -> 53934.607 | L16: =F16+'26.1'!L16 -> 60187.81 | M16: =SUM(K16:L16) -> 114122.42 | N16: =H16+'26.1'!N16 -> 31436 | O16: =I16+'26.1'!O16 -> 15701.001
A17: 锅炉耗油量 | B17: 吨 | C17: 012 | D17: =D18+D19 -> 0 | E17: =E18+E19 -> 0 | F17: =F18+F19 -> 0 | G17: =G18+G19 -> 0 | H17: =H18+H19 -> 0 | I17: =I18+I19 -> 0 | J17: =J18+J19 -> 108.5 | K17: =K18+K19 -> 69.3 | ... O17: =O18+O19 -> 0.2
A18: 发电耗油量 | B18: 吨 | C18: 013 | D18: =G18+H18+I18 -> 0 | G18: =SUM(E18:F18) -> 0 | J18: =M18+N18+O18 -> 22.05624 | K18: =E18+'26.1'!K18 -> 14.553277 | L18: =F18+'26.1'!L18 -> 4.455 | M18: =SUM(K18:L18) -> 19.008277 | N18: =H18+'26.1'!N18 -> 3 | O18: =I18+'26.1'!O18 -> 0.047963043
A19: 供热耗油量 | B19: 吨 | C19: 014 | D19: =G19+H19+I19 -> 0 | G19: =SUM(E19:F19) -> 0 | J19: =M19+N19+O19 -> 86.44376 | K19: =E19+'26.1'!K19 -> 54.746723 | L19: =F19+'26.1'!L19 -> 20.545 | M19: =SUM(K19:L19) -> 75.291723 | N19: =H19+'26.1'!N19 -> 11 | O19: =I19+'26.1'!O19 -> 0.15203696
A20: 耗水量 | B20: 吨 | C20: 015 | D20: =G20+H20+I20 -> 0 | G20: =SUM(E20:F20) -> 0 | J20: =M20+N20+O20 -> 501831 | K20: =E20+'26.1'!K20 -> 177610 | L20: =F20+'26.1'!L20 -> 194774 | M20: =SUM(K20:L20) -> 372384 | N20: =H20+'26.1'!N20 -> 94794 | O20: =I20+'26.1'!O20 -> 34653
A21: 其中：耗再生水量(或井水) | B21: 吨 | C21: 016 | D21: =G21+H21+I21 -> 0 | G21: =SUM(E21:F21) -> 0 | J21: =M21+N21+O21 -> 132751 | K21: =E21+'26.1'!K21 -> 121213 | L21: =F21+'26.1'!L21 -> 0 | M21: =SUM(K21:L21) -> 121213 | N21: =H21+'26.1'!N21 -> 0 | O21: =I21+'26.1'!O21 -> 11538
A22: 耗酸量 | B22: 吨 | C22: 017 | D22: =G22+H22+I22 -> 0 | G22: =SUM(E22:F22) -> 0 | J22: =M22+N22+O22 -> 63.71 | K22: =E22+'26.1'!K22 -> 6.4 | L22: =F22+'26.1'!L22 -> 40 | M22: =SUM(K22:L22) -> 46.4 | N22: =H22+'26.1'!N22 -> 15 | O22: =I22+'26.1'!O22 -> 2.31
A23: 耗碱量 | B23: 吨 | C23: 018 | D23: =G23+H23+I23 -> 0 | G23: =SUM(E23:F23) -> 0 | J23: =M23+N23+O23 -> 54 | K23: =E23+'26.1'!K23 -> 9.7 | L23: =F23+'26.1'!L23 -> 32 | M23: =SUM(K23:L23) -> 41.7 | N23: =H23+'26.1'!N23 -> 10 | O23: =I23+'26.1'!O23 -> 2.3
A24: 耗石灰石量 | B24: 吨 | C24: 019 | D24: =G24+H24+I24 -> 0 | G24: =SUM(E24:F24) -> 0 | J24: =M24+N24+O24 -> 601.88 | K24: =E24+'26.1'!K24 -> 0 | L24: =F24+'26.1'!L24 -> 0 | M24: =SUM(K24:L24) -> 0 | N24: =H24+'26.1'!N24 -> 0 | O24: =I24+'26.1'!O24 -> 601.88
A25: 耗石灰石粉量 | B25: 吨 | C25: 020 | D25: =G25+H25+I25 -> 0 | G25: =SUM(E25:F25) -> 0 | J25: =M25+N25+O25 -> 3965.38 | K25: =E25+'26.1'!K25 -> 2045 | L25: =F25+'26.1'!L25 -> 854 | M25: =SUM(K25:L25) -> 2899 | N25: =H25+'26.1'!N25 -> 702 | O25: =I25+'26.1'!O25 -> 364.38
A26: 耗氨水量 | B26: 吨 | C26: 021 | D26: =G26+H26+I26 -> 0 | G26: =SUM(E26:F26) -> 0 | J26: =M26+N26+O26 -> 972.013 | K26: =E26+'26.1'!K26 -> 377.74 | L26: =F26+'26.1'!L26 -> 201 | M26: =SUM(K26:L26) -> 578.74 | N26: =H26+'26.1'!N26 -> 319 | O26: =I26+'26.1'!O26 -> 74.273
A27: 耗阻垢剂量(水质稳定剂) | B27: 吨 | C27: 022 | D27: =G27+H27+I27 -> 0 | G27: =SUM(E27:F27) -> 0 | J27: =M27+N27+O27 -> 3.125 | K27: =E27+'26.1'!K27 -> 1.075 | L27: =F27+'26.1'!L27 -> 1 | M27: =SUM(K27:L27) -> 2.075 | N27: =H27+'26.1'!N27 -> 1 | O27: =I27+'26.1'!O27 -> 0.05
A28: 耗杀菌剂量 | B28: 吨 | C28: 023 | D28: =G28+H28+I28 -> 0 | G28: =SUM(E28:F28) -> 0 | J28: =M28+N28+O28 -> 0 | K28: =E28+'26.1'!K28 -> 0 | L28: =F28+'26.1'!L28 -> 0 | M28: =SUM(K28:L28) -> 0 | N28: =H28+'26.1'!N28 -> 0 | O28: =I28+'26.1'!O28 -> 0
A29: 耗钢球量 | B29: 吨 | C29: 024 | D29: =G29+H29+I29 -> 0 | G29: =SUM(E29:F29) -> 0 | J29: =M29+N29+O29 -> 28 | K29: =E29+'26.1'!K29 -> 28 | L29: =F29+'26.1'!L29 -> 0 | M29: =SUM(K29:L29) -> 28 | N29: =H29+'26.1'!N29 -> 0 | O29: =I29+'26.1'!O29 -> 0
A30: 综合厂用电量 | B30: 千瓦时 | C30: 025 | D30: =G30+H30+I30 -> 0 | E30: =E7-E8 -> 0 | F30: =F7-F8 -> 0 | G30: =G7-G8 -> 0 | H30: =H7-H8 -> 0 | I30: =I7-I8 -> 0 | J30: =M30+N30+O30 -> 51347476 | K30: =E30+'26.1'!K30 -> 23607684 | L30: =F30+'26.1'!L30 -> 16539048 | M30: =M7-M8 -> 40146732 | N30: =H30+'26.1'!N30 -> 6998808 | O30: =I30+'26.1'!O30 -> 4201936
A31: 非生产厂用电量 | B31: 千瓦时 | C31: 026 | D31: =G31+H31+I31 -> 0 | G31: =SUM(E31:F31) -> 0 | J31: =M31+N31+O31 -> 7167192.5 | K31: =E31+'26.1'!K31 -> 6593264.5 | L31: =F31+'26.1'!L31 -> 573928 | M31: =SUM(K31:L31) -> 7167192.5 | N31: =H31+'26.1'!N31 -> 0 | O31: =I31+'26.1'!O31 -> 0
A32: 生产厂用电量 | B32: 千瓦时 | C32: 027 | D32: =D33+D34 -> 0 | E32: =E33+E34 -> 0 | F32: =F33+F34 -> 0 | G32: =G33+G34 -> 0 | H32: =H33+H34 -> 0 | I32: =I33+I34 -> 0 | J32: =J33+J34 -> 44180283 | K32: =K33+K34 -> 17014419 | ... O32: =O33+O34 -> 4201936
A33: 其中：发电厂用电量 | B33: 千瓦时 | C33: 028 | D33: =G33+H33+I33 -> 0 | G33: =SUM(E33:F33) -> 0 | J33: =M33+N33+O33 -> 8826323.6 | K33: =E33+'26.1'!K33 -> 3573096 | L33: =F33+'26.1'!L33 -> 2844984.4 | M33: =SUM(K33:L33) -> 6418080.4 | N33: =H33+'26.1'!N33 -> 1400555 | O33: =I33+'26.1'!O33 -> 1007688.2
A34: 供热厂用电量 | B34: 千瓦时 | C34: 029 | D34: =G34+H34+I34 -> 0 | G34: =SUM(E34:F34) -> 0 | J34: =M34+N34+O34 -> 35353959 | K34: =E34+'26.1'!K34 -> 13441323 | L34: =F34+'26.1'!L34 -> 13120136 | M34: =SUM(K34:L34) -> 26561458 | N34: =H34+'26.1'!N34 -> 5598253 | O34: =I34+'26.1'!O34 -> 3194247.8
A35: 综合厂用电率 | B35: % | C35: 030 | D35: =D30*100/D7 -> #DIV/0! | E35: =E30*100/E7 -> #DIV/0! | F35: =F30*100/F7 -> #DIV/0! | G35: =G30*100/G7 -> #DIV/0! | H35: =H30*100/H7 -> #DIV/0! | I35: =I30*100/I7 -> #DIV/0! | J35: =J30*100/J7 -> 32.825742 | K35: =K30*100/K7 -> 38.858082 | ... O35: =O30*100/O7 -> 27.369005
A36: 发电厂用电率 | B36: % | C36: 031 | D36: =D33*100/D7 -> #DIV/0! | E36: =E33*100/E7 -> #DIV/0! | F36: =F33*100/F7 -> #DIV/0! | G36: =G33*100/G7 -> #DIV/0! | H36: =H33*100/H7 -> #DIV/0! | I36: =I33*100/I7 -> #DIV/0! | J36: =J33*100/J7 -> 5.6425484 | K36: =K33*100/K7 -> 5.881291 | ... O36: =O33*100/O7 -> 6.5635039
A37: 供热厂用电率 | B37: 千瓦时/吉焦 | C37: 032 | D37: =D34/D9 -> #DIV/0! | E37: =E34/E9 -> #DIV/0! | F37: =F34/F9 -> #DIV/0! | G37: =G34/G9 -> #DIV/0! | H37: =H34/H9 -> #DIV/0! | I37: =I34/I9 -> #DIV/0! | J37: =J34/J9 -> 12.583334 | K37: =K34/K9 -> 13.712429 | ... O37: =O34/O9 -> 10.935672
A38: 耗标煤总量 | B38: 吨 | C38: 033 | D38: =D39+D42 -> 0 | E38: =E39+E42 -> 0 | F38: =F39+F42 -> 0 | G38: =G39+G42 -> 0 | H38: =H39+H42 -> 0 | I38: =I39+I42 -> 0 | J38: =J39+J42 -> 137897.36 | K38: =K39+K42 -> 46848.881 | ... O38: =O39+O42 -> 14852.348
A39: 发电标准煤耗量 | B39: 吨 | C39: 034 | D39: =D40+D41 -> 0 | E39: =E40+E41 -> 0 | F39: =F40+F41 -> 0 | G39: =G40+G41 -> 0 | H39: =H40+H41 -> 0 | I39: =I40+I41 -> 0 | J39: =J40+J41 -> 27596.4 | K39: =K40+K41 -> 9838.4525 | ... O39: =O40+O41 -> 3561.819
A40: 其中：煤折标准煤量 | B40: 吨 | C40: 035 | D40: =G40+H40+I40 -> 0 | G40: =SUM(E40:F40) -> 0 | J40: =M40+N40+O40 -> 27564.635 | K40: =E40+'26.1'!K40 -> 9817.2469 | L40: =F40+'26.1'!L40 -> 8544.6373 | M40: =SUM(K40:L40) -> 18361.884 | N40: =H40+'26.1'!N40 -> 5641 | O40: =I40+'26.1'!O40 -> 3561.7504
A41: 油折标准煤量 | B41: 吨 | C41: 036 | D41: =G41+H41+I41 -> 0 | G41: =SUM(E41:F41) -> 0 | J41: =M41+N41+O41 -> 31.765479 | K41: =E41+'26.1'!K41 -> 21.20558 | L41: =F41+'26.1'!L41 -> 6.4913805 | M41: =SUM(K41:L41) -> 27.696961 | N41: =H41+'26.1'!N41 -> 4 | O41: =I41+'26.1'!O41 -> 0.068518633
A42: 供热标准煤耗量 | B42: 吨 | C42: 037 | D42: =D43+D44 -> 0 | E42: =E43+E44 -> 0 | F42: =F43+F44 -> 0 | G42: =G43+G44 -> 0 | H42: =H43+H44 -> 0 | I42: =I43+I44 -> 0 | J42: =J43+J44 -> 110300.96 | K42: =K43+K44 -> 37010.429 | ... O42: =O43+O44 -> 11290.529
A43: 其中：煤折标准煤量 | B43: 吨 | C43: 038 | D43: =G43+H43+I43 -> 0 | G43: =SUM(E43:F43) -> 0 | J43: =M43+N43+O43 -> 110175.03 | K43: =E43+'26.1'!K43 -> 36930.655 | L43: =F43+'26.1'!L43 -> 39405.067 | M43: =SUM(K43:L43) -> 76335.722 | N43: =H43+'26.1'!N43 -> 22549 | O43: =I43+'26.1'!O43 -> 11290.311
A44: 油折标准煤量 | B44: 吨 | C44: 039 | D44: =G44+H44+I44 -> 0 | G44: =SUM(E44:F44) -> 0 | J44: =M44+N44+O44 -> 125.92711 | K44: =E44+'26.1'!K44 -> 79.773796 | L44: =F44+'26.1'!L44 -> 29.93612 | M44: =SUM(K44:L44) -> 109.70992 | N44: =H44+'26.1'!N44 -> 16 | O44: =I44+'26.1'!O44 -> 0.21719565
A45: 发电标准煤耗率 | B45: 克/千瓦时 | C45: 040 | D45: =D39*1000000/D7 -> #DIV/0! | E45: =E39*1000000/E7 -> #DIV/0! | F45: =F39*1000000/F7 -> #DIV/0! | G45: =G39*1000000/G7 -> #DIV/0! | H45: =H39*1000000/H7 -> #DIV/0! | I45: =I39*1000000/I7 -> #DIV/0! | J45: =J39*1000000/J7 -> 176.42003 | K45: =K39*1000000/K7 -> 161.94024 | ... O45: =O39*1000000/O7 -> 231.99649
A46: 供电标准煤耗率 | B46: 克/千瓦时 | C46: 041 | D46: =D39*1000000/(D7-D33) -> #DIV/0! | E46: =E39*1000000/(E7-E33) -> #DIV/0! | F46: =F39*1000000/(F7-F33) -> #DIV/0! | G46: =G39*1000000/(G7-G33) -> #DIV/0! | H46: =H39*1000000/(H7-H33) -> #DIV/0! | I46: =I39*1000000/(I7-I33) -> #DIV/0! | J46: =J39*1000000/(J7-J33) -> 186.96989 | K46: =K39*1000000/(K7-K33) -> 172.05956 | ... O46: =O39*1000000/(O7-O33) -> 248.29323
A47: 供热标准煤耗率 | B47: 千克/吉焦 | C47: 042 | D47: =D42*1000/D9 -> #DIV/0! | E47: =E42*1000/E9 -> #DIV/0! | F47: =F42*1000/F9 -> #DIV/0! | G47: =G42*1000/G9 -> #DIV/0! | H47: =H42*1000/H9 -> #DIV/0! | I47: =I42*1000/I9 -> #DIV/0! | J47: =J42*1000/J9 -> 39.258794 | K47: =K42*1000/K9 -> 37.756913 | ... O47: =O42*1000/O9 -> 38.653708
A48: 入炉煤低位发热量 | B48: 千焦/千克 | C48: 043 | D48: =(D40+D43)*29308/D14 -> #DIV/0! | E48: =(E40+E43)*29308/E14 -> #DIV/0! | F48: =(F40+F43)*29308/F14 -> #DIV/0! | G48: =(G40+G43)*29308/G14 -> #DIV/0! | H48: =(H40+H43)*29308/H14 -> #DIV/0! | I48: =(I40+I43)*29308/I14 -> #DIV/0! | J48: =(J40+J43)*29308/J14 -> 20037.477 | K48: =(K40+K43)*29308/K14 -> 20068.073 | ... O48: =(O40+O43)*29308/O14 -> 21074.863
A49: 入厂煤低位发热量 | B49: 千焦/千克 | C49: 044 | K49: 20120 | L49: 18454 | M49: 0 | N49: 19711 | O49: 21171
A50: 发电最高负荷 | B50: 千瓦 | C50: 045 | D50: =G50+H50+I50 -> 0 | G50: =SUM(E50:F50) -> 0 | J50: =M50+N50+O50 -> 245380 | K50: 103680 | L50: 89280 | M50: =SUM(K50:L50) -> 192960 | N50: 37920 | O50: 14500
A51: 供热最高负荷 | B51: 吨/时 | C51: 046 | D51: =G51+H51+I51 -> 0 | G51: =SUM(E51:F51) -> 0 | J51: =M51+N51+O51 -> 657 | K51: 48 | L51: 109 | M51: =SUM(K51:L51) -> 157 | N51: 350 | O51: 150
A52: 发电设备利用率 | B52: % | C52: 047 | D52: =D7/10000/D6/(DAY(DATE(2026,3,0))*24) -> 0 | E52: =E7/10000/E6/(DAY(DATE(2026,3,0))*24) -> 0 | F52: =F7/10000/F6/(DAY(DATE(2026,3,0))*24) -> 0 | G52: =G7/10000/G6/(DAY(DATE(2026,3,0))*24) -> 0 | H52: =H7/10000/H6/(DAY(DATE(2026,3,0))*24) -> 0 | I52: =I7/10000/I6/(DAY(DATE(2026,3,0))*24) -> 0 | J52: =J7/10000/J6/(DATEDIF(DATE(2026,1,1),DATE(2026,3,1),"D")*24) -> 0.41097181 | K52: =K7/10000/K6/(DATEDIF(DATE(2026,1,1),DATE(2026,3,1),"D")*24) -> 0.42905085 | L52: =L7/10000/L6/(DATEDIF(DATE(2026,1,1),DATE(2026,3,1),"D")*24) -> 0.40731864 | M52: =M7/10000/M6/(DATEDIF(DATE(2026,1,1),DATE(2026,3,1),"D")*24) -> 0.41818475 | N52: =N7/10000/N6/(DATEDIF(DATE(2026,1,1),DATE(2026,3,1),"D")*24) -> 0.44416196 | O52: =O7/10000/O6/(DATEDIF(DATE(2026,1,1),DATE(2026,3,1),"D")*24) -> 0.3305623
A53: 供热设备利用率 | B53: % | C53: 048 | D53: =D9*1000/1986/((DAY(DATE(2026,3,0))*24)*3600) -> 0 | E53: =E9*1000/577/((DAY(DATE(2026,3,0))*24)*3600) -> 0 | F53: =F9*1000/528/((DAY(DATE(2026,3,0))*24)*3600) -> 0 | G53: =G9*1000/1442/((DAY(DATE(2026,3,0))*24)*3600) -> 0 | H53: =H9*1000/414/((DAY(DATE(2026,3,0))*24)*3600) -> 0 | I53: =I9*1000/130/((DAY(DATE(2026,3,0))*24)*3600) -> 0 | J53: =J9*1000/1986/((DATEDIF(DATE(2026,1,1),DATE(2026,3,1),"D")*24)*3600) -> 0.27752195 | K53: =K9*1000/577/((DATEDIF(DATE(2026,1,1),DATE(2026,3,1),"D")*24)*3600) -> 0.33326221 | L53: =L9*1000/528/((DATEDIF(DATE(2026,1,1),DATE(2026,3,1),"D")*24)*3600) -> 0.35932631 | M53: =M9*1000/1442/((DATEDIF(DATE(2026,1,1),DATE(2026,3,1),"D")*24)*3600) -> 0.26492135 | N53: =N9*1000/414/((DATEDIF(DATE(2026,1,1),DATE(2026,3,1),"D")*24)*3600) -> 0.27014892 | O53: =O9*1000/130/((DATEDIF(DATE(2026,1,1),DATE(2026,3,1),"D")*24)*3600) -> 0.44077201
A54: 热分摊比 | B54: % | C54: 049 | D54: =D42/D38 -> #DIV/0! | E54: =E42/E38 -> #DIV/0! | F54: =F42/F38 -> #DIV/0! | G54: =G42/G38 -> #DIV/0! | H54: =H42/H38 -> #DIV/0! | I54: =I42/I38 -> #DIV/0! | J54: =J42/J38 -> 0.79987724 | K54: =K42/K38 -> 0.789996 | ... O54: =O42/O38 -> 0.76018478
A55: 热电比 | B55: % | C55: 050 | D55: =D9*1000000/(D8*3600) -> #DIV/0! | E55: =E9*1000000/(E8*3600) -> #DIV/0! | F55: =F9*1000000/(F8*3600) -> #DIV/0! | G55: =G9*1000000/(G8*3600) -> #DIV/0! | H55: =H9*1000000/(H8*3600) -> #DIV/0! | I55: =I9*1000000/(I8*3600) -> #DIV/0! | J55: =J9*1000000/(J8*3600) -> 7.4273246 | K55: =K9*1000000/(K8*3600) -> 7.3301702 | ... O55: =O9*1000000/(O8*3600) -> 7.2762598
A56: 全厂热效率 | B56: % | C56: 051 | D56: =(D9*1000+D8*3600/1000)/(D38*7000*4.1868) -> #DIV/0! | E56: =(E9*1000+E8*3600/1000)/(E38*7000*4.1868) -> #DIV/0! | F56: =(F9*1000+F8*3600/1000)/(F38*7000*4.1868) -> #DIV/0! | G56: =(G9*1000+G8*3600/1000)/(G38*7000*4.1868) -> #DIV/0! | H56: =(H9*1000+H8*3600/1000)/(H38*7000*4.1868) -> #DIV/0! | I56: =(I9*1000+I8*3600/1000)/(I38*7000*4.1868) -> #DIV/0! | J56: =(J9*1000+J8*3600/1000)/(J38*7000*4.1868) -> 0.78879372 | K56: =(K9*1000+K8*3600/1000)/(K38*7000*4.1868) -> 0.81131213 | ... O56: =(O9*1000+O8*3600/1000)/(O38*7000*4.1868) -> 0.76326205
A57: 入厂煤量 | B57: 吨 | C57: 052 | D57: =G57+H57+I57 -> 0 | J57: =M57+N57+O57 -> 115274.92 | K57: =E57+'26.1'!K57 -> 26761 | L57: =F57+'26.1'!L57 -> 66608 | M57: =SUM(K57:L57) -> 93369 | N57: =H57+'26.1'!N57 -> 4890.18 | O57: =I57+'26.1'!O57 -> 17015.74
A58: 非生产耗煤量 | B58: 吨 | C58: 053 | D58: =SUM(G58:I58) -> 0 | G58: =SUM(E58:F58) -> 0 | J58: =SUM(M58:O58) -> 42844 | K58: =E58+'26.1'!K58 -> 42844 | L58: =F58+'26.1'!L58 -> 0 | M58: =SUM(K58:L58) -> 42844 | N58: =H58+'26.1'!N58 -> 0 | O58: =I58+'26.1'!O58 -> 0
A59: 期末库存煤量 | B59: 吨 | C59: 054 | D59: =SUM(G59:I59) -> 103499.61 | E59: =K59 -> 42846 | F59: =L59 -> 11815 | G59: =SUM(E59:F59) -> 54661 | H59: =N59 -> 28612.66 | I59: =O59 -> 20225.95 | J59: =M59+N59+O59 -> 103499.61 | K59: ='26.1'!K59+E57-E14-E58 -> 42846 | L59: ='26.1'!L59+F57-F14-F58 -> 11815 | M59: =SUM(K59:L59) -> 54661 | N59: ='26.1'!N59+H57-H14-H58 -> 28612.66 | O59: ='26.1'!O59+I57-I14-I58 -> 20225.95
A60: 外购电量 | B60: 千瓦时 | C60: 055 | D60: =SUM(G60:I60) -> 0 | J60: =M60+N60+O60 -> 2855811 | K60: =E60+'26.1'!K60 -> 0 | L60: =F60+'26.1'!L60 -> 0 | M60: =SUM(K60:L60) -> 0 | N60: =H60+'26.1'!N60 -> 1828619 | O60: =I60+'26.1'!O60 -> 1027192
A61: 其中：热网耗电量 | B61: 千瓦时 | C61: 056 | D61: =SUM(G61:I61) -> 0 | G61: =SUM(E61:F61) -> 0 | J61: =M61+N61+O61 -> 2855811 | K61: =E61+'26.1'!K61 -> 0 | L61: =F61+'26.1'!L61 -> 0 | M61: =SUM(K61:L61) -> 0 | N61: =H61+'26.1'!N61 -> 1828619 | O61: =I61+'26.1'!O61 -> 1027192
A62: 热网耗水量 | B62: 吨 | C62: 057 | D62: =SUM(G62:I62) -> 0 | G62: =SUM(E62:F62) -> 0 | J62: =M62+N62+O62 -> 63546 | K62: =E62+'26.1'!K62 -> 0 | L62: =F62+'26.1'!L62 -> 0 | M62: =SUM(K62:L62) -> 0 | N62: =H62+'26.1'!N62 -> 40661 | O62: =I62+'26.1'!O62 -> 22885
A63: 主城区电厂低温水网补水量 | B63: 吨 | C63: 058 | D63: =SUM(G63:I63) -> 0 | G63: =SUM(E63:F63) -> 0 | J63: =M63+N63+O63 -> 25920 | K63: =E63+'26.1'!K63 -> 0 | L63: =F63+'26.1'!L63 -> 25920 | M63: =SUM(K63:L63) -> 25920 | N63: =H63+'26.1'!N63 -> 0 | O63: =I63+'26.1'!O63 -> 0
A64: 高温水网补水量 | B64: 吨 | C64: 059 | D64: =SUM(G64:I64) -> 0 | G64: =SUM(E64:F64) -> 0 | J64: =M64+N64+O64 -> 73699 | K64: =E64+'26.1'!K64 -> 73699 | L64: =F64+'26.1'!L64 -> 0 | M64: =SUM(K64:L64) -> 73699 | N64: =H64+'26.1'!N64 -> 0 | O64: =I64+'26.1'!O64 -> 0
A65: 脱硫脱硝耗水量 | B65: 吨 | C65: 060 | D65: =SUM(G65:I65) -> 0 | G65: =SUM(E65:F65) -> 0 | J65: =M65+N65+O65 -> 70369 | K65: =E65+'26.1'!K65 -> 6302 | L65: =F65+'26.1'!L65 -> 32849 | M65: =SUM(K65:L65) -> 39151 | N65: =H65+'26.1'!N65 -> 23814 | O65: =I65+'26.1'!O65 -> 7404
A66: 脱硫脱硝耗电量 | B66: 千瓦时 | C66: 061 | D66: =SUM(G66:I66) -> 0 | G66: =SUM(E66:F66) -> 0 | J66: =M66+N66+O66 -> 3730739 | K66: =E66+'26.1'!K66 -> 1072980 | L66: =F66+'26.1'!L66 -> 1283190 | M66: =SUM(K66:L66) -> 2356170 | N66: =H66+'26.1'!N66 -> 754606 | O66: =I66+'26.1'!O66 -> 619963
A67: 发电耗水量 | B67: 吨 | C67: 062 | D67: =SUM(G67:I67) -> #DIV/0! | E67: =(E20-E63-E64-E12)*(1-E54) -> #DIV/0! | F67: =(F20-F63-F12)*(1-F54) -> #DIV/0! | G67: =(G20-G63-G12)*(1-G54) -> #DIV/0! | H67: =(H20-H62-H12)*(1-H54) -> #DIV/0! | I67: =(I20-I62-I12)*(1-I54) -> #DIV/0! | J67: =M67+N67+O67 -> #DIV/0! | K67: =E67+'26.1'!K67 -> #DIV/0! | L67: =F67+'26.1'!L67 -> #DIV/0! | M67: =SUM(K67:L67) -> #DIV/0! | N67: =H67+'26.1'!N67 -> #DIV/0! | O67: =I67+'26.1'!O67 -> #DIV/0!
A68: 供热耗水量 | B68: 吨 | C68: 063 | D68: =SUM(G68:I68) -> #DIV/0! | E68: =(E20-E63-E64-E12)*E54+E12 -> #DIV/0! | F68: =(F20-F63-F12)*F54+F12 -> #DIV/0! | G68: 0 | H68: =(H20-H62-H12)*H54+H12+H62 -> #DIV/0! | I68: =(I20-I62-I12)*I54+I12+I62 -> #DIV/0! | J68: =M68+N68+O68 -> #DIV/0! | K68: =E68+'26.1'!K68 -> #DIV/0! | L68: =F68+'26.1'!L68 -> #DIV/0! | M68: =SUM(K68:L68) -> #DIV/0! | N68: =H68+'26.1'!N68 -> #DIV/0! | O68: =I68+'26.1'!O68 -> #DIV/0!
A69: 发电水耗率 | B69: 吨/万千瓦时 | C69: 064 | D69: =D67/(D7/10000) -> #DIV/0! | E69: =E67/(E7/10000) -> #DIV/0! | F69: =F67/(F7/10000) -> #DIV/0! | G69: =G67/(G7/10000) -> #DIV/0! | H69: =H67/(H7/10000) -> #DIV/0! | I69: =I67/(I7/10000) -> #DIV/0! | J69: =J67/(J7/10000) -> #DIV/0! | K69: =K67/(K7/10000) -> #DIV/0! | ... O69: =O67/(O7/10000) -> #DIV/0!
A70: 供热水耗率 | B70: 吨/吉焦 | C70: 065 | D70: =D68/D9 -> #DIV/0! | E70: =E68/E9 -> #DIV/0! | F70: =F68/F9 -> #DIV/0! | G70: =G68/G9 -> #DIV/0! | H70: =H68/H9 -> #DIV/0! | I70: =I68/I9 -> #DIV/0! | J70: =J68/J9 -> #DIV/0! | K70: =K68/K9 -> #DIV/0! | ... O70: =O68/O9 -> #DIV/0!
D72: 低真空补水量
D73: 首站电量
D74: 首站补水量
H78: 34235
H79: 36462
H80: 17500

Sheet 26.3
A1: 大连市热电集团所属热电厂生产月报表
A2: 2026 年 3 月
A3: 指 标 名 称 | B3: 计量单位 | C3: 代码 | D3: 本 月 实 际 | J3: 本 年 累 计
D4: 合 计 | E4: 其 中 | J4: 合 计 | K4: 其 中
E5: 北海热电厂 | F5: 香海热电厂 | G5: 主城区小计 | H5: 金州热电厂 | I5: 瓦房店热电厂 | K5: 北海热电厂 | L5: 香海热电厂 | M5: 主城区小计 | N5: 金州热电厂 | O5: 瓦房店热电厂
A6: 发电机组容量 | B6: 万千瓦 | C6: 001 | D6: =G6+H6+I6 -> 26.88 | E6: 10 | F6: 10 | G6: =SUM(E6:F6) -> 20 | H6: 3.6 | I6: =3.96-0.68 -> 3.28 | J6: =M6+N6+O6 -> 26.88 | K6: 10 | L6: 10 | M6: =SUM(K6:L6) -> 20 | N6: 3.6 | O6: 3.28
A7: 发电量 | B7: 千瓦时 | C7: 002 | D7: =G7+H7+I7 -> 0 | E7: =[3]产量!$C$15 -> 0 | F7: =[3]产量!$C$19 -> 0 | G7: =SUM(E7:F7) -> 0 | J7: =M7+N7+O7 -> 156424420 | K7: =E7+'26.2'!K7 -> 60753600 | L7: =F7+'26.2'!L7 -> 57676320 | M7: =SUM(K7:L7) -> 118429920 | N7: =H7+'26.2'!N7 -> 22641600 | O7: =I7+'26.2'!O7 -> 15352900
A8: 供电量 | B8: 千瓦时 | C8: 003 | D8: =G8+H8+I8 -> 0 | E8: =[3]产量!$E$15 -> 0 | F8: =[3]产量!$E$19 -> 0 | G8: =SUM(E8:F8) -> 0 | J8: =M8+N8+O8 -> 105076944 | K8: =E8+'26.2'!K8 -> 37145916 | L8: =F8+'26.2'!L8 -> 41137272 | M8: =SUM(K8:L8) -> 78283188 | N8: =H8+'26.2'!N8 -> 15642792 | O8: =I8+'26.2'!O8 -> 11150964
A9: 供热量 | B9: 吉焦 | C9: 004 | D9: =G9+H9+I9 -> 0 | E9: =[3]产量!$G$6 -> 0 | F9: =[3]产量!$G$7 -> 0 | G9: =SUM(E9:F9) -> 0 | J9: =M9+N9+O9 -> 2809586.1 | K9: =E9+'26.2'!K9 -> 980229.19 | L9: =F9+'26.2'!L9 -> 967138.54 | M9: =SUM(K9:L9) -> 1947367.7 | N9: =H9+'26.2'!N9 -> 570124 | O9: =I9+'26.2'!O9 -> 292094.32
A10: 其中：低真空、热泵供热量 | B10: 吉焦 | C10: 005 | D10: =G10+H10+I10 -> 0 | F10: =[3]产量!$G$29 -> 0 | G10: =SUM(E10:F10) -> 0 | J10: =M10+N10+O10 -> 377963 | K10: =E10+'26.2'!K10 -> 0 | L10: =F10+'26.2'!L10 -> 264848 | M10: =SUM(K10:L10) -> 264848 | N10: =H10+'26.2'!N10 -> 113115 | O10: =I10+'26.2'!O10 -> 0
A11: 高温水网供热量 | B11: 吉焦 | C11: 006 | D11: =G11+H11+I11 -> 0 | E11: =[3]产量!$G$28 -> 0 | F11: =[3]产量!$G$30 -> 0 | G11: =SUM(E11:F11) -> 0 | H11: =H9-H10 -> 0 | I11: =I9-I10 -> 0 | J11: =M11+N11+O11 -> 2097098.7 | K11: =E11+'26.2'!K11 -> 875606.4 | L11: =F11+'26.2'!L11 -> 472389 | M11: =SUM(K11:L11) -> 1347995.4 | N11: =H11+'26.2'!N11 -> 457009 | O11: =I11+'26.2'!O11 -> 292094.32
A12: 供汽量 | B12: 吨 | C12: 007 | D12: =G12+H12+I12 -> 0 | E12: =[3]产量!$G$15 -> 0 | F12: =[3]产量!$G$19 -> 0 | G12: =SUM(E12:F12) -> 0 | H12: 0 | I12: 0 | J12: =M12+N12+O12 -> 113333 | K12: =E12+'26.2'!K12 -> 35445 | L12: =F12+'26.2'!L12 -> 77888 | M12: =SUM(K12:L12) -> 113333 | N12: =H12+'26.2'!N12 -> 0 | O12: =I12+'26.2'!O12 -> 0
A13: 期末供暖收费面积 | B13: 平方米 | C13: 008 | N13: =H13 -> 0 | O13: =I13 -> 0
A14: 生产耗原煤量 | B14: 吨 | C14: 009 | D14: =D15+D16 -> 0 | E14: =E15+E16 -> 0 | F14: =F15+F16 -> 0 | G14: =G15+G16 -> 0 | H14: =H15+H16 -> 0 | I14: =I15+I16 -> 0 | J14: =J15+J16 -> 201466.19 | K14: =K15+K16 -> 68272 | ... O14: =O15+O16 -> 20654.19
A15: 发电耗原煤量 | B15: 吨 | C15: 010 | D15: =G15+H15+I15 -> 0 | G15: =SUM(E15:F15) -> 0 | J15: =M15+N15+O15 -> 40206.772 | K15: =E15+'26.2'!K15 -> 14337.393 | L15: =F15+'26.2'!L15 -> 13051.19 | M15: =SUM(K15:L15) -> 27388.583 | N15: =H15+'26.2'!N15 -> 7865 | O15: =I15+'26.2'!O15 -> 4953.189
A16: 供热耗原煤量 | B16: 吨 | C16: 011 | D16: =G16+H16+I16 -> 0 | G16: =SUM(E16:F16) -> 0 | J16: =M16+N16+O16 -> 161259.42 | K16: =E16+'26.2'!K16 -> 53934.607 | L16: =F16+'26.2'!L16 -> 60187.81 | M16: =SUM(K16:L16) -> 114122.42 | N16: =H16+'26.2'!N16 -> 31436 | O16: =I16+'26.2'!O16 -> 15701.001
A17: 锅炉耗油量 | B17: 吨 | C17: 012 | D17: =D18+D19 -> 0 | E17: =E18+E19 -> 0 | F17: =F18+F19 -> 0 | G17: =G18+G19 -> 0 | H17: =H18+H19 -> 0 | I17: =I18+I19 -> 0 | J17: =J18+J19 -> 108.5 | K17: =K18+K19 -> 69.3 | ... O17: =O18+O19 -> 0.2
A18: 发电耗油量 | B18: 吨 | C18: 013 | D18: =G18+H18+I18 -> 0 | G18: =SUM(E18:F18) -> 0 | J18: =M18+N18+O18 -> 22.05624 | K18: =E18+'26.2'!K18 -> 14.553277 | L18: =F18+'26.2'!L18 -> 4.455 | M18: =SUM(K18:L18) -> 19.008277 | N18: =H18+'26.2'!N18 -> 3 | O18: =I18+'26.2'!O18 -> 0.047963043
A19: 供热耗油量 | B19: 吨 | C19: 014 | D19: =G19+H19+I19 -> 0 | G19: =SUM(E19:F19) -> 0 | J19: =M19+N19+O19 -> 86.44376 | K19: =E19+'26.2'!K19 -> 54.746723 | L19: =F19+'26.2'!L19 -> 20.545 | M19: =SUM(K19:L19) -> 75.291723 | N19: =H19+'26.2'!N19 -> 11 | O19: =I19+'26.2'!O19 -> 0.15203696
A20: 耗水量 | B20: 吨 | C20: 015 | D20: =G20+H20+I20 -> 0 | G20: =SUM(E20:F20) -> 0 | J20: =M20+N20+O20 -> 501831 | K20: =E20+'26.2'!K20 -> 177610 | L20: =F20+'26.2'!L20 -> 194774 | M20: =SUM(K20:L20) -> 372384 | N20: =H20+'26.2'!N20 -> 94794 | O20: =I20+'26.2'!O20 -> 34653
A21: 其中：耗再生水量(或井水) | B21: 吨 | C21: 016 | D21: =G21+H21+I21 -> 0 | G21: =SUM(E21:F21) -> 0 | J21: =M21+N21+O21 -> 132751 | K21: =E21+'26.2'!K21 -> 121213 | L21: =F21+'26.2'!L21 -> 0 | M21: =SUM(K21:L21) -> 121213 | N21: =H21+'26.2'!N21 -> 0 | O21: =I21+'26.2'!O21 -> 11538
A22: 耗酸量 | B22: 吨 | C22: 017 | D22: =G22+H22+I22 -> 0 | G22: =SUM(E22:F22) -> 0 | J22: =M22+N22+O22 -> 63.71 | K22: =E22+'26.2'!K22 -> 6.4 | L22: =F22+'26.2'!L22 -> 40 | M22: =SUM(K22:L22) -> 46.4 | N22: =H22+'26.2'!N22 -> 15 | O22: =I22+'26.2'!O22 -> 2.31
A23: 耗碱量 | B23: 吨 | C23: 018 | D23: =G23+H23+I23 -> 0 | G23: =SUM(E23:F23) -> 0 | J23: =M23+N23+O23 -> 54 | K23: =E23+'26.2'!K23 -> 9.7 | L23: =F23+'26.2'!L23 -> 32 | M23: =SUM(K23:L23) -> 41.7 | N23: =H23+'26.2'!N23 -> 10 | O23: =I23+'26.2'!O23 -> 2.3
A24: 耗石灰石量 | B24: 吨 | C24: 019 | D24: =G24+H24+I24 -> 0 | G24: =SUM(E24:F24) -> 0 | J24: =M24+N24+O24 -> 601.88 | K24: =E24+'26.2'!K24 -> 0 | L24: =F24+'26.2'!L24 -> 0 | M24: =SUM(K24:L24) -> 0 | N24: =H24+'26.2'!N24 -> 0 | O24: =I24+'26.2'!O24 -> 601.88
A25: 耗石灰石粉量 | B25: 吨 | C25: 020 | D25: =G25+H25+I25 -> 0 | G25: =SUM(E25:F25) -> 0 | J25: =M25+N25+O25 -> 3965.38 | K25: =E25+'26.2'!K25 -> 2045 | L25: =F25+'26.2'!L25 -> 854 | M25: =SUM(K25:L25) -> 2899 | N25: =H25+'26.2'!N25 -> 702 | O25: =I25+'26.2'!O25 -> 364.38
A26: 耗氨水量 | B26: 吨 | C26: 021 | D26: =G26+H26+I26 -> 0 | G26: =SUM(E26:F26) -> 0 | J26: =M26+N26+O26 -> 972.013 | K26: =E26+'26.2'!K26 -> 377.74 | L26: =F26+'26.2'!L26 -> 201 | M26: =SUM(K26:L26) -> 578.74 | N26: =H26+'26.2'!N26 -> 319 | O26: =I26+'26.2'!O26 -> 74.273
A27: 耗阻垢剂量(水质稳定剂) | B27: 吨 | C27: 022 | D27: =G27+H27+I27 -> 0 | G27: =SUM(E27:F27) -> 0 | J27: =M27+N27+O27 -> 3.125 | K27: =E27+'26.2'!K27 -> 1.075 | L27: =F27+'26.2'!L27 -> 1 | M27: =SUM(K27:L27) -> 2.075 | N27: =H27+'26.2'!N27 -> 1 | O27: =I27+'26.2'!O27 -> 0.05
A28: 耗杀菌剂量 | B28: 吨 | C28: 023 | D28: =G28+H28+I28 -> 0 | G28: =SUM(E28:F28) -> 0 | J28: =M28+N28+O28 -> 0 | K28: =E28+'26.2'!K28 -> 0 | L28: =F28+'26.2'!L28 -> 0 | M28: =SUM(K28:L28) -> 0 | N28: =H28+'26.2'!N28 -> 0 | O28: =I28+'26.2'!O28 -> 0
A29: 耗钢球量 | B29: 吨 | C29: 024 | D29: =G29+H29+I29 -> 0 | G29: =SUM(E29:F29) -> 0 | J29: =M29+N29+O29 -> 28 | K29: =E29+'26.2'!K29 -> 28 | L29: =F29+'26.2'!L29 -> 0 | M29: =SUM(K29:L29) -> 28 | N29: =H29+'26.2'!N29 -> 0 | O29: =I29+'26.2'!O29 -> 0
A30: 综合厂用电量 | B30: 千瓦时 | C30: 025 | D30: =G30+H30+I30 -> 0 | E30: =E7-E8 -> 0 | F30: =F7-F8 -> 0 | G30: =G7-G8 -> 0 | H30: =H7-H8 -> 0 | I30: =I7-I8 -> 0 | J30: =M30+N30+O30 -> 51347476 | K30: =E30+'26.2'!K30 -> 23607684 | L30: =F30+'26.2'!L30 -> 16539048 | M30: =M7-M8 -> 40146732 | N30: =H30+'26.2'!N30 -> 6998808 | O30: =I30+'26.2'!O30 -> 4201936
A31: 非生产厂用电量 | B31: 千瓦时 | C31: 026 | D31: =G31+H31+I31 -> 0 | G31: =SUM(E31:F31) -> 0 | H31: 0 | J31: =M31+N31+O31 -> 7167192.5 | K31: =E31+'26.2'!K31 -> 6593264.5 | L31: =F31+'26.2'!L31 -> 573928 | M31: =SUM(K31:L31) -> 7167192.5 | N31: =H31+'26.2'!N31 -> 0 | O31: =I31+'26.2'!O31 -> 0
A32: 生产厂用电量 | B32: 千瓦时 | C32: 027 | D32: =D33+D34 -> 0 | E32: =E33+E34 -> 0 | F32: =F33+F34 -> 0 | G32: =G33+G34 -> 0 | H32: =H33+H34 -> 0 | I32: =I33+I34 -> 0 | J32: =J33+J34 -> 44180283 | K32: =K33+K34 -> 17014419 | ... O32: =O33+O34 -> 4201936
A33: 其中：发电厂用电量 | B33: 千瓦时 | C33: 028 | D33: =G33+H33+I33 -> 0 | G33: =SUM(E33:F33) -> 0 | J33: =M33+N33+O33 -> 8826323.6 | K33: =E33+'26.2'!K33 -> 3573096 | L33: =F33+'26.2'!L33 -> 2844984.4 | M33: =SUM(K33:L33) -> 6418080.4 | N33: =H33+'26.2'!N33 -> 1400555 | O33: =I33+'26.2'!O33 -> 1007688.2
A34: 供热厂用电量 | B34: 千瓦时 | C34: 029 | D34: =G34+H34+I34 -> 0 | G34: =SUM(E34:F34) -> 0 | J34: =M34+N34+O34 -> 35353959 | K34: =E34+'26.2'!K34 -> 13441323 | L34: =F34+'26.2'!L34 -> 13120136 | M34: =SUM(K34:L34) -> 26561458 | N34: =H34+'26.2'!N34 -> 5598253 | O34: =I34+'26.2'!O34 -> 3194247.8
A35: 综合厂用电率 | B35: % | C35: 030 | D35: =D30*100/D7 -> #DIV/0! | E35: =E30*100/E7 -> #DIV/0! | F35: =F30*100/F7 -> #DIV/0! | G35: =G30*100/G7 -> #DIV/0! | H35: =H30*100/H7 -> #DIV/0! | I35: =I30*100/I7 -> #DIV/0! | J35: =J30*100/J7 -> 32.825742 | K35: =K30*100/K7 -> 38.858082 | ... O35: =O30*100/O7 -> 27.369005
A36: 发电厂用电率 | B36: % | C36: 031 | D36: =D33*100/D7 -> #DIV/0! | E36: =E33*100/E7 -> #DIV/0! | F36: =F33*100/F7 -> #DIV/0! | G36: =G33*100/G7 -> #DIV/0! | H36: =H33*100/H7 -> #DIV/0! | I36: =I33*100/I7 -> #DIV/0! | J36: =J33*100/J7 -> 5.6425484 | K36: =K33*100/K7 -> 5.881291 | ... O36: =O33*100/O7 -> 6.5635039
A37: 供热厂用电率 | B37: 千瓦时/吉焦 | C37: 032 | D37: =D34/D9 -> #DIV/0! | E37: =E34/E9 -> #DIV/0! | F37: =F34/F9 -> #DIV/0! | G37: =G34/G9 -> #DIV/0! | H37: =H34/H9 -> #DIV/0! | I37: =I34/I9 -> #DIV/0! | J37: =J34/J9 -> 12.583334 | K37: =K34/K9 -> 13.712429 | ... O37: =O34/O9 -> 10.935672
A38: 耗标煤总量 | B38: 吨 | C38: 033 | D38: =D39+D42 -> 0 | E38: =E39+E42 -> 0 | F38: =F39+F42 -> 0 | G38: =G39+G42 -> 0 | H38: =H39+H42 -> 0 | I38: =I39+I42 -> 0 | J38: =J39+J42 -> 137897.36 | K38: =K39+K42 -> 46848.881 | ... O38: =O39+O42 -> 14852.348
A39: 发电标准煤耗量 | B39: 吨 | C39: 034 | D39: =D40+D41 -> 0 | E39: =E40+E41 -> 0 | F39: =F40+F41 -> 0 | G39: =G40+G41 -> 0 | H39: =H40+H41 -> 0 | I39: =I40+I41 -> 0 | J39: =J40+J41 -> 27596.4 | K39: =K40+K41 -> 9838.4525 | ... O39: =O40+O41 -> 3561.819
A40: 其中：煤折标准煤量 | B40: 吨 | C40: 035 | D40: =G40+H40+I40 -> 0 | G40: =SUM(E40:F40) -> 0 | J40: =M40+N40+O40 -> 27564.635 | K40: =E40+'26.2'!K40 -> 9817.2469 | L40: =F40+'26.2'!L40 -> 8544.6373 | M40: =SUM(K40:L40) -> 18361.884 | N40: =H40+'26.2'!N40 -> 5641 | O40: =I40+'26.2'!O40 -> 3561.7504
A41: 油折标准煤量 | B41: 吨 | C41: 036 | D41: =G41+H41+I41 -> 0 | G41: =SUM(E41:F41) -> 0 | J41: =M41+N41+O41 -> 31.765479 | K41: =E41+'26.2'!K41 -> 21.20558 | L41: =F41+'26.2'!L41 -> 6.4913805 | M41: =SUM(K41:L41) -> 27.696961 | N41: =H41+'26.2'!N41 -> 4 | O41: =I41+'26.2'!O41 -> 0.068518633
A42: 供热标准煤耗量 | B42: 吨 | C42: 037 | D42: =D43+D44 -> 0 | E42: =E43+E44 -> 0 | F42: =F43+F44 -> 0 | G42: =G43+G44 -> 0 | H42: =H43+H44 -> 0 | I42: =I43+I44 -> 0 | J42: =J43+J44 -> 110300.96 | K42: =K43+K44 -> 37010.429 | ... O42: =O43+O44 -> 11290.529
A43: 其中：煤折标准煤量 | B43: 吨 | C43: 038 | D43: =G43+H43+I43 -> 0 | G43: =SUM(E43:F43) -> 0 | J43: =M43+N43+O43 -> 110175.03 | K43: =E43+'26.2'!K43 -> 36930.655 | L43: =F43+'26.2'!L43 -> 39405.067 | M43: =SUM(K43:L43) -> 76335.722 | N43: =H43+'26.2'!N43 -> 22549 | O43: =I43+'26.2'!O43 -> 11290.311
A44: 油折标准煤量 | B44: 吨 | C44: 039 | D44: =G44+H44+I44 -> 0 | G44: =SUM(E44:F44) -> 0 | J44: =M44+N44+O44 -> 125.92711 | K44: =E44+'26.2'!K44 -> 79.773796 | L44: =F44+'26.2'!L44 -> 29.93612 | M44: =SUM(K44:L44) -> 109.70992 | N44: =H44+'26.2'!N44 -> 16 | O44: =I44+'26.2'!O44 -> 0.21719565
A45: 发电标准煤耗率 | B45: 克/千瓦时 | C45: 040 | D45: =D39*1000000/D7 -> #DIV/0! | E45: =E39*1000000/E7 -> #DIV/0! | F45: =F39*1000000/F7 -> #DIV/0! | G45: =G39*1000000/G7 -> #DIV/0! | H45: =H39*1000000/H7 -> #DIV/0! | I45: =I39*1000000/I7 -> #DIV/0! | J45: =J39*1000000/J7 -> 176.42003 | K45: =K39*1000000/K7 -> 161.94024 | ... O45: =O39*1000000/O7 -> 231.99649
A46: 供电标准煤耗率 | B46: 克/千瓦时 | C46: 041 | D46: =D39*1000000/(D7-D33) -> #DIV/0! | E46: =E39*1000000/(E7-E33) -> #DIV/0! | F46: =F39*1000000/(F7-F33) -> #DIV/0! | G46: =G39*1000000/(G7-G33) -> #DIV/0! | H46: =H39*1000000/(H7-H33) -> #DIV/0! | I46: =I39*1000000/(I7-I33) -> #DIV/0! | J46: =J39*1000000/(J7-J33) -> 186.96989 | K46: =K39*1000000/(K7-K33) -> 172.05956 | ... O46: =O39*1000000/(O7-O33) -> 248.29323
A47: 供热标准煤耗率 | B47: 千克/吉焦 | C47: 042 | D47: =D42*1000/D9 -> #DIV/0! | E47: =E42*1000/E9 -> #DIV/0! | F47: =F42*1000/F9 -> #DIV/0! | G47: =G42*1000/G9 -> #DIV/0! | H47: =H42*1000/H9 -> #DIV/0! | I47: =I42*1000/I9 -> #DIV/0! | J47: =J42*1000/J9 -> 39.258794 | K47: =K42*1000/K9 -> 37.756913 | ... O47: =O42*1000/O9 -> 38.653708
A48: 入炉煤低位发热量 | B48: 千焦/千克 | C48: 043 | D48: =(D40+D43)*29308/D14 -> #DIV/0! | E48: =(E40+E43)*29308/E14 -> #DIV/0! | F48: =(F40+F43)*29308/F14 -> #DIV/0! | G48: =(G40+G43)*29308/G14 -> #DIV/0! | H48: =(H40+H43)*29308/H14 -> #DIV/0! | I48: =(I40+I43)*29308/I14 -> #DIV/0! | J48: =(J40+J43)*29308/J14 -> 20037.477 | K48: =(K40+K43)*29308/K14 -> 20068.073 | ... O48: =(O40+O43)*29308/O14 -> 21074.863
A49: 入厂煤低位发热量 | B49: 千焦/千克 | C49: 044 | K49: 20227 | L49: 18454 | M49: 0 | N49: 19867.98 | O49: 20675
A50: 发电最高负荷 | B50: 千瓦 | C50: 045 | D50: =G50+H50+I50 -> 0 | G50: =SUM(E50:F50) -> 0 | J50: =M50+N50+O50 -> 245380 | K50: 103680 | L50: 89280 | M50: =SUM(K50:L50) -> 192960 | N50: 37920 | O50: 14500
A51: 供热最高负荷 | B51: 吨/时 | C51: 046 | D51: =G51+H51+I51 -> 0 | G51: =SUM(E51:F51) -> 0 | J51: =M51+N51+O51 -> 657 | K51: 48 | L51: 109 | M51: =SUM(K51:L51) -> 157 | N51: 350 | O51: 150
A52: 发电设备利用率 | B52: % | C52: 047 | D52: =D7/10000/D6/(DAY(DATE(2026,4,0))*24) -> 0 | E52: =E7/10000/E6/(DAY(DATE(2026,4,0))*24) -> 0 | F52: =F7/10000/F6/(DAY(DATE(2026,4,0))*24) -> 0 | G52: =G7/10000/G6/(DAY(DATE(2026,4,0))*24) -> 0 | H52: =H7/10000/H6/(DAY(DATE(2026,4,0))*24) -> 0 | I52: =I7/10000/I6/(DAY(DATE(2026,4,0))*24) -> 0 | J52: =J7/10000/J6/(DATEDIF(DATE(2026,1,1),DATE(2026,4,1),"D")*24) -> 0.26941485 | K52: =K7/10000/K6/(DATEDIF(DATE(2026,1,1),DATE(2026,4,1),"D")*24) -> 0.28126667 | L52: =L7/10000/L6/(DATEDIF(DATE(2026,1,1),DATE(2026,4,1),"D")*24) -> 0.26702 | M52: =M7/10000/M6/(DATEDIF(DATE(2026,1,1),DATE(2026,4,1),"D")*24) -> 0.27414333 | N52: =N7/10000/N6/(DATEDIF(DATE(2026,1,1),DATE(2026,4,1),"D")*24) -> 0.29117284 | O52: =O7/10000/O6/(DATEDIF(DATE(2026,1,1),DATE(2026,4,1),"D")*24) -> 0.21670195
A53: 供热设备利用率 | B53: % | C53: 048 | D53: =D9*1000/1986/((DAY(DATE(2026,4,0))*24)*3600) -> 0 | E53: =E9*1000/577/((DAY(DATE(2026,4,0))*24)*3600) -> 0 | F53: =F9*1000/528/((DAY(DATE(2026,4,0))*24)*3600) -> 0 | G53: =G9*1000/1442/((DAY(DATE(2026,4,0))*24)*3600) -> 0 | H53: =H9*1000/414/((DAY(DATE(2026,4,0))*24)*3600) -> 0 | I53: =I9*1000/130/((DAY(DATE(2026,4,0))*24)*3600) -> 0 | J53: =J9*1000/1986/((DATEDIF(DATE(2026,1,1),DATE(2026,4,1),"D")*24)*3600) -> 0.18193106 | K53: =K9*1000/577/((DATEDIF(DATE(2026,1,1),DATE(2026,4,1),"D")*24)*3600) -> 0.21847189 | L53: =L9*1000/528/((DATEDIF(DATE(2026,1,1),DATE(2026,4,1),"D")*24)*3600) -> 0.23555836 | M53: =M9*1000/1442/((DATEDIF(DATE(2026,1,1),DATE(2026,4,1),"D")*24)*3600) -> 0.17367066 | N53: =N9*1000/414/((DATEDIF(DATE(2026,1,1),DATE(2026,4,1),"D")*24)*3600) -> 0.17709762 | O53: =O9*1000/130/((DATEDIF(DATE(2026,1,1),DATE(2026,4,1),"D")*24)*3600) -> 0.28895054
A54: 热分摊比 | B54: % | C54: 049 | D54: =D42/D38 -> #DIV/0! | E54: =E42/E38 -> #DIV/0! | F54: =F42/F38 -> #DIV/0! | G54: =G42/G38 -> #DIV/0! | H54: =H42/H38 -> #DIV/0! | I54: =I42/I38 -> #DIV/0! | J54: =J42/J38 -> 0.79987724 | K54: =K42/K38 -> 0.789996 | ... O54: =O42/O38 -> 0.76018478
A55: 热电比 | B55: % | C55: 050 | D55: =D9*1000000/(D8*3600) -> #DIV/0! | E55: =E9*1000000/(E8*3600) -> #DIV/0! | F55: =F9*1000000/(F8*3600) -> #DIV/0! | G55: =G9*1000000/(G8*3600) -> #DIV/0! | H55: =H9*1000000/(H8*3600) -> #DIV/0! | I55: =I9*1000000/(I8*3600) -> #DIV/0! | J55: =J9*1000000/(J8*3600) -> 7.4273246 | K55: =K9*1000000/(K8*3600) -> 7.3301702 | ... O55: =O9*1000000/(O8*3600) -> 7.2762598
A56: 全厂热效率 | B56: % | C56: 051 | D56: =(D9*1000+D8*3600/1000)/(D38*7000*4.1868) -> #DIV/0! | E56: =(E9*1000+E8*3600/1000)/(E38*7000*4.1868) -> #DIV/0! | F56: =(F9*1000+F8*3600/1000)/(F38*7000*4.1868) -> #DIV/0! | G56: =(G9*1000+G8*3600/1000)/(G38*7000*4.1868) -> #DIV/0! | H56: =(H9*1000+H8*3600/1000)/(H38*7000*4.1868) -> #DIV/0! | I56: =(I9*1000+I8*3600/1000)/(I38*7000*4.1868) -> #DIV/0! | J56: =(J9*1000+J8*3600/1000)/(J38*7000*4.1868) -> 0.78879372 | K56: =(K9*1000+K8*3600/1000)/(K38*7000*4.1868) -> 0.81131213 | ... O56: =(O9*1000+O8*3600/1000)/(O38*7000*4.1868) -> 0.76326205
A57: 入厂煤量 | B57: 吨 | C57: 052 | D57: =G57+H57+I57 -> 0 | J57: =M57+N57+O57 -> 115274.92 | K57: =E57+'26.2'!K57 -> 26761 | L57: =F57+'26.2'!L57 -> 66608 | M57: =SUM(K57:L57) -> 93369 | N57: =H57+'26.2'!N57 -> 4890.18 | O57: =I57+'26.2'!O57 -> 17015.74
A58: 非生产耗煤量 | B58: 吨 | C58: 053 | D58: =SUM(G58:I58) -> 0 | G58: =SUM(E58:F58) -> 0 | J58: =SUM(M58:O58) -> 42844 | K58: =E58+'26.2'!K58 -> 42844 | L58: =F58+'26.2'!L58 -> 0 | M58: =SUM(K58:L58) -> 42844 | N58: =H58+'26.2'!N58 -> 0 | O58: =I58+'26.2'!O58 -> 0
A59: 期末库存煤量 | B59: 吨 | C59: 054 | D59: =SUM(G59:I59) -> 103499.61 | E59: =K59 -> 42846 | F59: =L59 -> 11815 | G59: =SUM(E59:F59) -> 54661 | H59: =N59 -> 28612.66 | I59: =O59 -> 20225.95 | J59: =M59+N59+O59 -> 103499.61 | K59: ='26.2'!K59+E57-E14-E58 -> 42846 | L59: ='26.2'!L59+F57-F14-F58 -> 11815 | M59: =SUM(K59:L59) -> 54661 | N59: ='26.2'!N59+H57-H14-H58 -> 28612.66 | O59: ='26.2'!O59+I57-I14-I58 -> 20225.95
A60: 外购电量 | B60: 千瓦时 | C60: 055 | D60: =SUM(G60:I60) -> 0 | J60: =M60+N60+O60 -> 2855811 | K60: =E60+'26.2'!K60 -> 0 | L60: =F60+'26.2'!L60 -> 0 | M60: =SUM(K60:L60) -> 0 | N60: =H60+'26.2'!N60 -> 1828619 | O60: =I60+'26.2'!O60 -> 1027192
A61: 其中：热网耗电量 | B61: 千瓦时 | C61: 056 | D61: =SUM(G61:I61) -> 0 | G61: =SUM(E61:F61) -> 0 | J61: =M61+N61+O61 -> 2855811 | K61: =E61+'26.2'!K61 -> 0 | L61: =F61+'26.2'!L61 -> 0 | M61: =SUM(K61:L61) -> 0 | N61: =H61+'26.2'!N61 -> 1828619 | O61: =I61+'26.2'!O61 -> 1027192
A62: 热网耗水量 | B62: 吨 | C62: 057 | D62: =SUM(G62:I62) -> 0 | G62: =SUM(E62:F62) -> 0 | J62: =M62+N62+O62 -> 63546 | K62: =E62+'26.2'!K62 -> 0 | L62: =F62+'26.2'!L62 -> 0 | M62: =SUM(K62:L62) -> 0 | N62: =H62+'26.2'!N62 -> 40661 | O62: =I62+'26.2'!O62 -> 22885
A63: 主城区电厂低温水网补水量 | B63: 吨 | C63: 058 | D63: =SUM(G63:I63) -> 0 | G63: =SUM(E63:F63) -> 0 | J63: =M63+N63+O63 -> 25920 | K63: =E63+'26.2'!K63 -> 0 | L63: =F63+'26.2'!L63 -> 25920 | M63: =SUM(K63:L63) -> 25920 | N63: =H63+'26.2'!N63 -> 0 | O63: =I63+'26.2'!O63 -> 0
A64: 高温水网补水量 | B64: 吨 | C64: 059 | D64: =SUM(G64:I64) -> 0 | G64: =SUM(E64:F64) -> 0 | J64: =M64+N64+O64 -> 73699 | K64: =E64+'26.2'!K64 -> 73699 | L64: =F64+'26.2'!L64 -> 0 | M64: =SUM(K64:L64) -> 73699 | N64: =H64+'26.2'!N64 -> 0 | O64: =I64+'26.2'!O64 -> 0
A65: 脱硫脱硝耗水量 | B65: 吨 | C65: 060 | D65: =SUM(G65:I65) -> 0 | G65: =SUM(E65:F65) -> 0 | J65: =M65+N65+O65 -> 70369 | K65: =E65+'26.2'!K65 -> 6302 | L65: =F65+'26.2'!L65 -> 32849 | M65: =SUM(K65:L65) -> 39151 | N65: =H65+'26.2'!N65 -> 23814 | O65: =I65+'26.2'!O65 -> 7404
A66: 脱硫脱硝耗电量 | B66: 千瓦时 | C66: 061 | D66: =SUM(G66:I66) -> 0 | G66: =SUM(E66:F66) -> 0 | J66: =M66+N66+O66 -> 3730739 | K66: =E66+'26.2'!K66 -> 1072980 | L66: =F66+'26.2'!L66 -> 1283190 | M66: =SUM(K66:L66) -> 2356170 | N66: =H66+'26.2'!N66 -> 754606 | O66: =I66+'26.2'!O66 -> 619963
A67: 发电耗水量 | B67: 吨 | C67: 062 | D67: =SUM(G67:I67) -> #DIV/0! | E67: =(E20-E63-E64-E12)*(1-E54) -> #DIV/0! | F67: =(F20-F63-F12)*(1-F54) -> #DIV/0! | G67: =(G20-G63-G12)*(1-G54) -> #DIV/0! | H67: =(H20-H62-H12)*(1-H54) -> #DIV/0! | I67: =(I20-I62-I12)*(1-I54) -> #DIV/0! | J67: =M67+N67+O67 -> #DIV/0! | K67: =E67+'26.2'!K67 -> #DIV/0! | L67: =F67+'26.2'!L67 -> #DIV/0! | M67: =SUM(K67:L67) -> #DIV/0! | N67: =H67+'26.2'!N67 -> #DIV/0! | O67: =I67+'26.2'!O67 -> #DIV/0!
A68: 供热耗水量 | B68: 吨 | C68: 063 | D68: =SUM(G68:I68) -> #DIV/0! | E68: =(E20-E63-E64-E12)*E54+E12 -> #DIV/0! | F68: =(F20-F63-F12)*F54+F12 -> #DIV/0! | G68: =(G20-G63-G12)*G54+G12 -> #DIV/0! | H68: =(H20-H62-H12)*H54+H12+H62 -> #DIV/0! | I68: =(I20-I62-I12)*I54+I12+I62 -> #DIV/0! | J68: =M68+N68+O68 -> #DIV/0! | K68: =E68+'26.2'!K68 -> #DIV/0! | L68: =F68+'26.2'!L68 -> #DIV/0! | M68: =SUM(K68:L68) -> #DIV/0! | N68: =H68+'26.2'!N68 -> #DIV/0! | O68: =I68+'26.2'!O68 -> #DIV/0!
A69: 发电水耗率 | B69: 吨/万千瓦时 | C69: 064 | D69: =D67/(D7/10000) -> #DIV/0! | E69: =E67/(E7/10000) -> #DIV/0! | F69: =F67/(F7/10000) -> #DIV/0! | G69: =G67/(G7/10000) -> #DIV/0! | H69: =H67/(H7/10000) -> #DIV/0! | I69: =I67/(I7/10000) -> #DIV/0! | J69: =J67/(J7/10000) -> #DIV/0! | K69: =K67/(K7/10000) -> #DIV/0! | ... O69: =O67/(O7/10000) -> #DIV/0!
A70: 供热水耗率 | B70: 吨/吉焦 | C70: 065 | D70: =D68/D9 -> #DIV/0! | E70: =E68/E9 -> #DIV/0! | F70: =F68/F9 -> #DIV/0! | G70: =G68/G9 -> #DIV/0! | H70: =H68/H9 -> #DIV/0! | I70: =I68/I9 -> #DIV/0! | J70: =J68/J9 -> #DIV/0! | K70: =K68/K9 -> #DIV/0! | ... O70: =O68/O9 -> #DIV/0!
D72: 低真空补水量
D73: 首站电量
D74: 首站补水量

Sheet 26.4
A1: 大连市热电集团所属热电厂生产月报表
A2: 2026 年 4 月
A3: 指 标 名 称 | B3: 计量单位 | C3: 代码 | D3: 本 月 实 际 | J3: 本 年 累 计
D4: 合 计 | E4: 其 中 | J4: 合 计 | K4: 其 中
E5: 北海热电厂 | F5: 香海热电厂 | G5: 主城区小计 | H5: 金州热电厂 | I5: 瓦房店热电厂 | K5: 北海热电厂 | L5: 香海热电厂 | M5: 主城区小计 | N5: 金州热电厂 | O5: 瓦房店热电厂
A6: 发电机组容量 | B6: 万千瓦 | C6: 001 | D6: =G6+H6+I6 -> 26.88 | E6: 10 | F6: 10 | G6: =SUM(E6:F6) -> 20 | H6: 3.6 | I6: =3.96-0.68 -> 3.28 | J6: =M6+N6+O6 -> 26.88 | K6: 10 | L6: 10 | M6: =SUM(K6:L6) -> 20 | N6: 3.6 | O6: 3.28
A7: 发电量 | B7: 千瓦时 | C7: 002 | D7: =G7+H7+I7 -> 0 | E7: =[4]产量!$C$15 -> 0 | F7: =[4]产量!$C$19 -> 0 | G7: =SUM(E7:F7) -> 0 | J7: =M7+N7+O7 -> 156424420 | K7: =E7+'26.3'!K7 -> 60753600 | L7: =F7+'26.3'!L7 -> 57676320 | M7: =SUM(K7:L7) -> 118429920 | N7: =H7+'26.3'!N7 -> 22641600 | O7: =I7+'26.3'!O7 -> 15352900
A8: 供电量 | B8: 千瓦时 | C8: 003 | D8: =G8+H8+I8 -> 0 | E8: =[4]产量!$E$15 -> 0 | F8: =[4]产量!$E$19 -> 0 | G8: =SUM(E8:F8) -> 0 | J8: =M8+N8+O8 -> 105076944 | K8: =E8+'26.3'!K8 -> 37145916 | L8: =F8+'26.3'!L8 -> 41137272 | M8: =SUM(K8:L8) -> 78283188 | N8: =H8+'26.3'!N8 -> 15642792 | O8: =I8+'26.3'!O8 -> 11150964
A9: 供热量 | B9: 吉焦 | C9: 004 | D9: =G9+H9+I9 -> 0 | E9: =[4]产量!$G$6 -> 0 | F9: =[4]产量!$G$7 -> 0 | G9: =SUM(E9:F9) -> 0 | J9: =M9+N9+O9 -> 2809586.1 | K9: =E9+'26.3'!K9 -> 980229.19 | L9: =F9+'26.3'!L9 -> 967138.54 | M9: =SUM(K9:L9) -> 1947367.7 | N9: =H9+'26.3'!N9 -> 570124 | O9: =I9+'26.3'!O9 -> 292094.32
A10: 其中：低真空、热泵供热量 | B10: 吉焦 | C10: 005 | D10: =G10+H10+I10 -> 0 | F10: =[4]产量!$G$29 -> 0 | G10: =SUM(E10:F10) -> 0 | J10: =M10+N10+O10 -> 377963 | K10: =E10+'26.3'!K10 -> 0 | L10: =F10+'26.3'!L10 -> 264848 | M10: =SUM(K10:L10) -> 264848 | N10: =H10+'26.3'!N10 -> 113115 | O10: =I10+'26.3'!O10 -> 0
A11: 高温水网供热量 | B11: 吉焦 | C11: 006 | D11: =G11+H11+I11 -> 0 | E11: =[4]产量!$G$28 -> 0 | F11: =[4]产量!$G$30 -> 0 | G11: =SUM(E11:F11) -> 0 | H11: =H9-H10 -> 0 | I11: =I9-I10 -> 0 | J11: =M11+N11+O11 -> 2097098.7 | K11: =E11+'26.3'!K11 -> 875606.4 | L11: =F11+'26.3'!L11 -> 472389 | M11: =SUM(K11:L11) -> 1347995.4 | N11: =H11+'26.3'!N11 -> 457009 | O11: =I11+'26.3'!O11 -> 292094.32
A12: 供汽量 | B12: 吨 | C12: 007 | D12: =G12+H12+I12 -> 0 | E12: =[4]产量!$G$15 -> 0 | F12: =[4]产量!$G$19 -> 0 | G12: =SUM(E12:F12) -> 0 | H12: 0 | I12: 0 | J12: =M12+N12+O12 -> 113333 | K12: =E12+'26.3'!K12 -> 35445 | L12: =F12+'26.3'!L12 -> 77888 | M12: =SUM(K12:L12) -> 113333 | N12: =H12+'26.3'!N12 -> 0 | O12: =I12+'26.3'!O12 -> 0
A13: 期末供暖收费面积 | B13: 平方米 | C13: 008 | N13: =H13 -> 0 | O13: =I13 -> 0
A14: 生产耗原煤量 | B14: 吨 | C14: 009 | D14: =D15+D16 -> 0 | E14: =E15+E16 -> 0 | F14: =F15+F16 -> 0 | G14: =G15+G16 -> 0 | H14: =H15+H16 -> 0 | I14: =I15+I16 -> 0 | J14: =J15+J16 -> 201466.19 | K14: =K15+K16 -> 68272 | ... O14: =O15+O16 -> 20654.19
A15: 发电耗原煤量 | B15: 吨 | C15: 010 | D15: =G15+H15+I15 -> 0 | G15: =SUM(E15:F15) -> 0 | J15: =M15+N15+O15 -> 40206.772 | K15: =E15+'26.3'!K15 -> 14337.393 | L15: =F15+'26.3'!L15 -> 13051.19 | M15: =SUM(K15:L15) -> 27388.583 | N15: =H15+'26.3'!N15 -> 7865 | O15: =I15+'26.3'!O15 -> 4953.189
A16: 供热耗原煤量 | B16: 吨 | C16: 011 | D16: =G16+H16+I16 -> 0 | G16: =SUM(E16:F16) -> 0 | J16: =M16+N16+O16 -> 161259.42 | K16: =E16+'26.3'!K16 -> 53934.607 | L16: =F16+'26.3'!L16 -> 60187.81 | M16: =SUM(K16:L16) -> 114122.42 | N16: =H16+'26.3'!N16 -> 31436 | O16: =I16+'26.3'!O16 -> 15701.001
A17: 锅炉耗油量 | B17: 吨 | C17: 012 | D17: =D18+D19 -> 0 | E17: =E18+E19 -> 0 | F17: =F18+F19 -> 0 | G17: =G18+G19 -> 0 | H17: =H18+H19 -> 0 | I17: =I18+I19 -> 0 | J17: =J18+J19 -> 108.5 | K17: =K18+K19 -> 69.3 | ... O17: =O18+O19 -> 0.2
A18: 发电耗油量 | B18: 吨 | C18: 013 | D18: =G18+H18+I18 -> 0 | G18: =SUM(E18:F18) -> 0 | J18: =M18+N18+O18 -> 22.05624 | K18: =E18+'26.3'!K18 -> 14.553277 | L18: =F18+'26.3'!L18 -> 4.455 | M18: =SUM(K18:L18) -> 19.008277 | N18: =H18+'26.3'!N18 -> 3 | O18: =I18+'26.3'!O18 -> 0.047963043
A19: 供热耗油量 | B19: 吨 | C19: 014 | D19: =G19+H19+I19 -> 0 | G19: =SUM(E19:F19) -> 0 | J19: =M19+N19+O19 -> 86.44376 | K19: =E19+'26.3'!K19 -> 54.746723 | L19: =F19+'26.3'!L19 -> 20.545 | M19: =SUM(K19:L19) -> 75.291723 | N19: =H19+'26.3'!N19 -> 11 | O19: =I19+'26.3'!O19 -> 0.15203696
A20: 耗水量 | B20: 吨 | C20: 015 | D20: =G20+H20+I20 -> 0 | G20: =SUM(E20:F20) -> 0 | J20: =M20+N20+O20 -> 501831 | K20: =E20+'26.3'!K20 -> 177610 | L20: =F20+'26.3'!L20 -> 194774 | M20: =SUM(K20:L20) -> 372384 | N20: =H20+'26.3'!N20 -> 94794 | O20: =I20+'26.3'!O20 -> 34653
A21: 其中：耗再生水量(或井水) | B21: 吨 | C21: 016 | D21: =G21+H21+I21 -> 0 | G21: =SUM(E21:F21) -> 0 | J21: =M21+N21+O21 -> 132751 | K21: =E21+'26.3'!K21 -> 121213 | L21: =F21+'26.3'!L21 -> 0 | M21: =SUM(K21:L21) -> 121213 | N21: =H21+'26.3'!N21 -> 0 | O21: =I21+'26.3'!O21 -> 11538
A22: 耗酸量 | B22: 吨 | C22: 017 | D22: =G22+H22+I22 -> 0 | G22: =SUM(E22:F22) -> 0 | J22: =M22+N22+O22 -> 63.71 | K22: =E22+'26.3'!K22 -> 6.4 | L22: =F22+'26.3'!L22 -> 40 | M22: =SUM(K22:L22) -> 46.4 | N22: =H22+'26.3'!N22 -> 15 | O22: =I22+'26.3'!O22 -> 2.31
A23: 耗碱量 | B23: 吨 | C23: 018 | D23: =G23+H23+I23 -> 0 | G23: =SUM(E23:F23) -> 0 | J23: =M23+N23+O23 -> 54 | K23: =E23+'26.3'!K23 -> 9.7 | L23: =F23+'26.3'!L23 -> 32 | M23: =SUM(K23:L23) -> 41.7 | N23: =H23+'26.3'!N23 -> 10 | O23: =I23+'26.3'!O23 -> 2.3
A24: 耗石灰石量 | B24: 吨 | C24: 019 | D24: =G24+H24+I24 -> 0 | G24: =SUM(E24:F24) -> 0 | J24: =M24+N24+O24 -> 601.88 | K24: =E24+'26.3'!K24 -> 0 | L24: =F24+'26.3'!L24 -> 0 | M24: =SUM(K24:L24) -> 0 | N24: =H24+'26.3'!N24 -> 0 | O24: =I24+'26.3'!O24 -> 601.88
A25: 耗石灰石粉量 | B25: 吨 | C25: 020 | D25: =G25+H25+I25 -> 0 | G25: =SUM(E25:F25) -> 0 | J25: =M25+N25+O25 -> 3965.38 | K25: =E25+'26.3'!K25 -> 2045 | L25: =F25+'26.3'!L25 -> 854 | M25: =SUM(K25:L25) -> 2899 | N25: =H25+'26.3'!N25 -> 702 | O25: =I25+'26.3'!O25 -> 364.38
A26: 耗氨水量 | B26: 吨 | C26: 021 | D26: =G26+H26+I26 -> 0 | G26: =SUM(E26:F26) -> 0 | J26: =M26+N26+O26 -> 972.013 | K26: =E26+'26.3'!K26 -> 377.74 | L26: =F26+'26.3'!L26 -> 201 | M26: =SUM(K26:L26) -> 578.74 | N26: =H26+'26.3'!N26 -> 319 | O26: =I26+'26.3'!O26 -> 74.273
A27: 耗阻垢剂量(水质稳定剂) | B27: 吨 | C27: 022 | D27: =G27+H27+I27 -> 0 | G27: =SUM(E27:F27) -> 0 | J27: =M27+N27+O27 -> 3.125 | K27: =E27+'26.3'!K27 -> 1.075 | L27: =F27+'26.3'!L27 -> 1 | M27: =SUM(K27:L27) -> 2.075 | N27: =H27+'26.3'!N27 -> 1 | O27: =I27+'26.3'!O27 -> 0.05
A28: 耗杀菌剂量 | B28: 吨 | C28: 023 | D28: =G28+H28+I28 -> 0 | G28: =SUM(E28:F28) -> 0 | J28: =M28+N28+O28 -> 0 | K28: =E28+'26.3'!K28 -> 0 | L28: =F28+'26.3'!L28 -> 0 | M28: =SUM(K28:L28) -> 0 | N28: =H28+'26.3'!N28 -> 0 | O28: =I28+'26.3'!O28 -> 0
A29: 耗钢球量 | B29: 吨 | C29: 024 | D29: =G29+H29+I29 -> 0 | G29: =SUM(E29:F29) -> 0 | J29: =M29+N29+O29 -> 28 | K29: =E29+'26.3'!K29 -> 28 | L29: =F29+'26.3'!L29 -> 0 | M29: =SUM(K29:L29) -> 28 | N29: =H29+'26.3'!N29 -> 0 | O29: =I29+'26.3'!O29 -> 0
A30: 综合厂用电量 | B30: 千瓦时 | C30: 025 | D30: =G30+H30+I30 -> 0 | E30: =E7-E8 -> 0 | F30: =F7-F8 -> 0 | G30: =G7-G8 -> 0 | H30: =H7-H8 -> 0 | I30: =I7-I8 -> 0 | J30: =M30+N30+O30 -> 51347476 | K30: =E30+'26.3'!K30 -> 23607684 | L30: =F30+'26.3'!L30 -> 16539048 | M30: =M7-M8 -> 40146732 | N30: =H30+'26.3'!N30 -> 6998808 | O30: =I30+'26.3'!O30 -> 4201936
A31: 非生产厂用电量 | B31: 千瓦时 | C31: 026 | D31: =G31+H31+I31 -> 0 | G31: =SUM(E31:F31) -> 0 | J31: =M31+N31+O31 -> 7167192.5 | K31: =E31+'26.3'!K31 -> 6593264.5 | L31: =F31+'26.3'!L31 -> 573928 | M31: =SUM(K31:L31) -> 7167192.5 | N31: =H31+'26.3'!N31 -> 0 | O31: =I31+'26.3'!O31 -> 0
A32: 生产厂用电量 | B32: 千瓦时 | C32: 027 | D32: =D33+D34 -> 0 | E32: =E33+E34 -> 0 | F32: =F33+F34 -> 0 | G32: =G33+G34 -> 0 | H32: =H33+H34 -> 0 | I32: =I33+I34 -> 0 | J32: =J33+J34 -> 44180283 | K32: =K33+K34 -> 17014419 | ... O32: =O33+O34 -> 4201936
A33: 其中：发电厂用电量 | B33: 千瓦时 | C33: 028 | D33: =G33+H33+I33 -> 0 | G33: =SUM(E33:F33) -> 0 | J33: =M33+N33+O33 -> 8826323.6 | K33: =E33+'26.3'!K33 -> 3573096 | L33: =F33+'26.3'!L33 -> 2844984.4 | M33: =SUM(K33:L33) -> 6418080.4 | N33: =H33+'26.3'!N33 -> 1400555 | O33: =I33+'26.3'!O33 -> 1007688.2
A34: 供热厂用电量 | B34: 千瓦时 | C34: 029 | D34: =G34+H34+I34 -> 0 | G34: =SUM(E34:F34) -> 0 | J34: =M34+N34+O34 -> 35353959 | K34: =E34+'26.3'!K34 -> 13441323 | L34: =F34+'26.3'!L34 -> 13120136 | M34: =SUM(K34:L34) -> 26561458 | N34: =H34+'26.3'!N34 -> 5598253 | O34: =I34+'26.3'!O34 -> 3194247.8
A35: 综合厂用电率 | B35: % | C35: 030 | D35: =D30*100/D7 -> #DIV/0! | E35: =E30*100/E7 -> #DIV/0! | F35: =F30*100/F7 -> #DIV/0! | G35: =G30*100/G7 -> #DIV/0! | H35: =H30*100/H7 -> #DIV/0! | I35: =I30*100/I7 -> #DIV/0! | J35: =J30*100/J7 -> 32.825742 | K35: =K30*100/K7 -> 38.858082 | ... O35: =O30*100/O7 -> 27.369005
A36: 发电厂用电率 | B36: % | C36: 031 | D36: =D33*100/D7 -> #DIV/0! | E36: =E33*100/E7 -> #DIV/0! | F36: =F33*100/F7 -> #DIV/0! | G36: =G33*100/G7 -> #DIV/0! | H36: =H33*100/H7 -> #DIV/0! | I36: =I33*100/I7 -> #DIV/0! | J36: =J33*100/J7 -> 5.6425484 | K36: =K33*100/K7 -> 5.881291 | ... O36: =O33*100/O7 -> 6.5635039
A37: 供热厂用电率 | B37: 千瓦时/吉焦 | C37: 032 | D37: =D34/D9 -> #DIV/0! | E37: =E34/E9 -> #DIV/0! | F37: =F34/F9 -> #DIV/0! | G37: =G34/G9 -> #DIV/0! | H37: =H34/H9 -> #DIV/0! | I37: =I34/I9 -> #DIV/0! | J37: =J34/J9 -> 12.583334 | K37: =K34/K9 -> 13.712429 | ... O37: =O34/O9 -> 10.935672
A38: 耗标煤总量 | B38: 吨 | C38: 033 | D38: =D39+D42 -> 0 | E38: =E39+E42 -> 0 | F38: =F39+F42 -> 0 | G38: =G39+G42 -> 0 | H38: =H39+H42 -> 0 | I38: =I39+I42 -> 0 | J38: =J39+J42 -> 137897.36 | K38: =K39+K42 -> 46848.881 | ... O38: =O39+O42 -> 14852.348
A39: 发电标准煤耗量 | B39: 吨 | C39: 034 | D39: =D40+D41 -> 0 | E39: =E40+E41 -> 0 | F39: =F40+F41 -> 0 | G39: =G40+G41 -> 0 | H39: =H40+H41 -> 0 | I39: =I40+I41 -> 0 | J39: =J40+J41 -> 27596.4 | K39: =K40+K41 -> 9838.4525 | ... O39: =O40+O41 -> 3561.819
A40: 其中：煤折标准煤量 | B40: 吨 | C40: 035 | D40: =G40+H40+I40 -> 0 | G40: =SUM(E40:F40) -> 0 | J40: =M40+N40+O40 -> 27564.635 | K40: =E40+'26.3'!K40 -> 9817.2469 | L40: =F40+'26.3'!L40 -> 8544.6373 | M40: =SUM(K40:L40) -> 18361.884 | N40: =H40+'26.3'!N40 -> 5641 | O40: =I40+'26.3'!O40 -> 3561.7504
A41: 油折标准煤量 | B41: 吨 | C41: 036 | D41: =G41+H41+I41 -> 0 | G41: =SUM(E41:F41) -> 0 | J41: =M41+N41+O41 -> 31.765479 | K41: =E41+'26.3'!K41 -> 21.20558 | L41: =F41+'26.3'!L41 -> 6.4913805 | M41: =SUM(K41:L41) -> 27.696961 | N41: =H41+'26.3'!N41 -> 4 | O41: =I41+'26.3'!O41 -> 0.068518633
A42: 供热标准煤耗量 | B42: 吨 | C42: 037 | D42: =D43+D44 -> 0 | E42: =E43+E44 -> 0 | F42: =F43+F44 -> 0 | G42: =G43+G44 -> 0 | H42: =H43+H44 -> 0 | I42: =I43+I44 -> 0 | J42: =J43+J44 -> 110300.96 | K42: =K43+K44 -> 37010.429 | ... O42: =O43+O44 -> 11290.529
A43: 其中：煤折标准煤量 | B43: 吨 | C43: 038 | D43: =G43+H43+I43 -> 0 | G43: =SUM(E43:F43) -> 0 | J43: =M43+N43+O43 -> 110175.03 | K43: =E43+'26.3'!K43 -> 36930.655 | L43: =F43+'26.3'!L43 -> 39405.067 | M43: =SUM(K43:L43) -> 76335.722 | N43: =H43+'26.3'!N43 -> 22549 | O43: =I43+'26.3'!O43 -> 11290.311
A44: 油折标准煤量 | B44: 吨 | C44: 039 | D44: =G44+H44+I44 -> 0 | G44: =SUM(E44:F44) -> 0 | J44: =M44+N44+O44 -> 125.92711 | K44: =E44+'26.3'!K44 -> 79.773796 | L44: =F44+'26.3'!L44 -> 29.93612 | M44: =SUM(K44:L44) -> 109.70992 | N44: =H44+'26.3'!N44 -> 16 | O44: =I44+'26.3'!O44 -> 0.21719565
A45: 发电标准煤耗率 | B45: 克/千瓦时 | C45: 040 | D45: =D39*1000000/D7 -> #DIV/0! | E45: =E39*1000000/E7 -> #DIV/0! | F45: =F39*1000000/F7 -> #DIV/0! | G45: =G39*1000000/G7 -> #DIV/0! | H45: =H39*1000000/H7 -> #DIV/0! | I45: =I39*1000000/I7 -> #DIV/0! | J45: =J39*1000000/J7 -> 176.42003 | K45: =K39*1000000/K7 -> 161.94024 | ... O45: =O39*1000000/O7 -> 231.99649
A46: 供电标准煤耗率 | B46: 克/千瓦时 | C46: 041 | D46: =D39*1000000/(D7-D33) -> #DIV/0! | E46: =E39*1000000/(E7-E33) -> #DIV/0! | F46: =F39*1000000/(F7-F33) -> #DIV/0! | G46: =G39*1000000/(G7-G33) -> #DIV/0! | H46: =H39*1000000/(H7-H33) -> #DIV/0! | I46: =I39*1000000/(I7-I33) -> #DIV/0! | J46: =J39*1000000/(J7-J33) -> 186.96989 | K46: =K39*1000000/(K7-K33) -> 172.05956 | ... O46: =O39*1000000/(O7-O33) -> 248.29323
A47: 供热标准煤耗率 | B47: 千克/吉焦 | C47: 042 | D47: =D42*1000/D9 -> #DIV/0! | E47: =E42*1000/E9 -> #DIV/0! | F47: =F42*1000/F9 -> #DIV/0! | G47: =G42*1000/G9 -> #DIV/0! | H47: =H42*1000/H9 -> #DIV/0! | I47: =I42*1000/I9 -> #DIV/0! | J47: =J42*1000/J9 -> 39.258794 | K47: =K42*1000/K9 -> 37.756913 | ... O47: =O42*1000/O9 -> 38.653708
A48: 入炉煤低位发热量 | B48: 千焦/千克 | C48: 043 | D48: =(D40+D43)*29308/D14 -> #DIV/0! | E48: =(E40+E43)*29308/E14 -> #DIV/0! | F48: =(F40+F43)*29308/F14 -> #DIV/0! | G48: =(G40+G43)*29308/G14 -> #DIV/0! | H48: =(H40+H43)*29308/H14 -> #DIV/0! | I48: =(I40+I43)*29308/I14 -> #DIV/0! | J48: =(J40+J43)*29308/J14 -> 20037.477 | K48: =(K40+K43)*29308/K14 -> 20068.073 | ... O48: =(O40+O43)*29308/O14 -> 21074.863
A49: 入厂煤低位发热量 | B49: 千焦/千克 | C49: 044 | K49: 20235.425 | L49: 19728.953 | M49: 0 | N49: 19766.17 | O49: 20675
A50: 发电最高负荷 | B50: 千瓦 | C50: 045 | D50: =G50+H50+I50 -> 0 | G50: =SUM(E50:F50) -> 0 | J50: =M50+N50+O50 -> 245380 | K50: 103680 | L50: 89280 | M50: =SUM(K50:L50) -> 192960 | N50: 37920 | O50: 14500
A51: 供热最高负荷 | B51: 吨/时 | C51: 046 | D51: =G51+H51+I51 -> 0 | G51: =SUM(E51:F51) -> 0 | J51: =M51+N51+O51 -> 657 | K51: 48 | L51: 109 | M51: =SUM(K51:L51) -> 157 | N51: 350 | O51: 150
A52: 发电设备利用率 | B52: % | C52: 047 | D52: =D7/10000/D6/(5*24) -> 0 | E52: =E7/10000/E6/(5*24) -> 0 | F52: =F7/10000/F6/(5*24) -> 0 | G52: =G7/10000/G6/(5*24) -> 0 | H52: =H7/10000/H6/(5*24) -> 0 | I52: =I7/10000/I6/(5*24) -> 0 | J52: =J7/10000/J6/(DATEDIF(DATE(2026,1,1),DATE(2026,5,1),"D")*24) -> 0.20206114 | K52: =K7/10000/K6/(DATEDIF(DATE(2026,1,1),DATE(2026,5,1),"D")*24) -> 0.21095 | L52: =L7/10000/L6/(DATEDIF(DATE(2026,1,1),DATE(2026,5,1),"D")*24) -> 0.200265 | M52: =M7/10000/M6/(DATEDIF(DATE(2026,1,1),DATE(2026,5,1),"D")*24) -> 0.2056075 | N52: =N7/10000/N6/(DATEDIF(DATE(2026,1,1),DATE(2026,5,1),"D")*24) -> 0.21837963 | O52: =O7/10000/O6/(DATEDIF(DATE(2026,1,1),DATE(2026,5,1),"D")*24) -> 0.16252647
A53: 供热设备利用率 | B53: % | C53: 048 | D53: =D9*1000/1986/((5*24)*3600) -> 0 | E53: =E9*1000/577/((5*24)*3600) -> 0 | F53: =F9*1000/528/((5*24)*3600) -> 0 | G53: =G9*1000/1442/((5*24)*3600) -> 0 | H53: =H9*1000/414/((5*24)*3600) -> 0 | I53: =I9*1000/130/((5*24)*3600) -> 0 | J53: =J9*1000/1986/((DATEDIF(DATE(2026,1,1),DATE(2026,5,1),"D")*24)*3600) -> 0.13644829 | K53: =K9*1000/577/((DATEDIF(DATE(2026,1,1),DATE(2026,5,1),"D")*24)*3600) -> 0.16385392 | L53: =L9*1000/528/((DATEDIF(DATE(2026,1,1),DATE(2026,5,1),"D")*24)*3600) -> 0.17666877 | M53: =M9*1000/1442/((DATEDIF(DATE(2026,1,1),DATE(2026,5,1),"D")*24)*3600) -> 0.130253 | N53: =N9*1000/414/((DATEDIF(DATE(2026,1,1),DATE(2026,5,1),"D")*24)*3600) -> 0.13282322 | O53: =O9*1000/130/((DATEDIF(DATE(2026,1,1),DATE(2026,5,1),"D")*24)*3600) -> 0.2167129
A54: 热分摊比 | B54: % | C54: 049 | D54: =D42/D38 -> #DIV/0! | E54: =E42/E38 -> #DIV/0! | F54: =F42/F38 -> #DIV/0! | G54: =G42/G38 -> #DIV/0! | H54: =H42/H38 -> #DIV/0! | I54: =I42/I38 -> #DIV/0! | J54: =J42/J38 -> 0.79987724 | K54: =K42/K38 -> 0.789996 | ... O54: =O42/O38 -> 0.76018478
A55: 热电比 | B55: % | C55: 050 | D55: =D9*1000000/(D8*3600) -> #DIV/0! | E55: =E9*1000000/(E8*3600) -> #DIV/0! | F55: =F9*1000000/(F8*3600) -> #DIV/0! | G55: =G9*1000000/(G8*3600) -> #DIV/0! | H55: =H9*1000000/(H8*3600) -> #DIV/0! | I55: =I9*1000000/(I8*3600) -> #DIV/0! | J55: =J9*1000000/(J8*3600) -> 7.4273246 | K55: =K9*1000000/(K8*3600) -> 7.3301702 | ... O55: =O9*1000000/(O8*3600) -> 7.2762598
A56: 全厂热效率 | B56: % | C56: 051 | D56: =(D9*1000+D8*3600/1000)/(D38*7000*4.1868) -> #DIV/0! | E56: =(E9*1000+E8*3600/1000)/(E38*7000*4.1868) -> #DIV/0! | F56: =(F9*1000+F8*3600/1000)/(F38*7000*4.1868) -> #DIV/0! | G56: =(G9*1000+G8*3600/1000)/(G38*7000*4.1868) -> #DIV/0! | H56: =(H9*1000+H8*3600/1000)/(H38*7000*4.1868) -> #DIV/0! | I56: =(I9*1000+I8*3600/1000)/(I38*7000*4.1868) -> #DIV/0! | J56: =(J9*1000+J8*3600/1000)/(J38*7000*4.1868) -> 0.78879372 | K56: =(K9*1000+K8*3600/1000)/(K38*7000*4.1868) -> 0.81131213 | ... O56: =(O9*1000+O8*3600/1000)/(O38*7000*4.1868) -> 0.76326205
A57: 入厂煤量 | B57: 吨 | C57: 052 | D57: =G57+H57+I57 -> 0 | J57: =M57+N57+O57 -> 115274.92 | K57: =E57+'26.3'!K57 -> 26761 | L57: =F57+'26.3'!L57 -> 66608 | M57: =SUM(K57:L57) -> 93369 | N57: =H57+'26.3'!N57 -> 4890.18 | O57: =I57+'26.3'!O57 -> 17015.74
A58: 非生产耗煤量 | B58: 吨 | C58: 053 | D58: =SUM(G58:I58) -> 0 | G58: =SUM(E58:F58) -> 0 | J58: =SUM(M58:O58) -> 42844 | K58: =E58+'26.3'!K58 -> 42844 | L58: =F58+'26.3'!L58 -> 0 | M58: =SUM(K58:L58) -> 42844 | N58: =H58+'26.3'!N58 -> 0 | O58: =I58+'26.3'!O58 -> 0
A59: 期末库存煤量 | B59: 吨 | C59: 054 | D59: =SUM(G59:I59) -> 103499.61 | E59: =K59 -> 42846 | F59: =L59 -> 11815 | G59: =SUM(E59:F59) -> 54661 | H59: =N59 -> 28612.66 | I59: =O59 -> 20225.95 | J59: =M59+N59+O59 -> 103499.61 | K59: ='26.3'!K59+E57-E14-E58 -> 42846 | L59: ='26.3'!L59+F57-F14-F58 -> 11815 | M59: =SUM(K59:L59) -> 54661 | N59: ='26.3'!N59+H57-H14-H58 -> 28612.66 | O59: ='26.3'!O59+I57-I14-I58 -> 20225.95
A60: 外购电量 | B60: 千瓦时 | C60: 055 | D60: =SUM(G60:I60) -> 0 | J60: =M60+N60+O60 -> 2855811 | K60: =E60+'26.3'!K60 -> 0 | L60: =F60+'26.3'!L60 -> 0 | M60: =SUM(K60:L60) -> 0 | N60: =H60+'26.3'!N60 -> 1828619 | O60: =I60+'26.3'!O60 -> 1027192
A61: 其中：热网耗电量 | B61: 千瓦时 | C61: 056 | D61: =SUM(G61:I61) -> 0 | G61: =SUM(E61:F61) -> 0 | J61: =M61+N61+O61 -> 2855811 | K61: =E61+'26.3'!K61 -> 0 | L61: =F61+'26.3'!L61 -> 0 | M61: =SUM(K61:L61) -> 0 | N61: =H61+'26.3'!N61 -> 1828619 | O61: =I61+'26.3'!O61 -> 1027192
A62: 热网耗水量 | B62: 吨 | C62: 057 | D62: =SUM(G62:I62) -> 0 | G62: =SUM(E62:F62) -> 0 | J62: =M62+N62+O62 -> 63546 | K62: =E62+'26.3'!K62 -> 0 | L62: =F62+'26.3'!L62 -> 0 | M62: =SUM(K62:L62) -> 0 | N62: =H62+'26.3'!N62 -> 40661 | O62: =I62+'26.3'!O62 -> 22885
A63: 主城区电厂低温水网补水量 | B63: 吨 | C63: 058 | D63: =SUM(G63:I63) -> 0 | G63: =SUM(E63:F63) -> 0 | J63: =M63+N63+O63 -> 25920 | K63: =E63+'26.3'!K63 -> 0 | L63: =F63+'26.3'!L63 -> 25920 | M63: =SUM(K63:L63) -> 25920 | N63: =H63+'26.3'!N63 -> 0 | O63: =I63+'26.3'!O63 -> 0
A64: 高温水网补水量 | B64: 吨 | C64: 059 | D64: =SUM(G64:I64) -> 0 | G64: =SUM(E64:F64) -> 0 | J64: =M64+N64+O64 -> 73699 | K64: =E64+'26.3'!K64 -> 73699 | L64: =F64+'26.3'!L64 -> 0 | M64: =SUM(K64:L64) -> 73699 | N64: =H64+'26.3'!N64 -> 0 | O64: =I64+'26.3'!O64 -> 0
A65: 脱硫脱硝耗水量 | B65: 吨 | C65: 060 | D65: =SUM(G65:I65) -> 0 | G65: =SUM(E65:F65) -> 0 | J65: =M65+N65+O65 -> 70369 | K65: =E65+'26.3'!K65 -> 6302 | L65: =F65+'26.3'!L65 -> 32849 | M65: =SUM(K65:L65) -> 39151 | N65: =H65+'26.3'!N65 -> 23814 | O65: =I65+'26.3'!O65 -> 7404
A66: 脱硫脱硝耗电量 | B66: 千瓦时 | C66: 061 | D66: =SUM(G66:I66) -> 0 | G66: =SUM(E66:F66) -> 0 | J66: =M66+N66+O66 -> 3730739 | K66: =E66+'26.3'!K66 -> 1072980 | L66: =F66+'26.3'!L66 -> 1283190 | M66: =SUM(K66:L66) -> 2356170 | N66: =H66+'26.3'!N66 -> 754606 | O66: =I66+'26.3'!O66 -> 619963
A67: 发电耗水量 | B67: 吨 | C67: 062 | D67: =SUM(G67:I67) -> #DIV/0! | E67: =(E20-E63-E64-E12)*(1-E54) -> #DIV/0! | F67: =(F20-F63-F12)*(1-F54) -> #DIV/0! | G67: =(G20-G63-G12)*(1-G54) -> #DIV/0! | H67: =(H20-H62-H12)*(1-H54) -> #DIV/0! | I67: =(I20-I62-I12)*(1-I54) -> #DIV/0! | J67: =M67+N67+O67 -> #DIV/0! | K67: =E67+'26.3'!K67 -> #DIV/0! | L67: =F67+'26.3'!L67 -> #DIV/0! | M67: =SUM(K67:L67) -> #DIV/0! | N67: =H67+'26.3'!N67 -> #DIV/0! | O67: =I67+'26.3'!O67 -> #DIV/0!
A68: 供热耗水量 | B68: 吨 | C68: 063 | D68: =SUM(G68:I68) -> #DIV/0! | E68: =(E20-E63-E64-E12)*E54+E12 -> #DIV/0! | F68: =(F20-F63-F12)*F54+F12 -> #DIV/0! | G68: =(G20-G63-G12)*G54+G12 -> #DIV/0! | H68: =(H20-H62-H12)*H54+H12+H62 -> #DIV/0! | I68: =(I20-I62-I12)*I54+I12+I62 -> #DIV/0! | J68: =M68+N68+O68 -> #DIV/0! | K68: =E68+'26.3'!K68 -> #DIV/0! | L68: =F68+'26.3'!L68 -> #DIV/0! | M68: =SUM(K68:L68) -> #DIV/0! | N68: =H68+'26.3'!N68 -> #DIV/0! | O68: =I68+'26.3'!O68 -> #DIV/0!
A69: 发电水耗率 | B69: 吨/万千瓦时 | C69: 064 | D69: =D67/(D7/10000) -> #DIV/0! | E69: =E67/(E7/10000) -> #DIV/0! | F69: =F67/(F7/10000) -> #DIV/0! | G69: =G67/(G7/10000) -> #DIV/0! | H69: =H67/(H7/10000) -> #DIV/0! | I69: =I67/(I7/10000) -> #DIV/0! | J69: =J67/(J7/10000) -> #DIV/0! | K69: =K67/(K7/10000) -> #DIV/0! | ... O69: =O67/(O7/10000) -> #DIV/0!
A70: 供热水耗率 | B70: 吨/吉焦 | C70: 065 | D70: =D68/D9 -> #DIV/0! | E70: =E68/E9 -> #DIV/0! | F70: =F68/F9 -> #DIV/0! | G70: =G68/G9 -> #DIV/0! | H70: =H68/H9 -> #DIV/0! | I70: =I68/I9 -> #DIV/0! | J70: =J68/J9 -> #DIV/0! | K70: =K68/K9 -> #DIV/0! | ... O70: =O68/O9 -> #DIV/0!
D72: 低真空补水量
D73: 首站电量 | F73: 37296 | L73: 1827232
D74: 首站补水量

Sheet 26.5
A1: 大连市热电集团所属热电厂生产月报表
A2: 2026 年 5 月
A3: 指 标 名 称 | B3: 计量单位 | C3: 代码 | D3: 本 月 实 际 | J3: 本 年 累 计
D4: 合 计 | E4: 其 中 | J4: 合 计 | K4: 其 中
E5: 北海热电厂 | F5: 香海热电厂 | G5: 主城区小计 | H5: 金州热电厂 | I5: 瓦房店热电厂 | K5: 北海热电厂 | L5: 香海热电厂 | M5: 主城区小计 | N5: 金州热电厂 | O5: 瓦房店热电厂
A6: 发电机组容量 | B6: 万千瓦 | C6: 001 | D6: =G6+H6+I6 -> 26.88 | E6: 10 | F6: 10 | G6: =SUM(E6:F6) -> 20 | H6: 3.6 | I6: =3.96-0.68 -> 3.28 | J6: =M6+N6+O6 -> 26.88 | K6: 10 | L6: 10 | M6: =SUM(K6:L6) -> 20 | N6: 3.6 | O6: 3.28
A7: 发电量 | B7: 千瓦时 | C7: 002 | D7: =G7+H7+I7 -> 0 | E7: =[5]产量!$C$15 -> 0 | F7: =[5]产量!$C$19 -> 0 | G7: =SUM(E7:F7) -> 0 | J7: =M7+N7+O7 -> 156424420 | K7: =E7+'26.4'!K7 -> 60753600 | L7: =F7+'26.4'!L7 -> 57676320 | M7: =SUM(K7:L7) -> 118429920 | N7: =H7+'26.4'!N7 -> 22641600 | O7: =I7+'26.4'!O7 -> 15352900
A8: 供电量 | B8: 千瓦时 | C8: 003 | D8: =G8+H8+I8 -> 0 | E8: =[5]产量!$E$15 -> 0 | F8: =[5]产量!$E$19 -> 0 | G8: =SUM(E8:F8) -> 0 | J8: =M8+N8+O8 -> 105076944 | K8: =E8+'26.4'!K8 -> 37145916 | L8: =F8+'26.4'!L8 -> 41137272 | M8: =SUM(K8:L8) -> 78283188 | N8: =H8+'26.4'!N8 -> 15642792 | O8: =I8+'26.4'!O8 -> 11150964
A9: 供热量 | B9: 吉焦 | C9: 004 | D9: =G9+H9+I9 -> 0 | E9: =[5]产量!$G$6 -> 0 | F9: =[5]产量!$G$7 -> 0 | G9: =SUM(E9:F9) -> 0 | J9: =M9+N9+O9 -> 2809586.1 | K9: =E9+'26.4'!K9 -> 980229.19 | L9: =F9+'26.4'!L9 -> 967138.54 | M9: =SUM(K9:L9) -> 1947367.7 | N9: =H9+'26.4'!N9 -> 570124 | O9: =I9+'26.4'!O9 -> 292094.32
A10: 其中：低真空、热泵供热量 | B10: 吉焦 | C10: 005 | D10: =G10+H10+I10 -> 0 | F10: =[5]产量!$G$29 -> 0 | G10: =SUM(E10:F10) -> 0 | J10: =M10+N10+O10 -> 377963 | K10: =E10+'26.4'!K10 -> 0 | L10: =F10+'26.4'!L10 -> 264848 | M10: =SUM(K10:L10) -> 264848 | N10: =H10+'26.4'!N10 -> 113115 | O10: =I10+'26.4'!O10 -> 0
A11: 高温水网供热量 | B11: 吉焦 | C11: 006 | D11: =G11+H11+I11 -> 0 | E11: =[5]产量!$G$28 -> 0 | F11: =[5]产量!$G$30 -> 0 | G11: =SUM(E11:F11) -> 0 | H11: =H9-H10 -> 0 | I11: =I9-I10 -> 0 | J11: =M11+N11+O11 -> 2097098.7 | K11: =E11+'26.4'!K11 -> 875606.4 | L11: =F11+'26.4'!L11 -> 472389 | M11: =SUM(K11:L11) -> 1347995.4 | N11: =H11+'26.4'!N11 -> 457009 | O11: =I11+'26.4'!O11 -> 292094.32
A12: 供汽量 | B12: 吨 | C12: 007 | D12: =G12+H12+I12 -> 0 | E12: =[5]产量!$G$15 -> 0 | F12: =[5]产量!$G$19 -> 0 | G12: =SUM(E12:F12) -> 0 | H12: 0 | I12: 0 | J12: =M12+N12+O12 -> 113333 | K12: =E12+'26.4'!K12 -> 35445 | L12: =F12+'26.4'!L12 -> 77888 | M12: =SUM(K12:L12) -> 113333 | N12: =H12+'26.4'!N12 -> 0 | O12: =I12+'26.4'!O12 -> 0
A13: 期末供暖收费面积 | B13: 平方米 | C13: 008 | N13: =H13 -> 0 | O13: =I13 -> 0
A14: 生产耗原煤量 | B14: 吨 | C14: 009 | D14: =D15+D16 -> 0 | E14: =E15+E16 -> 0 | F14: =F15+F16 -> 0 | G14: =G15+G16 -> 0 | H14: =H15+H16 -> 0 | I14: =I15+I16 -> 0 | J14: =J15+J16 -> 201466.19 | K14: =K15+K16 -> 68272 | ... O14: =O15+O16 -> 20654.19
A15: 发电耗原煤量 | B15: 吨 | C15: 010 | D15: =G15+H15+I15 -> 0 | G15: =SUM(E15:F15) -> 0 | J15: =M15+N15+O15 -> 40206.772 | K15: =E15+'26.4'!K15 -> 14337.393 | L15: =F15+'26.4'!L15 -> 13051.19 | M15: =SUM(K15:L15) -> 27388.583 | N15: =H15+'26.4'!N15 -> 7865 | O15: =I15+'26.4'!O15 -> 4953.189
A16: 供热耗原煤量 | B16: 吨 | C16: 011 | D16: =G16+H16+I16 -> 0 | G16: =SUM(E16:F16) -> 0 | J16: =M16+N16+O16 -> 161259.42 | K16: =E16+'26.4'!K16 -> 53934.607 | L16: =F16+'26.4'!L16 -> 60187.81 | M16: =SUM(K16:L16) -> 114122.42 | N16: =H16+'26.4'!N16 -> 31436 | O16: =I16+'26.4'!O16 -> 15701.001
A17: 锅炉耗油量 | B17: 吨 | C17: 012 | D17: =D18+D19 -> 0 | E17: =E18+E19 -> 0 | F17: =F18+F19 -> 0 | G17: =G18+G19 -> 0 | H17: =H18+H19 -> 0 | I17: =I18+I19 -> 0 | J17: =J18+J19 -> 108.5 | K17: =K18+K19 -> 69.3 | ... O17: =O18+O19 -> 0.2
A18: 发电耗油量 | B18: 吨 | C18: 013 | D18: =G18+H18+I18 -> 0 | G18: =SUM(E18:F18) -> 0 | J18: =M18+N18+O18 -> 22.05624 | K18: =E18+'26.4'!K18 -> 14.553277 | L18: =F18+'26.4'!L18 -> 4.455 | M18: =SUM(K18:L18) -> 19.008277 | N18: =H18+'26.4'!N18 -> 3 | O18: =I18+'26.4'!O18 -> 0.047963043
A19: 供热耗油量 | B19: 吨 | C19: 014 | D19: =G19+H19+I19 -> 0 | G19: =SUM(E19:F19) -> 0 | J19: =M19+N19+O19 -> 86.44376 | K19: =E19+'26.4'!K19 -> 54.746723 | L19: =F19+'26.4'!L19 -> 20.545 | M19: =SUM(K19:L19) -> 75.291723 | N19: =H19+'26.4'!N19 -> 11 | O19: =I19+'26.4'!O19 -> 0.15203696
A20: 耗水量 | B20: 吨 | C20: 015 | D20: =G20+H20+I20 -> 0 | G20: =SUM(E20:F20) -> 0 | J20: =M20+N20+O20 -> 501831 | K20: =E20+'26.4'!K20 -> 177610 | L20: =F20+'26.4'!L20 -> 194774 | M20: =SUM(K20:L20) -> 372384 | N20: =H20+'26.4'!N20 -> 94794 | O20: =I20+'26.4'!O20 -> 34653
A21: 其中：耗再生水量(或井水) | B21: 吨 | C21: 016 | D21: =G21+H21+I21 -> 0 | G21: =SUM(E21:F21) -> 0 | J21: =M21+N21+O21 -> 132751 | K21: =E21+'26.4'!K21 -> 121213 | L21: =F21+'26.4'!L21 -> 0 | M21: =SUM(K21:L21) -> 121213 | N21: =H21+'26.4'!N21 -> 0 | O21: =I21+'26.4'!O21 -> 11538
A22: 耗酸量 | B22: 吨 | C22: 017 | D22: =G22+H22+I22 -> 0 | G22: =SUM(E22:F22) -> 0 | J22: =M22+N22+O22 -> 63.71 | K22: =E22+'26.4'!K22 -> 6.4 | L22: =F22+'26.4'!L22 -> 40 | M22: =SUM(K22:L22) -> 46.4 | N22: =H22+'26.4'!N22 -> 15 | O22: =I22+'26.4'!O22 -> 2.31
A23: 耗碱量 | B23: 吨 | C23: 018 | D23: =G23+H23+I23 -> 0 | G23: =SUM(E23:F23) -> 0 | J23: =M23+N23+O23 -> 54 | K23: =E23+'26.4'!K23 -> 9.7 | L23: =F23+'26.4'!L23 -> 32 | M23: =SUM(K23:L23) -> 41.7 | N23: =H23+'26.4'!N23 -> 10 | O23: =I23+'26.4'!O23 -> 2.3
A24: 耗石灰石量 | B24: 吨 | C24: 019 | D24: =G24+H24+I24 -> 0 | G24: =SUM(E24:F24) -> 0 | J24: =M24+N24+O24 -> 601.88 | K24: =E24+'26.4'!K24 -> 0 | L24: =F24+'26.4'!L24 -> 0 | M24: =SUM(K24:L24) -> 0 | N24: =H24+'26.4'!N24 -> 0 | O24: =I24+'26.4'!O24 -> 601.88
A25: 耗石灰石粉量 | B25: 吨 | C25: 020 | D25: =G25+H25+I25 -> 0 | G25: =SUM(E25:F25) -> 0 | J25: =M25+N25+O25 -> 3965.38 | K25: =E25+'26.4'!K25 -> 2045 | L25: =F25+'26.4'!L25 -> 854 | M25: =SUM(K25:L25) -> 2899 | N25: =H25+'26.4'!N25 -> 702 | O25: =I25+'26.4'!O25 -> 364.38
A26: 耗氨水量 | B26: 吨 | C26: 021 | D26: =G26+H26+I26 -> 0 | G26: =SUM(E26:F26) -> 0 | J26: =M26+N26+O26 -> 972.013 | K26: =E26+'26.4'!K26 -> 377.74 | L26: =F26+'26.4'!L26 -> 201 | M26: =SUM(K26:L26) -> 578.74 | N26: =H26+'26.4'!N26 -> 319 | O26: =I26+'26.4'!O26 -> 74.273
A27: 耗阻垢剂量(水质稳定剂) | B27: 吨 | C27: 022 | D27: =G27+H27+I27 -> 0 | G27: =SUM(E27:F27) -> 0 | J27: =M27+N27+O27 -> 3.125 | K27: =E27+'26.4'!K27 -> 1.075 | L27: =F27+'26.4'!L27 -> 1 | M27: =SUM(K27:L27) -> 2.075 | N27: =H27+'26.4'!N27 -> 1 | O27: =I27+'26.4'!O27 -> 0.05
A28: 耗杀菌剂量 | B28: 吨 | C28: 023 | D28: =G28+H28+I28 -> 0 | G28: =SUM(E28:F28) -> 0 | J28: =M28+N28+O28 -> 0 | K28: =E28+'26.4'!K28 -> 0 | L28: =F28+'26.4'!L28 -> 0 | M28: =SUM(K28:L28) -> 0 | N28: =H28+'26.4'!N28 -> 0 | O28: =I28+'26.4'!O28 -> 0
A29: 耗钢球量 | B29: 吨 | C29: 024 | D29: =G29+H29+I29 -> 0 | G29: =SUM(E29:F29) -> 0 | J29: =M29+N29+O29 -> 28 | K29: =E29+'26.4'!K29 -> 28 | L29: =F29+'26.4'!L29 -> 0 | M29: =SUM(K29:L29) -> 28 | N29: =H29+'26.4'!N29 -> 0 | O29: =I29+'26.4'!O29 -> 0
A30: 综合厂用电量 | B30: 千瓦时 | C30: 025 | D30: =G30+H30+I30 -> 0 | E30: =E7-E8 -> 0 | F30: =F7-F8 -> 0 | G30: =G7-G8 -> 0 | H30: =H7-H8 -> 0 | I30: =I7-I8 -> 0 | J30: =M30+N30+O30 -> 51347476 | K30: =E30+'26.4'!K30 -> 23607684 | L30: =F30+'26.4'!L30 -> 16539048 | M30: =M7-M8 -> 40146732 | N30: =H30+'26.4'!N30 -> 6998808 | O30: =I30+'26.4'!O30 -> 4201936
A31: 非生产厂用电量 | B31: 千瓦时 | C31: 026 | D31: =G31+H31+I31 -> 0 | G31: =SUM(E31:F31) -> 0 | J31: =M31+N31+O31 -> 7167192.5 | K31: =E31+'26.4'!K31 -> 6593264.5 | L31: =F31+'26.4'!L31 -> 573928 | M31: =SUM(K31:L31) -> 7167192.5 | N31: =H31+'26.4'!N31 -> 0 | O31: =I31+'26.4'!O31 -> 0
A32: 生产厂用电量 | B32: 千瓦时 | C32: 027 | D32: =D33+D34 -> 0 | E32: =E33+E34 -> 0 | F32: =F33+F34 -> 0 | G32: =G33+G34 -> 0 | H32: =H33+H34 -> 0 | I32: =I33+I34 -> 0 | J32: =J33+J34 -> 44180283 | K32: =K33+K34 -> 17014419 | ... O32: =O33+O34 -> 4201936
A33: 其中：发电厂用电量 | B33: 千瓦时 | C33: 028 | D33: =G33+H33+I33 -> 0 | G33: =SUM(E33:F33) -> 0 | J33: =M33+N33+O33 -> 8826323.6 | K33: =E33+'26.4'!K33 -> 3573096 | L33: =F33+'26.4'!L33 -> 2844984.4 | M33: =SUM(K33:L33) -> 6418080.4 | N33: =H33+'26.4'!N33 -> 1400555 | O33: =I33+'26.4'!O33 -> 1007688.2
A34: 供热厂用电量 | B34: 千瓦时 | C34: 029 | D34: =G34+H34+I34 -> 0 | G34: =SUM(E34:F34) -> 0 | J34: =M34+N34+O34 -> 35353959 | K34: =E34+'26.4'!K34 -> 13441323 | L34: =F34+'26.4'!L34 -> 13120136 | M34: =SUM(K34:L34) -> 26561458 | N34: =H34+'26.4'!N34 -> 5598253 | O34: =I34+'26.4'!O34 -> 3194247.8
A35: 综合厂用电率 | B35: % | C35: 030 | D35: =D30*100/D7 -> #DIV/0! | E35: =E30*100/E7 -> #DIV/0! | F35: =F30*100/F7 -> #DIV/0! | G35: =G30*100/G7 -> #DIV/0! | H35: =H30*100/H7 -> #DIV/0! | I35: =I30*100/I7 -> #DIV/0! | J35: =J30*100/J7 -> 32.825742 | K35: =K30*100/K7 -> 38.858082 | ... O35: =O30*100/O7 -> 27.369005
A36: 发电厂用电率 | B36: % | C36: 031 | D36: =D33*100/D7 -> #DIV/0! | E36: =E33*100/E7 -> #DIV/0! | F36: =F33*100/F7 -> #DIV/0! | G36: =G33*100/G7 -> #DIV/0! | H36: =H33*100/H7 -> #DIV/0! | I36: =I33*100/I7 -> #DIV/0! | J36: =J33*100/J7 -> 5.6425484 | K36: =K33*100/K7 -> 5.881291 | ... O36: =O33*100/O7 -> 6.5635039
A37: 供热厂用电率 | B37: 千瓦时/吉焦 | C37: 032 | D37: =D34/D9 -> #DIV/0! | E37: =E34/E9 -> #DIV/0! | F37: =F34/F9 -> #DIV/0! | G37: =G34/G9 -> #DIV/0! | H37: =H34/H9 -> #DIV/0! | I37: =I34/I9 -> #DIV/0! | J37: =J34/J9 -> 12.583334 | K37: =K34/K9 -> 13.712429 | ... O37: =O34/O9 -> 10.935672
A38: 耗标煤总量 | B38: 吨 | C38: 033 | D38: =D39+D42 -> 0 | E38: =E39+E42 -> 0 | F38: =F39+F42 -> 0 | G38: =G39+G42 -> 0 | H38: =H39+H42 -> 0 | I38: =I39+I42 -> 0 | J38: =J39+J42 -> 137897.36 | K38: =K39+K42 -> 46848.881 | ... O38: =O39+O42 -> 14852.348
A39: 发电标准煤耗量 | B39: 吨 | C39: 034 | D39: =D40+D41 -> 0 | E39: =E40+E41 -> 0 | F39: =F40+F41 -> 0 | G39: =G40+G41 -> 0 | H39: =H40+H41 -> 0 | I39: =I40+I41 -> 0 | J39: =J40+J41 -> 27596.4 | K39: =K40+K41 -> 9838.4525 | ... O39: =O40+O41 -> 3561.819
A40: 其中：煤折标准煤量 | B40: 吨 | C40: 035 | D40: =G40+H40+I40 -> 0 | G40: =SUM(E40:F40) -> 0 | J40: =M40+N40+O40 -> 27564.635 | K40: =E40+'26.4'!K40 -> 9817.2469 | L40: =F40+'26.4'!L40 -> 8544.6373 | M40: =SUM(K40:L40) -> 18361.884 | N40: =H40+'26.4'!N40 -> 5641 | O40: =I40+'26.4'!O40 -> 3561.7504
A41: 油折标准煤量 | B41: 吨 | C41: 036 | D41: =G41+H41+I41 -> 0 | G41: =SUM(E41:F41) -> 0 | J41: =M41+N41+O41 -> 31.765479 | K41: =E41+'26.4'!K41 -> 21.20558 | L41: =F41+'26.4'!L41 -> 6.4913805 | M41: =SUM(K41:L41) -> 27.696961 | N41: =H41+'26.4'!N41 -> 4 | O41: =I41+'26.4'!O41 -> 0.068518633
A42: 供热标准煤耗量 | B42: 吨 | C42: 037 | D42: =D43+D44 -> 0 | E42: =E43+E44 -> 0 | F42: =F43+F44 -> 0 | G42: =G43+G44 -> 0 | H42: =H43+H44 -> 0 | I42: =I43+I44 -> 0 | J42: =J43+J44 -> 110300.96 | K42: =K43+K44 -> 37010.429 | ... O42: =O43+O44 -> 11290.529
A43: 其中：煤折标准煤量 | B43: 吨 | C43: 038 | D43: =G43+H43+I43 -> 0 | G43: =SUM(E43:F43) -> 0 | J43: =M43+N43+O43 -> 110175.03 | K43: =E43+'26.4'!K43 -> 36930.655 | L43: =F43+'26.4'!L43 -> 39405.067 | M43: =SUM(K43:L43) -> 76335.722 | N43: =H43+'26.4'!N43 -> 22549 | O43: =I43+'26.4'!O43 -> 11290.311
A44: 油折标准煤量 | B44: 吨 | C44: 039 | D44: =G44+H44+I44 -> 0 | G44: =SUM(E44:F44) -> 0 | J44: =M44+N44+O44 -> 125.92711 | K44: =E44+'26.4'!K44 -> 79.773796 | L44: =F44+'26.4'!L44 -> 29.93612 | M44: =SUM(K44:L44) -> 109.70992 | N44: =H44+'26.4'!N44 -> 16 | O44: =I44+'26.4'!O44 -> 0.21719565
A45: 发电标准煤耗率 | B45: 克/千瓦时 | C45: 040 | D45: =D39*1000000/D7 -> #DIV/0! | E45: =E39*1000000/E7 -> #DIV/0! | F45: =F39*1000000/F7 -> #DIV/0! | G45: =G39*1000000/G7 -> #DIV/0! | H45: =H39*1000000/H7 -> #DIV/0! | I45: =I39*1000000/I7 -> #DIV/0! | J45: =J39*1000000/J7 -> 176.42003 | K45: =K39*1000000/K7 -> 161.94024 | ... O45: =O39*1000000/O7 -> 231.99649
A46: 供电标准煤耗率 | B46: 克/千瓦时 | C46: 041 | D46: =D39*1000000/(D7-D33) -> #DIV/0! | E46: =E39*1000000/(E7-E33) -> #DIV/0! | F46: =F39*1000000/(F7-F33) -> #DIV/0! | G46: =G39*1000000/(G7-G33) -> #DIV/0! | H46: =H39*1000000/(H7-H33) -> #DIV/0! | I46: =I39*1000000/(I7-I33) -> #DIV/0! | J46: =J39*1000000/(J7-J33) -> 186.96989 | K46: =K39*1000000/(K7-K33) -> 172.05956 | ... O46: =O39*1000000/(O7-O33) -> 248.29323
A47: 供热标准煤耗率 | B47: 千克/吉焦 | C47: 042 | D47: =D42*1000/D9 -> #DIV/0! | E47: =E42*1000/E9 -> #DIV/0! | F47: =F42*1000/F9 -> #DIV/0! | G47: =G42*1000/G9 -> #DIV/0! | H47: =H42*1000/H9 -> #DIV/0! | I47: =I42*1000/I9 -> #DIV/0! | J47: =J42*1000/J9 -> 39.258794 | K47: =K42*1000/K9 -> 37.756913 | ... O47: =O42*1000/O9 -> 38.653708
A48: 入炉煤低位发热量 | B48: 千焦/千克 | C48: 043 | D48: =(D40+D43)*29308/D14 -> #DIV/0! | E48: =(E40+E43)*29308/E14 -> #DIV/0! | F48: =(F40+F43)*29308/F14 -> #DIV/0! | G48: =(G40+G43)*29308/G14 -> #DIV/0! | H48: =(H40+H43)*29308/H14 -> #DIV/0! | I48: =(I40+I43)*29308/I14 -> #DIV/0! | J48: =(J40+J43)*29308/J14 -> 20037.477 | K48: =(K40+K43)*29308/K14 -> 20068.073 | ... O48: =(O40+O43)*29308/O14 -> 21074.863
A49: 入厂煤低位发热量 | B49: 千焦/千克 | C49: 044 | K49: 20235.425 | L49: 19728.953 | M49: 0 | N49: 19766.17 | O49: 20675
A50: 发电最高负荷 | B50: 千瓦 | C50: 045 | D50: =G50+H50+I50 -> 0 | G50: =SUM(E50:F50) -> 0 | J50: =M50+N50+O50 -> 245380 | K50: 103680 | L50: 89280 | M50: =SUM(K50:L50) -> 192960 | N50: 37920 | O50: 14500
A51: 供热最高负荷 | B51: 吨/时 | C51: 046 | D51: =G51+H51+I51 -> 0 | G51: =SUM(E51:F51) -> 0 | J51: =M51+N51+O51 -> 657 | K51: 48 | L51: 109 | M51: =SUM(K51:L51) -> 157 | N51: 350 | O51: 150
A52: 发电设备利用率 | B52: % | C52: 047 | D52: =D7/10000/D6/(DAY(DATE(2026,6,0))*24) -> 0 | E52: =E7/10000/E6/(DAY(DATE(2026,6,0))*24) -> 0 | F52: =F7/10000/F6/(DAY(DATE(2026,6,0))*24) -> 0 | G52: =G7/10000/G6/(DAY(DATE(2026,6,0))*24) -> 0 | H52: =H7/10000/H6/(DAY(DATE(2026,6,0))*24) -> 0 | I52: =I7/10000/I6/(DAY(DATE(2026,6,0))*24) -> 0 | J52: =J7/10000/J6/(DATEDIF(DATE(2026,1,1),DATE(2026,6,1),"D")*24) -> 0.16057839 | K52: =K7/10000/K6/(DATEDIF(DATE(2026,1,1),DATE(2026,6,1),"D")*24) -> 0.16764238 | L52: =L7/10000/L6/(DATEDIF(DATE(2026,1,1),DATE(2026,6,1),"D")*24) -> 0.15915099 | M52: =M7/10000/M6/(DATEDIF(DATE(2026,1,1),DATE(2026,6,1),"D")*24) -> 0.16339669 | N52: =N7/10000/N6/(DATEDIF(DATE(2026,1,1),DATE(2026,6,1),"D")*24) -> 0.17354673 | O52: =O7/10000/O6/(DATEDIF(DATE(2026,1,1),DATE(2026,6,1),"D")*24) -> 0.1291601
A53: 供热设备利用率 | B53: % | C53: 048 | D53: =D9*1000/1986/((DAY(DATE(2026,6,0))*24)*3600) -> 0 | E53: =E9*1000/577/((DAY(DATE(2026,6,0))*24)*3600) -> 0 | F53: =F9*1000/528/((DAY(DATE(2026,6,0))*24)*3600) -> 0 | G53: =G9*1000/1442/((DAY(DATE(2026,6,0))*24)*3600) -> 0 | H53: =H9*1000/414/((DAY(DATE(2026,6,0))*24)*3600) -> 0 | I53: =I9*1000/130/((DAY(DATE(2026,6,0))*24)*3600) -> 0 | J53: =J9*1000/1986/((DATEDIF(DATE(2026,1,1),DATE(2026,6,1),"D")*24)*3600) -> 0.10843573 | K53: =K9*1000/577/((DATEDIF(DATE(2026,1,1),DATE(2026,6,1),"D")*24)*3600) -> 0.13021503 | L53: =L9*1000/528/((DATEDIF(DATE(2026,1,1),DATE(2026,6,1),"D")*24)*3600) -> 0.14039902 | M53: =M9*1000/1442/((DATEDIF(DATE(2026,1,1),DATE(2026,6,1),"D")*24)*3600) -> 0.10351231 | N53: =N9*1000/414/((DATEDIF(DATE(2026,1,1),DATE(2026,6,1),"D")*24)*3600) -> 0.10555487 | O53: =O9*1000/130/((DATEDIF(DATE(2026,1,1),DATE(2026,6,1),"D")*24)*3600) -> 0.17222218
A54: 热分摊比 | B54: % | C54: 049 | D54: =D42/D38 -> #DIV/0! | E54: =E42/E38 -> #DIV/0! | F54: =F42/F38 -> #DIV/0! | G54: =G42/G38 -> #DIV/0! | H54: =H42/H38 -> #DIV/0! | I54: =I42/I38 -> #DIV/0! | J54: =J42/J38 -> 0.79987724 | K54: =K42/K38 -> 0.789996 | ... O54: =O42/O38 -> 0.76018478
A55: 热电比 | B55: % | C55: 050 | D55: =D9*1000000/(D8*3600) -> #DIV/0! | E55: =E9*1000000/(E8*3600) -> #DIV/0! | F55: =F9*1000000/(F8*3600) -> #DIV/0! | G55: =G9*1000000/(G8*3600) -> #DIV/0! | H55: =H9*1000000/(H8*3600) -> #DIV/0! | I55: =I9*1000000/(I8*3600) -> #DIV/0! | J55: =J9*1000000/(J8*3600) -> 7.4273246 | K55: =K9*1000000/(K8*3600) -> 7.3301702 | ... O55: =O9*1000000/(O8*3600) -> 7.2762598
A56: 全厂热效率 | B56: % | C56: 051 | D56: =(D9*1000+D8*3600/1000)/(D38*7000*4.1868) -> #DIV/0! | E56: =(E9*1000+E8*3600/1000)/(E38*7000*4.1868) -> #DIV/0! | F56: =(F9*1000+F8*3600/1000)/(F38*7000*4.1868) -> #DIV/0! | G56: =(G9*1000+G8*3600/1000)/(G38*7000*4.1868) -> #DIV/0! | H56: =(H9*1000+H8*3600/1000)/(H38*7000*4.1868) -> #DIV/0! | I56: =(I9*1000+I8*3600/1000)/(I38*7000*4.1868) -> #DIV/0! | J56: =(J9*1000+J8*3600/1000)/(J38*7000*4.1868) -> 0.78879372 | K56: =(K9*1000+K8*3600/1000)/(K38*7000*4.1868) -> 0.81131213 | ... O56: =(O9*1000+O8*3600/1000)/(O38*7000*4.1868) -> 0.76326205
A57: 入厂煤量 | B57: 吨 | C57: 052 | D57: =G57+H57+I57 -> 0 | J57: =M57+N57+O57 -> 115274.92 | K57: =E57+'26.4'!K57 -> 26761 | L57: =F57+'26.4'!L57 -> 66608 | M57: =SUM(K57:L57) -> 93369 | N57: =H57+'26.4'!N57 -> 4890.18 | O57: =I57+'26.4'!O57 -> 17015.74
A58: 非生产耗煤量 | B58: 吨 | C58: 053 | D58: =SUM(G58:I58) -> 0 | G58: =SUM(E58:F58) -> 0 | J58: =SUM(M58:O58) -> 42844 | K58: =E58+'26.4'!K58 -> 42844 | L58: =F58+'26.4'!L58 -> 0 | M58: =SUM(K58:L58) -> 42844 | N58: =H58+'26.4'!N58 -> 0 | O58: =I58+'26.4'!O58 -> 0
A59: 期末库存煤量 | B59: 吨 | C59: 054 | D59: =SUM(G59:I59) -> 103499.61 | E59: =K59 -> 42846 | F59: =L59 -> 11815 | G59: =SUM(E59:F59) -> 54661 | H59: =N59 -> 28612.66 | I59: =O59 -> 20225.95 | J59: =M59+N59+O59 -> 103499.61 | K59: ='26.4'!K59+E57-E14-E58 -> 42846 | L59: ='26.4'!L59+F57-F14-F58 -> 11815 | M59: =SUM(K59:L59) -> 54661 | N59: ='26.4'!N59+H57-H14-H58 -> 28612.66 | O59: ='26.4'!O59+I57-I14-I58 -> 20225.95
A60: 外购电量 | B60: 千瓦时 | C60: 055 | D60: =SUM(G60:I60) -> 0 | J60: =M60+N60+O60 -> 2855811 | K60: =E60+'26.4'!K60 -> 0 | L60: =F60+'26.4'!L60 -> 0 | M60: =SUM(K60:L60) -> 0 | N60: =H60+'26.4'!N60 -> 1828619 | O60: =I60+'26.4'!O60 -> 1027192
A61: 其中：热网耗电量 | B61: 千瓦时 | C61: 056 | D61: =SUM(G61:I61) -> 0 | G61: =SUM(E61:F61) -> 0 | J61: =M61+N61+O61 -> 2855811 | K61: =E61+'26.4'!K61 -> 0 | L61: =F61+'26.4'!L61 -> 0 | M61: =SUM(K61:L61) -> 0 | N61: =H61+'26.4'!N61 -> 1828619 | O61: =I61+'26.4'!O61 -> 1027192
A62: 热网耗水量 | B62: 吨 | C62: 057 | D62: =SUM(G62:I62) -> 0 | G62: =SUM(E62:F62) -> 0 | J62: =M62+N62+O62 -> 63546 | K62: =E62+'26.4'!K62 -> 0 | L62: =F62+'26.4'!L62 -> 0 | M62: =SUM(K62:L62) -> 0 | N62: =H62+'26.4'!N62 -> 40661 | O62: =I62+'26.4'!O62 -> 22885
A63: 主城区电厂低温水网补水量 | B63: 吨 | C63: 058 | D63: =SUM(G63:I63) -> 0 | G63: =SUM(E63:F63) -> 0 | J63: =M63+N63+O63 -> 25920 | K63: =E63+'26.4'!K63 -> 0 | L63: =F63+'26.4'!L63 -> 25920 | M63: =SUM(K63:L63) -> 25920 | N63: =H63+'26.4'!N63 -> 0 | O63: =I63+'26.4'!O63 -> 0
A64: 高温水网补水量 | B64: 吨 | C64: 059 | D64: =SUM(G64:I64) -> 0 | G64: =SUM(E64:F64) -> 0 | J64: =M64+N64+O64 -> 73699 | K64: =E64+'26.4'!K64 -> 73699 | L64: =F64+'26.4'!L64 -> 0 | M64: =SUM(K64:L64) -> 73699 | N64: =H64+'26.4'!N64 -> 0 | O64: =I64+'26.4'!O64 -> 0
A65: 脱硫脱硝耗水量 | B65: 吨 | C65: 060 | D65: =SUM(G65:I65) -> 0 | G65: =SUM(E65:F65) -> 0 | J65: =M65+N65+O65 -> 70369 | K65: =E65+'26.4'!K65 -> 6302 | L65: =F65+'26.4'!L65 -> 32849 | M65: =SUM(K65:L65) -> 39151 | N65: =H65+'26.4'!N65 -> 23814 | O65: =I65+'26.4'!O65 -> 7404
A66: 脱硫脱硝耗电量 | B66: 千瓦时 | C66: 061 | D66: =SUM(G66:I66) -> 0 | G66: =SUM(E66:F66) -> 0 | J66: =M66+N66+O66 -> 3730739 | K66: =E66+'26.4'!K66 -> 1072980 | L66: =F66+'26.4'!L66 -> 1283190 | M66: =SUM(K66:L66) -> 2356170 | N66: =H66+'26.4'!N66 -> 754606 | O66: =I66+'26.4'!O66 -> 619963
A67: 发电耗水量 | B67: 吨 | C67: 062 | D67: =SUM(G67:I67) -> #DIV/0! | E67: =(E20-E63-E64-E12)*(1-E54) -> #DIV/0! | F67: =(F20-F63-F12)*(1-F54) -> #DIV/0! | G67: =(G20-G63-G12)*(1-G54) -> #DIV/0! | H67: =(H20-H62-H12)*(1-H54) -> #DIV/0! | I67: =(I20-I62-I12)*(1-I54) -> #DIV/0! | J67: =M67+N67+O67 -> #DIV/0! | K67: =E67+'26.4'!K67 -> #DIV/0! | L67: =F67+'26.4'!L67 -> #DIV/0! | M67: =SUM(K67:L67) -> #DIV/0! | N67: =H67+'26.4'!N67 -> #DIV/0! | O67: =I67+'26.4'!O67 -> #DIV/0!
A68: 供热耗水量 | B68: 吨 | C68: 063 | D68: =SUM(G68:I68) -> #DIV/0! | E68: =(E20-E63-E64-E12)*E54+E12 -> #DIV/0! | F68: =(F20-F63-F12)*F54+F12 -> #DIV/0! | G68: =(G20-G63-G12)*G54+G12 -> #DIV/0! | H68: =(H20-H62-H12)*H54+H12+H62 -> #DIV/0! | I68: =(I20-I62-I12)*I54+I12+I62 -> #DIV/0! | J68: =M68+N68+O68 -> #DIV/0! | K68: =E68+'26.4'!K68 -> #DIV/0! | L68: =F68+'26.4'!L68 -> #DIV/0! | M68: =SUM(K68:L68) -> #DIV/0! | N68: =H68+'26.4'!N68 -> #DIV/0! | O68: =I68+'26.4'!O68 -> #DIV/0!
A69: 发电水耗率 | B69: 吨/万千瓦时 | C69: 064 | D69: =D67/(D7/10000) -> #DIV/0! | E69: =E67/(E7/10000) -> #DIV/0! | F69: =F67/(F7/10000) -> #DIV/0! | G69: =G67/(G7/10000) -> #DIV/0! | H69: =H67/(H7/10000) -> #DIV/0! | I69: =I67/(I7/10000) -> #DIV/0! | J69: =J67/(J7/10000) -> #DIV/0! | K69: =K67/(K7/10000) -> #DIV/0! | ... O69: =O67/(O7/10000) -> #DIV/0!
A70: 供热水耗率 | B70: 吨/吉焦 | C70: 065 | D70: =D68/D9 -> #DIV/0! | E70: =E68/E9 -> #DIV/0! | F70: =F68/F9 -> #DIV/0! | G70: =G68/G9 -> #DIV/0! | H70: =H68/H9 -> #DIV/0! | I70: =I68/I9 -> #DIV/0! | J70: =J68/J9 -> #DIV/0! | K70: =K68/K9 -> #DIV/0! | ... O70: =O68/O9 -> #DIV/0!
D72: 低真空补水量
D73: 首站电量
D74: 首站补水量

Sheet 26.6
A1: 大连市热电集团所属热电厂生产月报表
A2: 2026 年 6 月
A3: 指 标 名 称 | B3: 计量单位 | C3: 代码 | D3: 本 月 实 际 | J3: 本 年 累 计
D4: 合 计 | E4: 其 中 | J4: 合 计 | K4: 其 中
E5: 北海热电厂 | F5: 香海热电厂 | G5: 主城区小计 | H5: 金州热电厂 | I5: 瓦房店热电厂 | K5: 北海热电厂 | L5: 香海热电厂 | M5: 主城区小计 | N5: 金州热电厂 | O5: 瓦房店热电厂
A6: 发电机组容量 | B6: 万千瓦 | C6: 001 | D6: =G6+H6+I6 -> 26.88 | E6: 10 | F6: 10 | G6: =SUM(E6:F6) -> 20 | H6: 3.6 | I6: =3.96-0.68 -> 3.28 | J6: =M6+N6+O6 -> 26.88 | K6: 10 | L6: 10 | M6: =SUM(K6:L6) -> 20 | N6: 3.6 | O6: 3.28
A7: 发电量 | B7: 千瓦时 | C7: 002 | D7: =G7+H7+I7 -> 0 | E7: =[6]产量!$C$15 -> 0 | F7: =[6]产量!$C$19 -> 0 | G7: =SUM(E7:F7) -> 0 | J7: =M7+N7+O7 -> 156424420 | K7: =E7+'26.5'!K7 -> 60753600 | L7: =F7+'26.5'!L7 -> 57676320 | M7: =SUM(K7:L7) -> 118429920 | N7: =H7+'26.5'!N7 -> 22641600 | O7: =I7+'26.5'!O7 -> 15352900
A8: 供电量 | B8: 千瓦时 | C8: 003 | D8: =G8+H8+I8 -> 0 | E8: =[6]产量!$E$15 -> 0 | F8: =[6]产量!$E$19 -> 0 | G8: =SUM(E8:F8) -> 0 | J8: =M8+N8+O8 -> 105076944 | K8: =E8+'26.5'!K8 -> 37145916 | L8: =F8+'26.5'!L8 -> 41137272 | M8: =SUM(K8:L8) -> 78283188 | N8: =H8+'26.5'!N8 -> 15642792 | O8: =I8+'26.5'!O8 -> 11150964
A9: 供热量 | B9: 吉焦 | C9: 004 | D9: =G9+H9+I9 -> 0 | E9: =[6]产量!$G$6 -> 0 | F9: =[6]产量!$G$7 -> 0 | G9: =SUM(E9:F9) -> 0 | J9: =M9+N9+O9 -> 2809586.1 | K9: =E9+'26.5'!K9 -> 980229.19 | L9: =F9+'26.5'!L9 -> 967138.54 | M9: =SUM(K9:L9) -> 1947367.7 | N9: =H9+'26.5'!N9 -> 570124 | O9: =I9+'26.5'!O9 -> 292094.32
A10: 其中：低真空、热泵供热量 | B10: 吉焦 | C10: 005 | D10: =G10+H10+I10 -> 0 | F10: =[6]产量!$G$29 -> 0 | G10: =SUM(E10:F10) -> 0 | J10: =M10+N10+O10 -> 377963 | K10: =E10+'26.5'!K10 -> 0 | L10: =F10+'26.5'!L10 -> 264848 | M10: =SUM(K10:L10) -> 264848 | N10: =H10+'26.5'!N10 -> 113115 | O10: =I10+'26.5'!O10 -> 0
A11: 高温水网供热量 | B11: 吉焦 | C11: 006 | D11: =G11+H11+I11 -> 0 | E11: =[6]产量!$G$28 -> 0 | F11: =[6]产量!$G$30 -> 0 | G11: =SUM(E11:F11) -> 0 | H11: =H9-H10 -> 0 | I11: =I9-I10 -> 0 | J11: =M11+N11+O11 -> 2097098.7 | K11: =E11+'26.5'!K11 -> 875606.4 | L11: =F11+'26.5'!L11 -> 472389 | M11: =SUM(K11:L11) -> 1347995.4 | N11: =H11+'26.5'!N11 -> 457009 | O11: =I11+'26.5'!O11 -> 292094.32
A12: 供汽量 | B12: 吨 | C12: 007 | D12: =G12+H12+I12 -> 0 | E12: =[6]产量!$G$15 -> 0 | F12: =[6]产量!$G$19 -> 0 | G12: =SUM(E12:F12) -> 0 | H12: 0 | I12: 0 | J12: =M12+N12+O12 -> 113333 | K12: =E12+'26.5'!K12 -> 35445 | L12: =F12+'26.5'!L12 -> 77888 | M12: =SUM(K12:L12) -> 113333 | N12: =H12+'26.5'!N12 -> 0 | O12: =I12+'26.5'!O12 -> 0
A13: 期末供暖收费面积 | B13: 平方米 | C13: 008 | N13: =H13 -> 0 | O13: =I13 -> 0
A14: 生产耗原煤量 | B14: 吨 | C14: 009 | D14: =D15+D16 -> 0 | E14: =E15+E16 -> 0 | F14: =F15+F16 -> 0 | G14: =G15+G16 -> 0 | H14: =H15+H16 -> 0 | I14: =I15+I16 -> 0 | J14: =J15+J16 -> 201466.19 | K14: =K15+K16 -> 68272 | ... O14: =O15+O16 -> 20654.19
A15: 发电耗原煤量 | B15: 吨 | C15: 010 | D15: =G15+H15+I15 -> 0 | G15: =SUM(E15:F15) -> 0 | J15: =M15+N15+O15 -> 40206.772 | K15: =E15+'26.5'!K15 -> 14337.393 | L15: =F15+'26.5'!L15 -> 13051.19 | M15: =SUM(K15:L15) -> 27388.583 | N15: =H15+'26.5'!N15 -> 7865 | O15: =I15+'26.5'!O15 -> 4953.189
A16: 供热耗原煤量 | B16: 吨 | C16: 011 | D16: =G16+H16+I16 -> 0 | G16: =SUM(E16:F16) -> 0 | J16: =M16+N16+O16 -> 161259.42 | K16: =E16+'26.5'!K16 -> 53934.607 | L16: =F16+'26.5'!L16 -> 60187.81 | M16: =SUM(K16:L16) -> 114122.42 | N16: =H16+'26.5'!N16 -> 31436 | O16: =I16+'26.5'!O16 -> 15701.001
A17: 锅炉耗油量 | B17: 吨 | C17: 012 | D17: =D18+D19 -> 0 | E17: =E18+E19 -> 0 | F17: =F18+F19 -> 0 | G17: =G18+G19 -> 0 | H17: =H18+H19 -> 0 | I17: =I18+I19 -> 0 | J17: =J18+J19 -> 108.5 | K17: =K18+K19 -> 69.3 | ... O17: =O18+O19 -> 0.2
A18: 发电耗油量 | B18: 吨 | C18: 013 | D18: =G18+H18+I18 -> 0 | G18: =SUM(E18:F18) -> 0 | J18: =M18+N18+O18 -> 22.05624 | K18: =E18+'26.5'!K18 -> 14.553277 | L18: =F18+'26.5'!L18 -> 4.455 | M18: =SUM(K18:L18) -> 19.008277 | N18: =H18+'26.5'!N18 -> 3 | O18: =I18+'26.5'!O18 -> 0.047963043
A19: 供热耗油量 | B19: 吨 | C19: 014 | D19: =G19+H19+I19 -> 0 | G19: =SUM(E19:F19) -> 0 | J19: =M19+N19+O19 -> 86.44376 | K19: =E19+'26.5'!K19 -> 54.746723 | L19: =F19+'26.5'!L19 -> 20.545 | M19: =SUM(K19:L19) -> 75.291723 | N19: =H19+'26.5'!N19 -> 11 | O19: =I19+'26.5'!O19 -> 0.15203696
A20: 耗水量 | B20: 吨 | C20: 015 | D20: =G20+H20+I20 -> 0 | G20: =SUM(E20:F20) -> 0 | J20: =M20+N20+O20 -> 501831 | K20: =E20+'26.5'!K20 -> 177610 | L20: =F20+'26.5'!L20 -> 194774 | M20: =SUM(K20:L20) -> 372384 | N20: =H20+'26.5'!N20 -> 94794 | O20: =I20+'26.5'!O20 -> 34653
A21: 其中：耗再生水量(或井水) | B21: 吨 | C21: 016 | D21: =G21+H21+I21 -> 0 | G21: =SUM(E21:F21) -> 0 | J21: =M21+N21+O21 -> 132751 | K21: =E21+'26.5'!K21 -> 121213 | L21: =F21+'26.5'!L21 -> 0 | M21: =SUM(K21:L21) -> 121213 | N21: =H21+'26.5'!N21 -> 0 | O21: =I21+'26.5'!O21 -> 11538
A22: 耗酸量 | B22: 吨 | C22: 017 | D22: =G22+H22+I22 -> 0 | G22: =SUM(E22:F22) -> 0 | J22: =M22+N22+O22 -> 63.71 | K22: =E22+'26.5'!K22 -> 6.4 | L22: =F22+'26.5'!L22 -> 40 | M22: =SUM(K22:L22) -> 46.4 | N22: =H22+'26.5'!N22 -> 15 | O22: =I22+'26.5'!O22 -> 2.31
A23: 耗碱量 | B23: 吨 | C23: 018 | D23: =G23+H23+I23 -> 0 | G23: =SUM(E23:F23) -> 0 | J23: =M23+N23+O23 -> 54 | K23: =E23+'26.5'!K23 -> 9.7 | L23: =F23+'26.5'!L23 -> 32 | M23: =SUM(K23:L23) -> 41.7 | N23: =H23+'26.5'!N23 -> 10 | O23: =I23+'26.5'!O23 -> 2.3
A24: 耗石灰石量 | B24: 吨 | C24: 019 | D24: =G24+H24+I24 -> 0 | G24: =SUM(E24:F24) -> 0 | J24: =M24+N24+O24 -> 601.88 | K24: =E24+'26.5'!K24 -> 0 | L24: =F24+'26.5'!L24 -> 0 | M24: =SUM(K24:L24) -> 0 | N24: =H24+'26.5'!N24 -> 0 | O24: =I24+'26.5'!O24 -> 601.88
A25: 耗石灰石粉量 | B25: 吨 | C25: 020 | D25: =G25+H25+I25 -> 0 | G25: =SUM(E25:F25) -> 0 | J25: =M25+N25+O25 -> 3965.38 | K25: =E25+'26.5'!K25 -> 2045 | L25: =F25+'26.5'!L25 -> 854 | M25: =SUM(K25:L25) -> 2899 | N25: =H25+'26.5'!N25 -> 702 | O25: =I25+'26.5'!O25 -> 364.38
A26: 耗氨水量 | B26: 吨 | C26: 021 | D26: =G26+H26+I26 -> 0 | G26: =SUM(E26:F26) -> 0 | J26: =M26+N26+O26 -> 972.013 | K26: =E26+'26.5'!K26 -> 377.74 | L26: =F26+'26.5'!L26 -> 201 | M26: =SUM(K26:L26) -> 578.74 | N26: =H26+'26.5'!N26 -> 319 | O26: =I26+'26.5'!O26 -> 74.273
A27: 耗阻垢剂量(水质稳定剂) | B27: 吨 | C27: 022 | D27: =G27+H27+I27 -> 0 | G27: =SUM(E27:F27) -> 0 | J27: =M27+N27+O27 -> 3.125 | K27: =E27+'26.5'!K27 -> 1.075 | L27: =F27+'26.5'!L27 -> 1 | M27: =SUM(K27:L27) -> 2.075 | N27: =H27+'26.5'!N27 -> 1 | O27: =I27+'26.5'!O27 -> 0.05
A28: 耗杀菌剂量 | B28: 吨 | C28: 023 | D28: =G28+H28+I28 -> 0 | G28: =SUM(E28:F28) -> 0 | J28: =M28+N28+O28 -> 0 | K28: =E28+'26.5'!K28 -> 0 | L28: =F28+'26.5'!L28 -> 0 | M28: =SUM(K28:L28) -> 0 | N28: =H28+'26.5'!N28 -> 0 | O28: =I28+'26.5'!O28 -> 0
A29: 耗钢球量 | B29: 吨 | C29: 024 | D29: =G29+H29+I29 -> 0 | G29: =SUM(E29:F29) -> 0 | J29: =M29+N29+O29 -> 28 | K29: =E29+'26.5'!K29 -> 28 | L29: =F29+'26.5'!L29 -> 0 | M29: =SUM(K29:L29) -> 28 | N29: =H29+'26.5'!N29 -> 0 | O29: =I29+'26.5'!O29 -> 0
A30: 综合厂用电量 | B30: 千瓦时 | C30: 025 | D30: =G30+H30+I30 -> 0 | E30: =E7-E8 -> 0 | F30: =F7-F8 -> 0 | G30: =G7-G8 -> 0 | H30: =H7-H8 -> 0 | I30: =I7-I8 -> 0 | J30: =M30+N30+O30 -> 51347476 | K30: =E30+'26.5'!K30 -> 23607684 | L30: =F30+'26.5'!L30 -> 16539048 | M30: =M7-M8 -> 40146732 | N30: =H30+'26.5'!N30 -> 6998808 | O30: =I30+'26.5'!O30 -> 4201936
A31: 非生产厂用电量 | B31: 千瓦时 | C31: 026 | D31: =G31+H31+I31 -> 0 | G31: =SUM(E31:F31) -> 0 | J31: =M31+N31+O31 -> 7167192.5 | K31: =E31+'26.5'!K31 -> 6593264.5 | L31: =F31+'26.5'!L31 -> 573928 | M31: =SUM(K31:L31) -> 7167192.5 | N31: =H31+'26.5'!N31 -> 0 | O31: =I31+'26.5'!O31 -> 0
A32: 生产厂用电量 | B32: 千瓦时 | C32: 027 | D32: =D33+D34 -> 0 | E32: =E33+E34 -> 0 | F32: =F33+F34 -> 0 | G32: =G33+G34 -> 0 | H32: =H33+H34 -> 0 | I32: =I33+I34 -> 0 | J32: =J33+J34 -> 44180283 | K32: =K33+K34 -> 17014419 | ... O32: =O33+O34 -> 4201936
A33: 其中：发电厂用电量 | B33: 千瓦时 | C33: 028 | D33: =G33+H33+I33 -> 0 | G33: =SUM(E33:F33) -> 0 | J33: =M33+N33+O33 -> 8826323.6 | K33: =E33+'26.5'!K33 -> 3573096 | L33: =F33+'26.5'!L33 -> 2844984.4 | M33: =SUM(K33:L33) -> 6418080.4 | N33: =H33+'26.5'!N33 -> 1400555 | O33: =I33+'26.5'!O33 -> 1007688.2
A34: 供热厂用电量 | B34: 千瓦时 | C34: 029 | D34: =G34+H34+I34 -> 0 | G34: =SUM(E34:F34) -> 0 | J34: =M34+N34+O34 -> 35353959 | K34: =E34+'26.5'!K34 -> 13441323 | L34: =F34+'26.5'!L34 -> 13120136 | M34: =SUM(K34:L34) -> 26561458 | N34: =H34+'26.5'!N34 -> 5598253 | O34: =I34+'26.5'!O34 -> 3194247.8
A35: 综合厂用电率 | B35: % | C35: 030 | D35: =D30*100/D7 -> #DIV/0! | E35: =E30*100/E7 -> #DIV/0! | F35: =F30*100/F7 -> #DIV/0! | G35: =G30*100/G7 -> #DIV/0! | H35: =H30*100/H7 -> #DIV/0! | I35: =I30*100/I7 -> #DIV/0! | J35: =J30*100/J7 -> 32.825742 | K35: =K30*100/K7 -> 38.858082 | ... O35: =O30*100/O7 -> 27.369005
A36: 发电厂用电率 | B36: % | C36: 031 | D36: =D33*100/D7 -> #DIV/0! | E36: =E33*100/E7 -> #DIV/0! | F36: =F33*100/F7 -> #DIV/0! | G36: =G33*100/G7 -> #DIV/0! | H36: =H33*100/H7 -> #DIV/0! | I36: =I33*100/I7 -> #DIV/0! | J36: =J33*100/J7 -> 5.6425484 | K36: =K33*100/K7 -> 5.881291 | ... O36: =O33*100/O7 -> 6.5635039
A37: 供热厂用电率 | B37: 千瓦时/吉焦 | C37: 032 | D37: =D34/D9 -> #DIV/0! | E37: =E34/E9 -> #DIV/0! | F37: =F34/F9 -> #DIV/0! | G37: =G34/G9 -> #DIV/0! | H37: =H34/H9 -> #DIV/0! | I37: =I34/I9 -> #DIV/0! | J37: =J34/J9 -> 12.583334 | K37: =K34/K9 -> 13.712429 | ... O37: =O34/O9 -> 10.935672
A38: 耗标煤总量 | B38: 吨 | C38: 033 | D38: =D39+D42 -> 0 | E38: =E39+E42 -> 0 | F38: =F39+F42 -> 0 | G38: =G39+G42 -> 0 | H38: =H39+H42 -> 0 | I38: =I39+I42 -> 0 | J38: =J39+J42 -> 137897.36 | K38: =K39+K42 -> 46848.881 | ... O38: =O39+O42 -> 14852.348
A39: 发电标准煤耗量 | B39: 吨 | C39: 034 | D39: =D40+D41 -> 0 | E39: =E40+E41 -> 0 | F39: =F40+F41 -> 0 | G39: =G40+G41 -> 0 | H39: =H40+H41 -> 0 | I39: =I40+I41 -> 0 | J39: =J40+J41 -> 27596.4 | K39: =K40+K41 -> 9838.4525 | ... O39: =O40+O41 -> 3561.819
A40: 其中：煤折标准煤量 | B40: 吨 | C40: 035 | D40: =G40+H40+I40 -> 0 | G40: =SUM(E40:F40) -> 0 | J40: =M40+N40+O40 -> 27564.635 | K40: =E40+'26.5'!K40 -> 9817.2469 | L40: =F40+'26.5'!L40 -> 8544.6373 | M40: =SUM(K40:L40) -> 18361.884 | N40: =H40+'26.5'!N40 -> 5641 | O40: =I40+'26.5'!O40 -> 3561.7504
A41: 油折标准煤量 | B41: 吨 | C41: 036 | D41: =G41+H41+I41 -> 0 | G41: =SUM(E41:F41) -> 0 | J41: =M41+N41+O41 -> 31.765479 | K41: =E41+'26.5'!K41 -> 21.20558 | L41: =F41+'26.5'!L41 -> 6.4913805 | M41: =SUM(K41:L41) -> 27.696961 | N41: =H41+'26.5'!N41 -> 4 | O41: =I41+'26.5'!O41 -> 0.068518633
A42: 供热标准煤耗量 | B42: 吨 | C42: 037 | D42: =D43+D44 -> 0 | E42: =E43+E44 -> 0 | F42: =F43+F44 -> 0 | G42: =G43+G44 -> 0 | H42: =H43+H44 -> 0 | I42: =I43+I44 -> 0 | J42: =J43+J44 -> 110300.96 | K42: =K43+K44 -> 37010.429 | ... O42: =O43+O44 -> 11290.529
A43: 其中：煤折标准煤量 | B43: 吨 | C43: 038 | D43: =G43+H43+I43 -> 0 | G43: =SUM(E43:F43) -> 0 | J43: =M43+N43+O43 -> 110175.03 | K43: =E43+'26.5'!K43 -> 36930.655 | L43: =F43+'26.5'!L43 -> 39405.067 | M43: =SUM(K43:L43) -> 76335.722 | N43: =H43+'26.5'!N43 -> 22549 | O43: =I43+'26.5'!O43 -> 11290.311
A44: 油折标准煤量 | B44: 吨 | C44: 039 | D44: =G44+H44+I44 -> 0 | G44: =SUM(E44:F44) -> 0 | J44: =M44+N44+O44 -> 125.92711 | K44: =E44+'26.5'!K44 -> 79.773796 | L44: =F44+'26.5'!L44 -> 29.93612 | M44: =SUM(K44:L44) -> 109.70992 | N44: =H44+'26.5'!N44 -> 16 | O44: =I44+'26.5'!O44 -> 0.21719565
A45: 发电标准煤耗率 | B45: 克/千瓦时 | C45: 040 | D45: =D39*1000000/D7 -> #DIV/0! | E45: =E39*1000000/E7 -> #DIV/0! | F45: =F39*1000000/F7 -> #DIV/0! | G45: =G39*1000000/G7 -> #DIV/0! | H45: =H39*1000000/H7 -> #DIV/0! | I45: =I39*1000000/I7 -> #DIV/0! | J45: =J39*1000000/J7 -> 176.42003 | K45: =K39*1000000/K7 -> 161.94024 | ... O45: =O39*1000000/O7 -> 231.99649
A46: 供电标准煤耗率 | B46: 克/千瓦时 | C46: 041 | D46: =D39*1000000/(D7-D33) -> #DIV/0! | E46: =E39*1000000/(E7-E33) -> #DIV/0! | F46: =F39*1000000/(F7-F33) -> #DIV/0! | G46: =G39*1000000/(G7-G33) -> #DIV/0! | H46: =H39*1000000/(H7-H33) -> #DIV/0! | I46: =I39*1000000/(I7-I33) -> #DIV/0! | J46: =J39*1000000/(J7-J33) -> 186.96989 | K46: =K39*1000000/(K7-K33) -> 172.05956 | ... O46: =O39*1000000/(O7-O33) -> 248.29323
A47: 供热标准煤耗率 | B47: 千克/吉焦 | C47: 042 | D47: =D42*1000/D9 -> #DIV/0! | E47: =E42*1000/E9 -> #DIV/0! | F47: =F42*1000/F9 -> #DIV/0! | G47: =G42*1000/G9 -> #DIV/0! | H47: =H42*1000/H9 -> #DIV/0! | I47: =I42*1000/I9 -> #DIV/0! | J47: =J42*1000/J9 -> 39.258794 | K47: =K42*1000/K9 -> 37.756913 | ... O47: =O42*1000/O9 -> 38.653708
A48: 入炉煤低位发热量 | B48: 千焦/千克 | C48: 043 | D48: =(D40+D43)*29308/D14 -> #DIV/0! | E48: =(E40+E43)*29308/E14 -> #DIV/0! | F48: =(F40+F43)*29308/F14 -> #DIV/0! | G48: =(G40+G43)*29308/G14 -> #DIV/0! | H48: =(H40+H43)*29308/H14 -> #DIV/0! | I48: =(I40+I43)*29308/I14 -> #DIV/0! | J48: =(J40+J43)*29308/J14 -> 20037.477 | K48: =(K40+K43)*29308/K14 -> 20068.073 | ... O48: =(O40+O43)*29308/O14 -> 21074.863
A49: 入厂煤低位发热量 | B49: 千焦/千克 | C49: 044 | K49: 20235.425 | L49: 19728.953 | M49: 0 | N49: 19766.17 | O49: 20675
A50: 发电最高负荷 | B50: 千瓦 | C50: 045 | D50: =G50+H50+I50 -> 0 | G50: =SUM(E50:F50) -> 0 | J50: =M50+N50+O50 -> 245380 | K50: 103680 | L50: 89280 | M50: =SUM(K50:L50) -> 192960 | N50: 37920 | O50: 14500
A51: 供热最高负荷 | B51: 吨/时 | C51: 046 | D51: =G51+H51+I51 -> 0 | G51: =SUM(E51:F51) -> 0 | J51: =M51+N51+O51 -> 657 | K51: 48 | L51: 109 | M51: =SUM(K51:L51) -> 157 | N51: 350 | O51: 150
A52: 发电设备利用率 | B52: % | C52: 047 | D52: =D7/10000/D6/(DAY(DATE(2026,7,0))*24) -> 0 | E52: =E7/10000/E6/(DAY(DATE(2026,7,0))*24) -> 0 | F52: =F7/10000/F6/(DAY(DATE(2026,7,0))*24) -> 0 | G52: =G7/10000/G6/(DAY(DATE(2026,7,0))*24) -> 0 | H52: =H7/10000/H6/(DAY(DATE(2026,7,0))*24) -> 0 | I52: =I7/10000/I6/(DAY(DATE(2026,7,0))*24) -> 0 | J52: =J7/10000/J6/(DATEDIF(DATE(2026,1,1),DATE(2026,7,1),"D")*24) -> 0.13396319 | K52: =K7/10000/K6/(DATEDIF(DATE(2026,1,1),DATE(2026,7,1),"D")*24) -> 0.13985635 | L52: =L7/10000/L6/(DATEDIF(DATE(2026,1,1),DATE(2026,7,1),"D")*24) -> 0.13277238 | M52: =M7/10000/M6/(DATEDIF(DATE(2026,1,1),DATE(2026,7,1),"D")*24) -> 0.13631436 | N52: =N7/10000/N6/(DATEDIF(DATE(2026,1,1),DATE(2026,7,1),"D")*24) -> 0.14478207 | O52: =O7/10000/O6/(DATEDIF(DATE(2026,1,1),DATE(2026,7,1),"D")*24) -> 0.10775235
A53: 供热设备利用率 | B53: % | C53: 048 | D53: =D9*1000/1986/((DAY(DATE(2026,7,0))*24)*3600) -> 0 | E53: =E9*1000/577/((DAY(DATE(2026,7,0))*24)*3600) -> 0 | F53: =F9*1000/528/((DAY(DATE(2026,7,0))*24)*3600) -> 0 | G53: =G9*1000/1442/((DAY(DATE(2026,7,0))*24)*3600) -> 0 | H53: =H9*1000/414/((DAY(DATE(2026,7,0))*24)*3600) -> 0 | I53: =I9*1000/130/((DAY(DATE(2026,7,0))*24)*3600) -> 0 | J53: =J9*1000/1986/((DATEDIF(DATE(2026,1,1),DATE(2026,7,1),"D")*24)*3600) -> 0.090462957 | K53: =K9*1000/577/((DATEDIF(DATE(2026,1,1),DATE(2026,7,1),"D")*24)*3600) -> 0.10863243 | L53: =L9*1000/528/((DATEDIF(DATE(2026,1,1),DATE(2026,7,1),"D")*24)*3600) -> 0.11712846 | M53: =M9*1000/1442/((DATEDIF(DATE(2026,1,1),DATE(2026,7,1),"D")*24)*3600) -> 0.086355577 | N53: =N9*1000/414/((DATEDIF(DATE(2026,1,1),DATE(2026,7,1),"D")*24)*3600) -> 0.088059591 | O53: =O9*1000/130/((DATEDIF(DATE(2026,1,1),DATE(2026,7,1),"D")*24)*3600) -> 0.14367706
A54: 热分摊比 | B54: % | C54: 049 | D54: =D42/D38 -> #DIV/0! | E54: =E42/E38 -> #DIV/0! | F54: =F42/F38 -> #DIV/0! | G54: =G42/G38 -> #DIV/0! | H54: =H42/H38 -> #DIV/0! | I54: =I42/I38 -> #DIV/0! | J54: =J42/J38 -> 0.79987724 | K54: =K42/K38 -> 0.789996 | ... O54: =O42/O38 -> 0.76018478
A55: 热电比 | B55: % | C55: 050 | D55: =D9*1000000/(D8*3600) -> #DIV/0! | E55: =E9*1000000/(E8*3600) -> #DIV/0! | F55: =F9*1000000/(F8*3600) -> #DIV/0! | G55: =G9*1000000/(G8*3600) -> #DIV/0! | H55: =H9*1000000/(H8*3600) -> #DIV/0! | I55: =I9*1000000/(I8*3600) -> #DIV/0! | J55: =J9*1000000/(J8*3600) -> 7.4273246 | K55: =K9*1000000/(K8*3600) -> 7.3301702 | ... O55: =O9*1000000/(O8*3600) -> 7.2762598
A56: 全厂热效率 | B56: % | C56: 051 | D56: =(D9*1000+D8*3600/1000)/(D38*7000*4.1868) -> #DIV/0! | E56: =(E9*1000+E8*3600/1000)/(E38*7000*4.1868) -> #DIV/0! | F56: =(F9*1000+F8*3600/1000)/(F38*7000*4.1868) -> #DIV/0! | G56: =(G9*1000+G8*3600/1000)/(G38*7000*4.1868) -> #DIV/0! | H56: =(H9*1000+H8*3600/1000)/(H38*7000*4.1868) -> #DIV/0! | I56: =(I9*1000+I8*3600/1000)/(I38*7000*4.1868) -> #DIV/0! | J56: =(J9*1000+J8*3600/1000)/(J38*7000*4.1868) -> 0.78879372 | K56: =(K9*1000+K8*3600/1000)/(K38*7000*4.1868) -> 0.81131213 | ... O56: =(O9*1000+O8*3600/1000)/(O38*7000*4.1868) -> 0.76326205
A57: 入厂煤量 | B57: 吨 | C57: 052 | D57: =G57+H57+I57 -> 0 | J57: =M57+N57+O57 -> 115274.92 | K57: =E57+'26.5'!K57 -> 26761 | L57: =F57+'26.5'!L57 -> 66608 | M57: =SUM(K57:L57) -> 93369 | N57: =H57+'26.5'!N57 -> 4890.18 | O57: =I57+'26.5'!O57 -> 17015.74
A58: 非生产耗煤量 | B58: 吨 | C58: 053 | D58: =SUM(G58:I58) -> 0 | G58: =SUM(E58:F58) -> 0 | J58: =SUM(M58:O58) -> 42844 | K58: =E58+'26.5'!K58 -> 42844 | L58: =F58+'26.5'!L58 -> 0 | M58: =SUM(K58:L58) -> 42844 | N58: =H58+'26.5'!N58 -> 0 | O58: =I58+'26.5'!O58 -> 0
A59: 期末库存煤量 | B59: 吨 | C59: 054 | D59: =SUM(G59:I59) -> 103499.61 | E59: =K59 -> 42846 | F59: =L59 -> 11815 | G59: =SUM(E59:F59) -> 54661 | H59: =N59 -> 28612.66 | I59: =O59 -> 20225.95 | J59: =M59+N59+O59 -> 103499.61 | K59: ='26.5'!K59+E57-E14-E58 -> 42846 | L59: ='26.5'!L59+F57-F14-F58 -> 11815 | M59: =SUM(K59:L59) -> 54661 | N59: ='26.5'!N59+H57-H14-H58 -> 28612.66 | O59: ='26.5'!O59+I57-I14-I58 -> 20225.95
A60: 外购电量 | B60: 千瓦时 | C60: 055 | D60: =SUM(G60:I60) -> 0 | J60: =M60+N60+O60 -> 2855811 | K60: =E60+'26.5'!K60 -> 0 | L60: =F60+'26.5'!L60 -> 0 | M60: =SUM(K60:L60) -> 0 | N60: =H60+'26.5'!N60 -> 1828619 | O60: =I60+'26.5'!O60 -> 1027192
A61: 其中：热网耗电量 | B61: 千瓦时 | C61: 056 | D61: =SUM(G61:I61) -> 0 | G61: =SUM(E61:F61) -> 0 | J61: =M61+N61+O61 -> 2855811 | K61: =E61+'26.5'!K61 -> 0 | L61: =F61+'26.5'!L61 -> 0 | M61: =SUM(K61:L61) -> 0 | N61: =H61+'26.5'!N61 -> 1828619 | O61: =I61+'26.5'!O61 -> 1027192
A62: 热网耗水量 | B62: 吨 | C62: 057 | D62: =SUM(G62:I62) -> 0 | G62: =SUM(E62:F62) -> 0 | J62: =M62+N62+O62 -> 63546 | K62: =E62+'26.5'!K62 -> 0 | L62: =F62+'26.5'!L62 -> 0 | M62: =SUM(K62:L62) -> 0 | N62: =H62+'26.5'!N62 -> 40661 | O62: =I62+'26.5'!O62 -> 22885
A63: 主城区电厂低温水网补水量 | B63: 吨 | C63: 058 | D63: =SUM(G63:I63) -> 0 | G63: =SUM(E63:F63) -> 0 | J63: =M63+N63+O63 -> 25920 | K63: =E63+'26.5'!K63 -> 0 | L63: =F63+'26.5'!L63 -> 25920 | M63: =SUM(K63:L63) -> 25920 | N63: =H63+'26.5'!N63 -> 0 | O63: =I63+'26.5'!O63 -> 0
A64: 高温水网补水量 | B64: 吨 | C64: 059 | D64: =SUM(G64:I64) -> 0 | G64: =SUM(E64:F64) -> 0 | J64: =M64+N64+O64 -> 73699 | K64: =E64+'26.5'!K64 -> 73699 | L64: =F64+'26.5'!L64 -> 0 | M64: =SUM(K64:L64) -> 73699 | N64: =H64+'26.5'!N64 -> 0 | O64: =I64+'26.5'!O64 -> 0
A65: 脱硫脱硝耗水量 | B65: 吨 | C65: 060 | D65: =SUM(G65:I65) -> 0 | G65: =SUM(E65:F65) -> 0 | J65: =M65+N65+O65 -> 70369 | K65: =E65+'26.5'!K65 -> 6302 | L65: =F65+'26.5'!L65 -> 32849 | M65: =SUM(K65:L65) -> 39151 | N65: =H65+'26.5'!N65 -> 23814 | O65: =I65+'26.5'!O65 -> 7404
A66: 脱硫脱硝耗电量 | B66: 千瓦时 | C66: 061 | D66: =SUM(G66:I66) -> 0 | G66: =SUM(E66:F66) -> 0 | J66: =M66+N66+O66 -> 3730739 | K66: =E66+'26.5'!K66 -> 1072980 | L66: =F66+'26.5'!L66 -> 1283190 | M66: =SUM(K66:L66) -> 2356170 | N66: =H66+'26.5'!N66 -> 754606 | O66: =I66+'26.5'!O66 -> 619963
A67: 发电耗水量 | B67: 吨 | C67: 062 | D67: =SUM(G67:I67) -> #DIV/0! | E67: =(E20-E63-E64-E12)*(1-E54) -> #DIV/0! | F67: =(F20-F63-F64-F12)*(1-F54) -> #DIV/0! | G67: =(G20-G63-G12)*(1-G54) -> #DIV/0! | H67: =(H20-H62-H12)*(1-H54) -> #DIV/0! | I67: =(I20-I62-I12)*(1-I54) -> #DIV/0! | J67: =M67+N67+O67 -> 44242.777 | K67: =(K20-K63-K64-K12)*(1-K54) -> 14378.134 | L67: =(L20-L63-L64-L12)*(1-L54) -> 16210.141 | M67: =SUM(K67:L67) -> 30588.275 | N67: =(N20-N62-N12)*(1-N54) -> 10832.357 | O67: =(O20-O62-O12)*(1-O54) -> 2822.1455
A68: 供热耗水量 | B68: 吨 | C68: 063 | D68: =SUM(G68:I68) -> #DIV/0! | E68: =(E20-E63-E64-E12)*E54+E12 -> #DIV/0! | F68: =(F20-F63-F64-F12)*F54+F12 -> #DIV/0! | G68: =(G20-G63-G12)*G54+G12 -> #DIV/0! | H68: =(H20-H62-H12)*H54+H12+H62 -> #DIV/0! | I68: =(I20-I62-I12)*I54+I12+I62 -> #DIV/0! | J68: =M68+N68+O68 -> 357969.22 | K68: =(K20-K63-K64-K12)*K54+K12 -> 89532.866 | L68: =(L20-L63-L64-L12)*L54+L12 -> 152643.86 | M68: =SUM(K68:L68) -> 242176.72 | N68: =(N20-N62-N12)*N54+N12+N62 -> 83961.643 | O68: =(O20-O62-O12)*O54+O12+O62 -> 31830.855
A69: 发电水耗率 | B69: 吨/万千瓦时 | C69: 064 | D69: =D67/(D7/10000) -> #DIV/0! | E69: =E67/(E7/10000) -> #DIV/0! | F69: =F67/(F7/10000) -> #DIV/0! | G69: =G67/(G7/10000) -> #DIV/0! | H69: =H67/(H7/10000) -> #DIV/0! | I69: =I67/(I7/10000) -> #DIV/0! | J69: =J67/(J7/10000) -> 2.8283805 | K69: =K67/(K7/10000) -> 2.3666308 | ... O69: =O67/(O7/10000) -> 1.838184
A70: 供热水耗率 | B70: 吨/吉焦 | C70: 065 | D70: =D68/D9 -> #DIV/0! | E70: =E68/E9 -> #DIV/0! | F70: =F68/F9 -> #DIV/0! | G70: =G68/G9 -> #DIV/0! | H70: =H68/H9 -> #DIV/0! | I70: =I68/I9 -> #DIV/0! | J70: =J68/J9 -> 0.12740995 | K70: =K68/K9 -> 0.091338706 | ... O70: =O68/O9 -> 0.10897458
D72: 低真空补水量
D73: 首站电量
D74: 首站补水量

Sheet 26.7
A1: 大连市热电集团所属热电厂生产月报表
A2: 2026 年 7 月
A3: 指 标 名 称 | B3: 计量单位 | C3: 代码 | D3: 本 月 实 际 | J3: 本 年 累 计
D4: 合 计 | E4: 其 中 | J4: 合 计 | K4: 其 中
E5: 北海热电厂 | F5: 香海热电厂 | G5: 主城区小计 | H5: 金州热电厂 | I5: 瓦房店热电厂 | K5: 北海热电厂 | L5: 香海热电厂 | M5: 主城区小计 | N5: 金州热电厂 | O5: 瓦房店热电厂
A6: 发电机组容量 | B6: 万千瓦 | C6: 001 | D6: =G6+H6+I6 -> 26.88 | E6: 10 | F6: 10 | G6: =SUM(E6:F6) -> 20 | H6: 3.6 | I6: =3.96-0.68 -> 3.28 | J6: =M6+N6+O6 -> 26.88 | K6: 10 | L6: 10 | M6: =SUM(K6:L6) -> 20 | N6: 3.6 | O6: 3.28
A7: 发电量 | B7: 千瓦时 | C7: 002 | D7: =G7+H7+I7 -> 0 | E7: =[7]产量!$C$15 -> 0 | F7: =[7]产量!$C$19 -> 0 | G7: =SUM(E7:F7) -> 0 | J7: =M7+N7+O7 -> 156424420 | K7: =E7+'26.6'!K7 -> 60753600 | L7: =F7+'26.6'!L7 -> 57676320 | M7: =SUM(K7:L7) -> 118429920 | N7: =H7+'26.6'!N7 -> 22641600 | O7: =I7+'26.6'!O7 -> 15352900
A8: 供电量 | B8: 千瓦时 | C8: 003 | D8: =G8+H8+I8 -> 0 | E8: =[7]产量!$E$15 -> 0 | F8: =[7]产量!$E$19 -> 0 | G8: =SUM(E8:F8) -> 0 | J8: =M8+N8+O8 -> 105076944 | K8: =E8+'26.6'!K8 -> 37145916 | L8: =F8+'26.6'!L8 -> 41137272 | M8: =SUM(K8:L8) -> 78283188 | N8: =H8+'26.6'!N8 -> 15642792 | O8: =I8+'26.6'!O8 -> 11150964
A9: 供热量 | B9: 吉焦 | C9: 004 | D9: =G9+H9+I9 -> 0 | E9: =[7]产量!$G$6 -> 0 | F9: =[7]产量!$G$7 -> 0 | G9: =SUM(E9:F9) -> 0 | J9: =M9+N9+O9 -> 2809586.1 | K9: =E9+'26.6'!K9 -> 980229.19 | L9: =F9+'26.6'!L9 -> 967138.54 | M9: =SUM(K9:L9) -> 1947367.7 | N9: =H9+'26.6'!N9 -> 570124 | O9: =I9+'26.6'!O9 -> 292094.32
A10: 其中：低真空、热泵供热量 | B10: 吉焦 | C10: 005 | D10: =G10+H10+I10 -> 0 | F10: =[7]产量!$G$29 -> 0 | G10: =SUM(E10:F10) -> 0 | J10: =M10+N10+O10 -> 377963 | K10: =E10+'26.6'!K10 -> 0 | L10: =F10+'26.6'!L10 -> 264848 | M10: =SUM(K10:L10) -> 264848 | N10: =H10+'26.6'!N10 -> 113115 | O10: =I10+'26.6'!O10 -> 0
A11: 高温水网供热量 | B11: 吉焦 | C11: 006 | D11: =G11+H11+I11 -> 0 | E11: =[7]产量!$G$28 -> 0 | F11: =[7]产量!$G$30 -> 0 | G11: =SUM(E11:F11) -> 0 | H11: =H9-H10 -> 0 | I11: =I9-I10 -> 0 | J11: =M11+N11+O11 -> 2097098.7 | K11: =E11+'26.6'!K11 -> 875606.4 | L11: =F11+'26.6'!L11 -> 472389 | M11: =SUM(K11:L11) -> 1347995.4 | N11: =H11+'26.6'!N11 -> 457009 | O11: =I11+'26.6'!O11 -> 292094.32
A12: 供汽量 | B12: 吨 | C12: 007 | D12: =G12+H12+I12 -> 0 | E12: =[7]产量!$G$15 -> 0 | F12: =[7]产量!$G$19 -> 0 | G12: =SUM(E12:F12) -> 0 | H12: 0 | I12: 0 | J12: =M12+N12+O12 -> 113333 | K12: =E12+'26.6'!K12 -> 35445 | L12: =F12+'26.6'!L12 -> 77888 | M12: =SUM(K12:L12) -> 113333 | N12: =H12+'26.6'!N12 -> 0 | O12: =I12+'26.6'!O12 -> 0
A13: 期末供暖收费面积 | B13: 平方米 | C13: 008 | N13: =H13 -> 0 | O13: =I13 -> 0
A14: 生产耗原煤量 | B14: 吨 | C14: 009 | D14: =D15+D16 -> 0 | E14: =E15+E16 -> 0 | F14: =F15+F16 -> 0 | G14: =G15+G16 -> 0 | H14: =H15+H16 -> 0 | I14: =I15+I16 -> 0 | J14: =J15+J16 -> 201466.19 | K14: =K15+K16 -> 68272 | ... O14: =O15+O16 -> 20654.19
A15: 发电耗原煤量 | B15: 吨 | C15: 010 | D15: =G15+H15+I15 -> 0 | G15: =SUM(E15:F15) -> 0 | J15: =M15+N15+O15 -> 40206.772 | K15: =E15+'26.6'!K15 -> 14337.393 | L15: =F15+'26.6'!L15 -> 13051.19 | M15: =SUM(K15:L15) -> 27388.583 | N15: =H15+'26.6'!N15 -> 7865 | O15: =I15+'26.6'!O15 -> 4953.189
A16: 供热耗原煤量 | B16: 吨 | C16: 011 | D16: =G16+H16+I16 -> 0 | G16: =SUM(E16:F16) -> 0 | J16: =M16+N16+O16 -> 161259.42 | K16: =E16+'26.6'!K16 -> 53934.607 | L16: =F16+'26.6'!L16 -> 60187.81 | M16: =SUM(K16:L16) -> 114122.42 | N16: =H16+'26.6'!N16 -> 31436 | O16: =I16+'26.6'!O16 -> 15701.001
A17: 锅炉耗油量 | B17: 吨 | C17: 012 | D17: =D18+D19 -> 0 | E17: =E18+E19 -> 0 | F17: =F18+F19 -> 0 | G17: =G18+G19 -> 0 | H17: =H18+H19 -> 0 | I17: =I18+I19 -> 0 | J17: =J18+J19 -> 108.5 | K17: =K18+K19 -> 69.3 | ... O17: =O18+O19 -> 0.2
A18: 发电耗油量 | B18: 吨 | C18: 013 | D18: =G18+H18+I18 -> 0 | G18: =SUM(E18:F18) -> 0 | J18: =M18+N18+O18 -> 22.05624 | K18: =E18+'26.6'!K18 -> 14.553277 | L18: =F18+'26.6'!L18 -> 4.455 | M18: =SUM(K18:L18) -> 19.008277 | N18: =H18+'26.6'!N18 -> 3 | O18: =I18+'26.6'!O18 -> 0.047963043
A19: 供热耗油量 | B19: 吨 | C19: 014 | D19: =G19+H19+I19 -> 0 | G19: =SUM(E19:F19) -> 0 | J19: =M19+N19+O19 -> 86.44376 | K19: =E19+'26.6'!K19 -> 54.746723 | L19: =F19+'26.6'!L19 -> 20.545 | M19: =SUM(K19:L19) -> 75.291723 | N19: =H19+'26.6'!N19 -> 11 | O19: =I19+'26.6'!O19 -> 0.15203696
A20: 耗水量 | B20: 吨 | C20: 015 | D20: =G20+H20+I20 -> 0 | G20: =SUM(E20:F20) -> 0 | J20: =M20+N20+O20 -> 501831 | K20: =E20+'26.6'!K20 -> 177610 | L20: =F20+'26.6'!L20 -> 194774 | M20: =SUM(K20:L20) -> 372384 | N20: =H20+'26.6'!N20 -> 94794 | O20: =I20+'26.6'!O20 -> 34653
A21: 其中：耗再生水量(或井水) | B21: 吨 | C21: 016 | D21: =G21+H21+I21 -> 0 | G21: =SUM(E21:F21) -> 0 | J21: =M21+N21+O21 -> 132751 | K21: =E21+'26.6'!K21 -> 121213 | L21: =F21+'26.6'!L21 -> 0 | M21: =SUM(K21:L21) -> 121213 | N21: =H21+'26.6'!N21 -> 0 | O21: =I21+'26.6'!O21 -> 11538
A22: 耗酸量 | B22: 吨 | C22: 017 | D22: =G22+H22+I22 -> 0 | G22: =SUM(E22:F22) -> 0 | J22: =M22+N22+O22 -> 63.71 | K22: =E22+'26.6'!K22 -> 6.4 | L22: =F22+'26.6'!L22 -> 40 | M22: =SUM(K22:L22) -> 46.4 | N22: =H22+'26.6'!N22 -> 15 | O22: =I22+'26.6'!O22 -> 2.31
A23: 耗碱量 | B23: 吨 | C23: 018 | D23: =G23+H23+I23 -> 0 | G23: =SUM(E23:F23) -> 0 | J23: =M23+N23+O23 -> 54 | K23: =E23+'26.6'!K23 -> 9.7 | L23: =F23+'26.6'!L23 -> 32 | M23: =SUM(K23:L23) -> 41.7 | N23: =H23+'26.6'!N23 -> 10 | O23: =I23+'26.6'!O23 -> 2.3
A24: 耗石灰石量 | B24: 吨 | C24: 019 | D24: =G24+H24+I24 -> 0 | G24: =SUM(E24:F24) -> 0 | J24: =M24+N24+O24 -> 601.88 | K24: =E24+'26.6'!K24 -> 0 | L24: =F24+'26.6'!L24 -> 0 | M24: =SUM(K24:L24) -> 0 | N24: =H24+'26.6'!N24 -> 0 | O24: =I24+'26.6'!O24 -> 601.88
A25: 耗石灰石粉量 | B25: 吨 | C25: 020 | D25: =G25+H25+I25 -> 0 | G25: =SUM(E25:F25) -> 0 | J25: =M25+N25+O25 -> 3965.38 | K25: =E25+'26.6'!K25 -> 2045 | L25: =F25+'26.6'!L25 -> 854 | M25: =SUM(K25:L25) -> 2899 | N25: =H25+'26.6'!N25 -> 702 | O25: =I25+'26.6'!O25 -> 364.38
A26: 耗氨水量 | B26: 吨 | C26: 021 | D26: =G26+H26+I26 -> 0 | G26: =SUM(E26:F26) -> 0 | J26: =M26+N26+O26 -> 972.013 | K26: =E26+'26.6'!K26 -> 377.74 | L26: =F26+'26.6'!L26 -> 201 | M26: =SUM(K26:L26) -> 578.74 | N26: =H26+'26.6'!N26 -> 319 | O26: =I26+'26.6'!O26 -> 74.273
A27: 耗阻垢剂量(水质稳定剂) | B27: 吨 | C27: 022 | D27: =G27+H27+I27 -> 0 | G27: =SUM(E27:F27) -> 0 | J27: =M27+N27+O27 -> 3.125 | K27: =E27+'26.6'!K27 -> 1.075 | L27: =F27+'26.6'!L27 -> 1 | M27: =SUM(K27:L27) -> 2.075 | N27: =H27+'26.6'!N27 -> 1 | O27: =I27+'26.6'!O27 -> 0.05
A28: 耗杀菌剂量 | B28: 吨 | C28: 023 | D28: =G28+H28+I28 -> 0 | G28: =SUM(E28:F28) -> 0 | J28: =M28+N28+O28 -> 0 | K28: =E28+'26.6'!K28 -> 0 | L28: =F28+'26.6'!L28 -> 0 | M28: =SUM(K28:L28) -> 0 | N28: =H28+'26.6'!N28 -> 0 | O28: =I28+'26.6'!O28 -> 0
A29: 耗钢球量 | B29: 吨 | C29: 024 | D29: =G29+H29+I29 -> 0 | G29: =SUM(E29:F29) -> 0 | J29: =M29+N29+O29 -> 28 | K29: =E29+'26.6'!K29 -> 28 | L29: =F29+'26.6'!L29 -> 0 | M29: =SUM(K29:L29) -> 28 | N29: =H29+'26.6'!N29 -> 0 | O29: =I29+'26.6'!O29 -> 0
A30: 综合厂用电量 | B30: 千瓦时 | C30: 025 | D30: =G30+H30+I30 -> 0 | E30: =E7-E8 -> 0 | F30: =F7-F8 -> 0 | G30: =G7-G8 -> 0 | H30: =H7-H8 -> 0 | I30: =I7-I8 -> 0 | J30: =M30+N30+O30 -> 51347476 | K30: =E30+'26.6'!K30 -> 23607684 | L30: =F30+'26.6'!L30 -> 16539048 | M30: =M7-M8 -> 40146732 | N30: =H30+'26.6'!N30 -> 6998808 | O30: =I30+'26.6'!O30 -> 4201936
A31: 非生产厂用电量 | B31: 千瓦时 | C31: 026 | D31: =G31+H31+I31 -> 0 | G31: =SUM(E31:F31) -> 0 | J31: =M31+N31+O31 -> 7167192.5 | K31: =E31+'26.6'!K31 -> 6593264.5 | L31: =F31+'26.6'!L31 -> 573928 | M31: =SUM(K31:L31) -> 7167192.5 | N31: =H31+'26.6'!N31 -> 0 | O31: =I31+'26.6'!O31 -> 0
A32: 生产厂用电量 | B32: 千瓦时 | C32: 027 | D32: =D33+D34 -> 0 | E32: =E33+E34 -> 0 | F32: =F33+F34 -> 0 | G32: =G33+G34 -> 0 | H32: =H33+H34 -> 0 | I32: =I33+I34 -> 0 | J32: =J33+J34 -> 44180283 | K32: =K33+K34 -> 17014419 | ... O32: =O33+O34 -> 4201936
A33: 其中：发电厂用电量 | B33: 千瓦时 | C33: 028 | D33: =G33+H33+I33 -> 0 | G33: =SUM(E33:F33) -> 0 | J33: =M33+N33+O33 -> 8826323.6 | K33: =E33+'26.6'!K33 -> 3573096 | L33: =F33+'26.6'!L33 -> 2844984.4 | M33: =SUM(K33:L33) -> 6418080.4 | N33: =H33+'26.6'!N33 -> 1400555 | O33: =I33+'26.6'!O33 -> 1007688.2
A34: 供热厂用电量 | B34: 千瓦时 | C34: 029 | D34: =G34+H34+I34 -> 0 | G34: =SUM(E34:F34) -> 0 | J34: =M34+N34+O34 -> 35353959 | K34: =E34+'26.6'!K34 -> 13441323 | L34: =F34+'26.6'!L34 -> 13120136 | M34: =SUM(K34:L34) -> 26561458 | N34: =H34+'26.6'!N34 -> 5598253 | O34: =I34+'26.6'!O34 -> 3194247.8
A35: 综合厂用电率 | B35: % | C35: 030 | D35: =D30*100/D7 -> #DIV/0! | E35: =E30*100/E7 -> #DIV/0! | F35: =F30*100/F7 -> #DIV/0! | G35: =G30*100/G7 -> #DIV/0! | H35: =H30*100/H7 -> #DIV/0! | I35: =I30*100/I7 -> #DIV/0! | J35: =J30*100/J7 -> 32.825742 | K35: =K30*100/K7 -> 38.858082 | ... O35: =O30*100/O7 -> 27.369005
A36: 发电厂用电率 | B36: % | C36: 031 | D36: =D33*100/D7 -> #DIV/0! | E36: =E33*100/E7 -> #DIV/0! | F36: =F33*100/F7 -> #DIV/0! | G36: =G33*100/G7 -> #DIV/0! | H36: =H33*100/H7 -> #DIV/0! | I36: =I33*100/I7 -> #DIV/0! | J36: =J33*100/J7 -> 5.6425484 | K36: =K33*100/K7 -> 5.881291 | ... O36: =O33*100/O7 -> 6.5635039
A37: 供热厂用电率 | B37: 千瓦时/吉焦 | C37: 032 | D37: =D34/D9 -> #DIV/0! | E37: =E34/E9 -> #DIV/0! | F37: =F34/F9 -> #DIV/0! | G37: =G34/G9 -> #DIV/0! | H37: =H34/H9 -> #DIV/0! | I37: =I34/I9 -> #DIV/0! | J37: =J34/J9 -> 12.583334 | K37: =K34/K9 -> 13.712429 | ... O37: =O34/O9 -> 10.935672
A38: 耗标煤总量 | B38: 吨 | C38: 033 | D38: =D39+D42 -> 0 | E38: =E39+E42 -> 0 | F38: =F39+F42 -> 0 | G38: =G39+G42 -> 0 | H38: =H39+H42 -> 0 | I38: =I39+I42 -> 0 | J38: =J39+J42 -> 137897.36 | K38: =K39+K42 -> 46848.881 | ... O38: =O39+O42 -> 14852.348
A39: 发电标准煤耗量 | B39: 吨 | C39: 034 | D39: =D40+D41 -> 0 | E39: =E40+E41 -> 0 | F39: =F40+F41 -> 0 | G39: =G40+G41 -> 0 | H39: =H40+H41 -> 0 | I39: =I40+I41 -> 0 | J39: =J40+J41 -> 27596.4 | K39: =K40+K41 -> 9838.4525 | ... O39: =O40+O41 -> 3561.819
A40: 其中：煤折标准煤量 | B40: 吨 | C40: 035 | D40: =G40+H40+I40 -> 0 | G40: =SUM(E40:F40) -> 0 | J40: =M40+N40+O40 -> 27564.635 | K40: =E40+'26.6'!K40 -> 9817.2469 | L40: =F40+'26.6'!L40 -> 8544.6373 | M40: =SUM(K40:L40) -> 18361.884 | N40: =H40+'26.6'!N40 -> 5641 | O40: =I40+'26.6'!O40 -> 3561.7504
A41: 油折标准煤量 | B41: 吨 | C41: 036 | D41: =G41+H41+I41 -> 0 | G41: =SUM(E41:F41) -> 0 | J41: =M41+N41+O41 -> 31.765479 | K41: =E41+'26.6'!K41 -> 21.20558 | L41: =F41+'26.6'!L41 -> 6.4913805 | M41: =SUM(K41:L41) -> 27.696961 | N41: =H41+'26.6'!N41 -> 4 | O41: =I41+'26.6'!O41 -> 0.068518633
A42: 供热标准煤耗量 | B42: 吨 | C42: 037 | D42: =D43+D44 -> 0 | E42: =E43+E44 -> 0 | F42: =F43+F44 -> 0 | G42: =G43+G44 -> 0 | H42: =H43+H44 -> 0 | I42: =I43+I44 -> 0 | J42: =J43+J44 -> 110300.96 | K42: =K43+K44 -> 37010.429 | ... O42: =O43+O44 -> 11290.529
A43: 其中：煤折标准煤量 | B43: 吨 | C43: 038 | D43: =G43+H43+I43 -> 0 | G43: =SUM(E43:F43) -> 0 | J43: =M43+N43+O43 -> 110175.03 | K43: =E43+'26.6'!K43 -> 36930.655 | L43: =F43+'26.6'!L43 -> 39405.067 | M43: =SUM(K43:L43) -> 76335.722 | N43: =H43+'26.6'!N43 -> 22549 | O43: =I43+'26.6'!O43 -> 11290.311
A44: 油折标准煤量 | B44: 吨 | C44: 039 | D44: =G44+H44+I44 -> 0 | G44: =SUM(E44:F44) -> 0 | J44: =M44+N44+O44 -> 125.92711 | K44: =E44+'26.6'!K44 -> 79.773796 | L44: =F44+'26.6'!L44 -> 29.93612 | M44: =SUM(K44:L44) -> 109.70992 | N44: =H44+'26.6'!N44 -> 16 | O44: =I44+'26.6'!O44 -> 0.21719565
A45: 发电标准煤耗率 | B45: 克/千瓦时 | C45: 040 | D45: =D39*1000000/D7 -> #DIV/0! | E45: =E39*1000000/E7 -> #DIV/0! | F45: =F39*1000000/F7 -> #DIV/0! | G45: =G39*1000000/G7 -> #DIV/0! | H45: =H39*1000000/H7 -> #DIV/0! | I45: =I39*1000000/I7 -> #DIV/0! | J45: =J39*1000000/J7 -> 176.42003 | K45: =K39*1000000/K7 -> 161.94024 | ... O45: =O39*1000000/O7 -> 231.99649
A46: 供电标准煤耗率 | B46: 克/千瓦时 | C46: 041 | D46: =D39*1000000/(D7-D33) -> #DIV/0! | E46: =E39*1000000/(E7-E33) -> #DIV/0! | F46: =F39*1000000/(F7-F33) -> #DIV/0! | G46: =G39*1000000/(G7-G33) -> #DIV/0! | H46: =H39*1000000/(H7-H33) -> #DIV/0! | I46: =I39*1000000/(I7-I33) -> #DIV/0! | J46: =J39*1000000/(J7-J33) -> 186.96989 | K46: =K39*1000000/(K7-K33) -> 172.05956 | ... O46: =O39*1000000/(O7-O33) -> 248.29323
A47: 供热标准煤耗率 | B47: 千克/吉焦 | C47: 042 | D47: =D42*1000/D9 -> #DIV/0! | E47: =E42*1000/E9 -> #DIV/0! | F47: =F42*1000/F9 -> #DIV/0! | G47: =G42*1000/G9 -> #DIV/0! | H47: =H42*1000/H9 -> #DIV/0! | I47: =I42*1000/I9 -> #DIV/0! | J47: =J42*1000/J9 -> 39.258794 | K47: =K42*1000/K9 -> 37.756913 | ... O47: =O42*1000/O9 -> 38.653708
A48: 入炉煤低位发热量 | B48: 千焦/千克 | C48: 043 | D48: =(D40+D43)*29308/D14 -> #DIV/0! | E48: =(E40+E43)*29308/E14 -> #DIV/0! | F48: =(F40+F43)*29308/F14 -> #DIV/0! | G48: =(G40+G43)*29308/G14 -> #DIV/0! | H48: =(H40+H43)*29308/H14 -> #DIV/0! | I48: =(I40+I43)*29308/I14 -> #DIV/0! | J48: =(J40+J43)*29308/J14 -> 20037.477 | K48: =(K40+K43)*29308/K14 -> 20068.073 | ... O48: =(O40+O43)*29308/O14 -> 21074.863
A49: 入厂煤低位发热量 | B49: 千焦/千克 | C49: 044 | K49: 20235.425 | L49: 19728.953 | M49: 0 | N49: 19766.17 | O49: 20675
A50: 发电最高负荷 | B50: 千瓦 | C50: 045 | D50: =G50+H50+I50 -> 0 | G50: =SUM(E50:F50) -> 0 | J50: =M50+N50+O50 -> 245380 | K50: 103680 | L50: 89280 | M50: =SUM(K50:L50) -> 192960 | N50: 37920 | O50: 14500
A51: 供热最高负荷 | B51: 吨/时 | C51: 046 | D51: =G51+H51+I51 -> 0 | G51: =SUM(E51:F51) -> 0 | J51: =M51+N51+O51 -> 657 | K51: 48 | L51: 109 | M51: =SUM(K51:L51) -> 157 | N51: 350 | O51: 150
A52: 发电设备利用率 | B52: % | C52: 047 | D52: =D7/10000/D6/(DAY(DATE(2026,8,0))*24) -> 0 | E52: =E7/10000/E6/(DAY(DATE(2026,8,0))*24) -> 0 | F52: =F7/10000/F6/(DAY(DATE(2026,8,0))*24) -> 0 | G52: =G7/10000/G6/(DAY(DATE(2026,8,0))*24) -> 0 | H52: =H7/10000/H6/(DAY(DATE(2026,8,0))*24) -> 0 | I52: =I7/10000/I6/(DAY(DATE(2026,8,0))*24) -> 0 | J52: =J7/10000/J6/(DATEDIF(DATE(2026,1,1),DATE(2026,8,1),"D")*24) -> 0.11437423 | K52: =K7/10000/K6/(DATEDIF(DATE(2026,1,1),DATE(2026,8,1),"D")*24) -> 0.11940566 | L52: =L7/10000/L6/(DATEDIF(DATE(2026,1,1),DATE(2026,8,1),"D")*24) -> 0.11335755 | M52: =M7/10000/M6/(DATEDIF(DATE(2026,1,1),DATE(2026,8,1),"D")*24) -> 0.1163816 | N52: =N7/10000/N6/(DATEDIF(DATE(2026,1,1),DATE(2026,8,1),"D")*24) -> 0.12361111 | O52: =O7/10000/O6/(DATEDIF(DATE(2026,1,1),DATE(2026,8,1),"D")*24) -> 0.091996112
A53: 供热设备利用率 | B53: % | C53: 048 | D53: =D9*1000/1986/((DAY(DATE(2026,8,0))*24)*3600) -> 0 | E53: =E9*1000/577/((DAY(DATE(2026,8,0))*24)*3600) -> 0 | F53: =F9*1000/528/((DAY(DATE(2026,8,0))*24)*3600) -> 0 | G53: =G9*1000/1442/((DAY(DATE(2026,8,0))*24)*3600) -> 0 | H53: =H9*1000/414/((DAY(DATE(2026,8,0))*24)*3600) -> 0 | I53: =I9*1000/130/((DAY(DATE(2026,8,0))*24)*3600) -> 0 | J53: =J9*1000/1986/((DATEDIF(DATE(2026,1,1),DATE(2026,8,1),"D")*24)*3600) -> 0.077234883 | K53: =K9*1000/577/((DATEDIF(DATE(2026,1,1),DATE(2026,8,1),"D")*24)*3600) -> 0.092747501 | L53: =L9*1000/528/((DATEDIF(DATE(2026,1,1),DATE(2026,8,1),"D")*24)*3600) -> 0.10000119 | M53: =M9*1000/1442/((DATEDIF(DATE(2026,1,1),DATE(2026,8,1),"D")*24)*3600) -> 0.073728111 | N53: =N9*1000/414/((DATEDIF(DATE(2026,1,1),DATE(2026,8,1),"D")*24)*3600) -> 0.075182953 | O53: =O9*1000/130/((DATEDIF(DATE(2026,1,1),DATE(2026,8,1),"D")*24)*3600) -> 0.12266768
A54: 热分摊比 | B54: % | C54: 049 | D54: =D42/D38 -> #DIV/0! | E54: =E42/E38 -> #DIV/0! | F54: =F42/F38 -> #DIV/0! | G54: =G42/G38 -> #DIV/0! | H54: =H42/H38 -> #DIV/0! | I54: =I42/I38 -> #DIV/0! | J54: =J42/J38 -> 0.79987724 | K54: =K42/K38 -> 0.789996 | ... O54: =O42/O38 -> 0.76018478
A55: 热电比 | B55: % | C55: 050 | D55: =D9*1000000/(D8*3600) -> #DIV/0! | E55: =E9*1000000/(E8*3600) -> #DIV/0! | F55: =F9*1000000/(F8*3600) -> #DIV/0! | G55: =G9*1000000/(G8*3600) -> #DIV/0! | H55: =H9*1000000/(H8*3600) -> #DIV/0! | I55: =I9*1000000/(I8*3600) -> #DIV/0! | J55: =J9*1000000/(J8*3600) -> 7.4273246 | K55: =K9*1000000/(K8*3600) -> 7.3301702 | ... O55: =O9*1000000/(O8*3600) -> 7.2762598
A56: 全厂热效率 | B56: % | C56: 051 | D56: =(D9*1000+D8*3600/1000)/(D38*7000*4.1868) -> #DIV/0! | E56: =(E9*1000+E8*3600/1000)/(E38*7000*4.1868) -> #DIV/0! | F56: =(F9*1000+F8*3600/1000)/(F38*7000*4.1868) -> #DIV/0! | G56: =(G9*1000+G8*3600/1000)/(G38*7000*4.1868) -> #DIV/0! | H56: =(H9*1000+H8*3600/1000)/(H38*7000*4.1868) -> #DIV/0! | I56: =(I9*1000+I8*3600/1000)/(I38*7000*4.1868) -> #DIV/0! | J56: =(J9*1000+J8*3600/1000)/(J38*7000*4.1868) -> 0.78879372 | K56: =(K9*1000+K8*3600/1000)/(K38*7000*4.1868) -> 0.81131213 | ... O56: =(O9*1000+O8*3600/1000)/(O38*7000*4.1868) -> 0.76326205
A57: 入厂煤量 | B57: 吨 | C57: 052 | D57: =G57+H57+I57 -> 0 | J57: =M57+N57+O57 -> 115274.92 | K57: =E57+'26.6'!K57 -> 26761 | L57: =F57+'26.6'!L57 -> 66608 | M57: =SUM(K57:L57) -> 93369 | N57: =H57+'26.6'!N57 -> 4890.18 | O57: =I57+'26.6'!O57 -> 17015.74
A58: 非生产耗煤量 | B58: 吨 | C58: 053 | D58: =SUM(G58:I58) -> 0 | G58: =SUM(E58:F58) -> 0 | J58: =SUM(M58:O58) -> 42844 | K58: =E58+'26.6'!K58 -> 42844 | L58: =F58+'26.6'!L58 -> 0 | M58: =SUM(K58:L58) -> 42844 | N58: =H58+'26.6'!N58 -> 0 | O58: =I58+'26.6'!O58 -> 0
A59: 期末库存煤量 | B59: 吨 | C59: 054 | D59: =SUM(G59:I59) -> 103499.61 | E59: =K59 -> 42846 | F59: =L59 -> 11815 | G59: =SUM(E59:F59) -> 54661 | H59: =N59 -> 28612.66 | I59: =O59 -> 20225.95 | J59: =M59+N59+O59 -> 103499.61 | K59: ='26.6'!K59+E57-E14-E58 -> 42846 | L59: ='26.6'!L59+F57-F14-F58 -> 11815 | M59: =SUM(K59:L59) -> 54661 | N59: ='26.6'!N59+H57-H14-H58 -> 28612.66 | O59: ='26.6'!O59+I57-I14-I58 -> 20225.95
A60: 外购电量 | B60: 千瓦时 | C60: 055 | D60: =SUM(G60:I60) -> 0 | J60: =M60+N60+O60 -> 2855811 | K60: =E60+'26.6'!K60 -> 0 | L60: =F60+'26.6'!L60 -> 0 | M60: =SUM(K60:L60) -> 0 | N60: =H60+'26.6'!N60 -> 1828619 | O60: =I60+'26.6'!O60 -> 1027192
A61: 其中：热网耗电量 | B61: 千瓦时 | C61: 056 | D61: =SUM(G61:I61) -> 0 | G61: =SUM(E61:F61) -> 0 | J61: =M61+N61+O61 -> 2855811 | K61: =E61+'26.6'!K61 -> 0 | L61: =F61+'26.6'!L61 -> 0 | M61: =SUM(K61:L61) -> 0 | N61: =H61+'26.6'!N61 -> 1828619 | O61: =I61+'26.6'!O61 -> 1027192
A62: 热网耗水量 | B62: 吨 | C62: 057 | D62: =SUM(G62:I62) -> 0 | G62: =SUM(E62:F62) -> 0 | J62: =M62+N62+O62 -> 63546 | K62: =E62+'26.6'!K62 -> 0 | L62: =F62+'26.6'!L62 -> 0 | M62: =SUM(K62:L62) -> 0 | N62: =H62+'26.6'!N62 -> 40661 | O62: =I62+'26.6'!O62 -> 22885
A63: 主城区电厂低温水网补水量 | B63: 吨 | C63: 058 | D63: =SUM(G63:I63) -> 0 | G63: =SUM(E63:F63) -> 0 | J63: =M63+N63+O63 -> 25920 | K63: =E63+'26.6'!K63 -> 0 | L63: =F63+'26.6'!L63 -> 25920 | M63: =SUM(K63:L63) -> 25920 | N63: =H63+'26.6'!N63 -> 0 | O63: =I63+'26.6'!O63 -> 0
A64: 高温水网补水量 | B64: 吨 | C64: 059 | D64: =SUM(G64:I64) -> 0 | G64: =SUM(E64:F64) -> 0 | J64: =M64+N64+O64 -> 73699 | K64: =E64+'26.6'!K64 -> 73699 | L64: =F64+'26.6'!L64 -> 0 | M64: =SUM(K64:L64) -> 73699 | N64: =H64+'26.6'!N64 -> 0 | O64: =I64+'26.6'!O64 -> 0
A65: 脱硫脱硝耗水量 | B65: 吨 | C65: 060 | D65: =SUM(G65:I65) -> 0 | G65: =SUM(E65:F65) -> 0 | J65: =M65+N65+O65 -> 70369 | K65: =E65+'26.6'!K65 -> 6302 | L65: =F65+'26.6'!L65 -> 32849 | M65: =SUM(K65:L65) -> 39151 | N65: =H65+'26.6'!N65 -> 23814 | O65: =I65+'26.6'!O65 -> 7404
A66: 脱硫脱硝耗电量 | B66: 千瓦时 | C66: 061 | D66: =SUM(G66:I66) -> 0 | G66: =SUM(E66:F66) -> 0 | J66: =M66+N66+O66 -> 3730739 | K66: =E66+'26.6'!K66 -> 1072980 | L66: =F66+'26.6'!L66 -> 1283190 | M66: =SUM(K66:L66) -> 2356170 | N66: =H66+'26.6'!N66 -> 754606 | O66: =I66+'26.6'!O66 -> 619963
A67: 发电耗水量 | B67: 吨 | C67: 062 | D67: =SUM(G67:I67) -> #DIV/0! | E67: =(E20-E63-E64-E12)*(1-E54) -> #DIV/0! | F67: =(F20-F63-F64-F12)*(1-F54) -> #DIV/0! | G67: =(G20-G63-G12)*(1-G54) -> #DIV/0! | H67: =(H20-H62-H12)*(1-H54) -> #DIV/0! | I67: =(I20-I62-I12)*(1-I54) -> #DIV/0! | J67: =M67+N67+O67 -> 44242.777 | K67: =(K20-K63-K64-K12)*(1-K54) -> 14378.134 | L67: =(L20-L63-L64-L12)*(1-L54) -> 16210.141 | M67: =SUM(K67:L67) -> 30588.275 | N67: =(N20-N62-N12)*(1-N54) -> 10832.357 | O67: =(O20-O62-O12)*(1-O54) -> 2822.1455
A68: 供热耗水量 | B68: 吨 | C68: 063 | D68: =SUM(G68:I68) -> #DIV/0! | E68: =(E20-E63-E64-E12)*E54+E12 -> #DIV/0! | F68: =(F20-F63-F64-F12)*F54+F12 -> #DIV/0! | G68: =(G20-G63-G12)*G54+G12 -> #DIV/0! | H68: =(H20-H62-H12)*H54+H12+H62 -> #DIV/0! | I68: =(I20-I62-I12)*I54+I12+I62 -> #DIV/0! | J68: =M68+N68+O68 -> 357969.22 | K68: =(K20-K63-K64-K12)*K54+K12 -> 89532.866 | L68: =(L20-L63-L64-L12)*L54+L12 -> 152643.86 | M68: =SUM(K68:L68) -> 242176.72 | N68: =(N20-N62-N12)*N54+N12+N62 -> 83961.643 | O68: =(O20-O62-O12)*O54+O12+O62 -> 31830.855
A69: 发电水耗率 | B69: 吨/万千瓦时 | C69: 064 | D69: =D67/(D7/10000) -> #DIV/0! | E69: =E67/(E7/10000) -> #DIV/0! | F69: =F67/(F7/10000) -> #DIV/0! | G69: =G67/(G7/10000) -> #DIV/0! | H69: =H67/(H7/10000) -> #DIV/0! | I69: =I67/(I7/10000) -> #DIV/0! | J69: =J67/(J7/10000) -> 2.8283805 | K69: =K67/(K7/10000) -> 2.3666308 | ... O69: =O67/(O7/10000) -> 1.838184
A70: 供热水耗率 | B70: 吨/吉焦 | C70: 065 | D70: =D68/D9 -> #DIV/0! | E70: =E68/E9 -> #DIV/0! | F70: =F68/F9 -> #DIV/0! | G70: =G68/G9 -> #DIV/0! | H70: =H68/H9 -> #DIV/0! | I70: =I68/I9 -> #DIV/0! | J70: =J68/J9 -> 0.12740995 | K70: =K68/K9 -> 0.091338706 | ... O70: =O68/O9 -> 0.10897458
D72: 低真空补水量
D73: 首站电量
D74: 首站补水量

Sheet 26.8
A1: 大连市热电集团所属热电厂生产月报表
A2: 2026 年 8 月
A3: 指 标 名 称 | B3: 计量单位 | C3: 代码 | D3: 本 月 实 际 | J3: 本 年 累 计
D4: 合 计 | E4: 其 中 | J4: 合 计 | K4: 其 中
E5: 北海热电厂 | F5: 香海热电厂 | G5: 主城区小计 | H5: 金州热电厂 | I5: 瓦房店热电厂 | K5: 北海热电厂 | L5: 香海热电厂 | M5: 主城区小计 | N5: 金州热电厂 | O5: 瓦房店热电厂
A6: 发电机组容量 | B6: 万千瓦 | C6: 001 | D6: =G6+H6+I6 -> 26.88 | E6: 10 | F6: 10 | G6: =SUM(E6:F6) -> 20 | H6: 3.6 | I6: =3.96-0.68 -> 3.28 | J6: =M6+N6+O6 -> 26.88 | K6: 10 | L6: 10 | M6: =SUM(K6:L6) -> 20 | N6: 3.6 | O6: 3.28
A7: 发电量 | B7: 千瓦时 | C7: 002 | D7: =G7+H7+I7 -> 0 | E7: =[8]产量!$C$15 -> 0 | F7: =[8]产量!$C$19 -> 0 | G7: =SUM(E7:F7) -> 0 | J7: =M7+N7+O7 -> 156424420 | K7: =E7+'26.7'!K7 -> 60753600 | L7: =F7+'26.7'!L7 -> 57676320 | M7: =SUM(K7:L7) -> 118429920 | N7: =H7+'26.7'!N7 -> 22641600 | O7: =I7+'26.7'!O7 -> 15352900
A8: 供电量 | B8: 千瓦时 | C8: 003 | D8: =G8+H8+I8 -> 0 | E8: =[8]产量!$E$15 -> 0 | F8: =[8]产量!$E$19 -> 0 | G8: =SUM(E8:F8) -> 0 | J8: =M8+N8+O8 -> 105076944 | K8: =E8+'26.7'!K8 -> 37145916 | L8: =F8+'26.7'!L8 -> 41137272 | M8: =SUM(K8:L8) -> 78283188 | N8: =H8+'26.7'!N8 -> 15642792 | O8: =I8+'26.7'!O8 -> 11150964
A9: 供热量 | B9: 吉焦 | C9: 004 | D9: =G9+H9+I9 -> 0 | E9: =[8]产量!$G$6 -> 0 | F9: =[8]产量!$G$7 -> 0 | G9: =SUM(E9:F9) -> 0 | J9: =M9+N9+O9 -> 2809586.1 | K9: =E9+'26.7'!K9 -> 980229.19 | L9: =F9+'26.7'!L9 -> 967138.54 | M9: =SUM(K9:L9) -> 1947367.7 | N9: =H9+'26.7'!N9 -> 570124 | O9: =I9+'26.7'!O9 -> 292094.32
A10: 其中：低真空、热泵供热量 | B10: 吉焦 | C10: 005 | D10: =G10+H10+I10 -> 0 | F10: =[8]产量!$G$29 -> 0 | G10: =SUM(E10:F10) -> 0 | J10: =M10+N10+O10 -> 377963 | K10: =E10+'26.7'!K10 -> 0 | L10: =F10+'26.7'!L10 -> 264848 | M10: =SUM(K10:L10) -> 264848 | N10: =H10+'26.7'!N10 -> 113115 | O10: =I10+'26.7'!O10 -> 0
A11: 高温水网供热量 | B11: 吉焦 | C11: 006 | D11: =G11+H11+I11 -> 0 | E11: =[8]产量!$G$28 -> 0 | F11: =[8]产量!$G$30 -> 0 | G11: =SUM(E11:F11) -> 0 | H11: =H9-H10 -> 0 | I11: =I9-I10 -> 0 | J11: =M11+N11+O11 -> 2097098.7 | K11: =E11+'26.7'!K11 -> 875606.4 | L11: =F11+'26.7'!L11 -> 472389 | M11: =SUM(K11:L11) -> 1347995.4 | N11: =H11+'26.7'!N11 -> 457009 | O11: =I11+'26.7'!O11 -> 292094.32
A12: 供汽量 | B12: 吨 | C12: 007 | D12: =G12+H12+I12 -> 0 | E12: =[8]产量!$G$15 -> 0 | F12: =[8]产量!$G$19 -> 0 | G12: =SUM(E12:F12) -> 0 | H12: 0 | I12: 0 | J12: =M12+N12+O12 -> 113333 | K12: =E12+'26.7'!K12 -> 35445 | L12: =F12+'26.7'!L12 -> 77888 | M12: =SUM(K12:L12) -> 113333 | N12: =H12+'26.7'!N12 -> 0 | O12: =I12+'26.7'!O12 -> 0
A13: 期末供暖收费面积 | B13: 平方米 | C13: 008 | N13: =H13 -> 0 | O13: =I13 -> 0
A14: 生产耗原煤量 | B14: 吨 | C14: 009 | D14: =D15+D16 -> 0 | E14: =E15+E16 -> 0 | F14: =F15+F16 -> 0 | G14: =G15+G16 -> 0 | H14: =H15+H16 -> 0 | I14: =I15+I16 -> 0 | J14: =J15+J16 -> 201466.19 | K14: =K15+K16 -> 68272 | ... O14: =O15+O16 -> 20654.19
A15: 发电耗原煤量 | B15: 吨 | C15: 010 | D15: =G15+H15+I15 -> 0 | G15: =SUM(E15:F15) -> 0 | J15: =M15+N15+O15 -> 40206.772 | K15: =E15+'26.7'!K15 -> 14337.393 | L15: =F15+'26.7'!L15 -> 13051.19 | M15: =SUM(K15:L15) -> 27388.583 | N15: =H15+'26.7'!N15 -> 7865 | O15: =I15+'26.7'!O15 -> 4953.189
A16: 供热耗原煤量 | B16: 吨 | C16: 011 | D16: =G16+H16+I16 -> 0 | G16: =SUM(E16:F16) -> 0 | J16: =M16+N16+O16 -> 161259.42 | K16: =E16+'26.7'!K16 -> 53934.607 | L16: =F16+'26.7'!L16 -> 60187.81 | M16: =SUM(K16:L16) -> 114122.42 | N16: =H16+'26.7'!N16 -> 31436 | O16: =I16+'26.7'!O16 -> 15701.001
A17: 锅炉耗油量 | B17: 吨 | C17: 012 | D17: =D18+D19 -> 0 | E17: =E18+E19 -> 0 | F17: =F18+F19 -> 0 | G17: =G18+G19 -> 0 | H17: =H18+H19 -> 0 | I17: =I18+I19 -> 0 | J17: =J18+J19 -> 108.5 | K17: =K18+K19 -> 69.3 | ... O17: =O18+O19 -> 0.2
A18: 发电耗油量 | B18: 吨 | C18: 013 | D18: =G18+H18+I18 -> 0 | G18: =SUM(E18:F18) -> 0 | J18: =M18+N18+O18 -> 22.05624 | K18: =E18+'26.7'!K18 -> 14.553277 | L18: =F18+'26.7'!L18 -> 4.455 | M18: =SUM(K18:L18) -> 19.008277 | N18: =H18+'26.7'!N18 -> 3 | O18: =I18+'26.7'!O18 -> 0.047963043
A19: 供热耗油量 | B19: 吨 | C19: 014 | D19: =G19+H19+I19 -> 0 | G19: =SUM(E19:F19) -> 0 | J19: =M19+N19+O19 -> 86.44376 | K19: =E19+'26.7'!K19 -> 54.746723 | L19: =F19+'26.7'!L19 -> 20.545 | M19: =SUM(K19:L19) -> 75.291723 | N19: =H19+'26.7'!N19 -> 11 | O19: =I19+'26.7'!O19 -> 0.15203696
A20: 耗水量 | B20: 吨 | C20: 015 | D20: =G20+H20+I20 -> 0 | G20: =SUM(E20:F20) -> 0 | J20: =M20+N20+O20 -> 501831 | K20: =E20+'26.7'!K20 -> 177610 | L20: =F20+'26.7'!L20 -> 194774 | M20: =SUM(K20:L20) -> 372384 | N20: =H20+'26.7'!N20 -> 94794 | O20: =I20+'26.7'!O20 -> 34653
A21: 其中：耗再生水量(或井水) | B21: 吨 | C21: 016 | D21: =G21+H21+I21 -> 0 | G21: =SUM(E21:F21) -> 0 | J21: =M21+N21+O21 -> 132751 | K21: =E21+'26.7'!K21 -> 121213 | L21: =F21+'26.7'!L21 -> 0 | M21: =SUM(K21:L21) -> 121213 | N21: =H21+'26.7'!N21 -> 0 | O21: =I21+'26.7'!O21 -> 11538
A22: 耗酸量 | B22: 吨 | C22: 017 | D22: =G22+H22+I22 -> 0 | G22: =SUM(E22:F22) -> 0 | J22: =M22+N22+O22 -> 63.71 | K22: =E22+'26.7'!K22 -> 6.4 | L22: =F22+'26.7'!L22 -> 40 | M22: =SUM(K22:L22) -> 46.4 | N22: =H22+'26.7'!N22 -> 15 | O22: =I22+'26.7'!O22 -> 2.31
A23: 耗碱量 | B23: 吨 | C23: 018 | D23: =G23+H23+I23 -> 0 | G23: =SUM(E23:F23) -> 0 | J23: =M23+N23+O23 -> 54 | K23: =E23+'26.7'!K23 -> 9.7 | L23: =F23+'26.7'!L23 -> 32 | M23: =SUM(K23:L23) -> 41.7 | N23: =H23+'26.7'!N23 -> 10 | O23: =I23+'26.7'!O23 -> 2.3
A24: 耗石灰石量 | B24: 吨 | C24: 019 | D24: =G24+H24+I24 -> 0 | G24: =SUM(E24:F24) -> 0 | J24: =M24+N24+O24 -> 601.88 | K24: =E24+'26.7'!K24 -> 0 | L24: =F24+'26.7'!L24 -> 0 | M24: =SUM(K24:L24) -> 0 | N24: =H24+'26.7'!N24 -> 0 | O24: =I24+'26.7'!O24 -> 601.88
A25: 耗石灰石粉量 | B25: 吨 | C25: 020 | D25: =G25+H25+I25 -> 0 | G25: =SUM(E25:F25) -> 0 | J25: =M25+N25+O25 -> 3965.38 | K25: =E25+'26.7'!K25 -> 2045 | L25: =F25+'26.7'!L25 -> 854 | M25: =SUM(K25:L25) -> 2899 | N25: =H25+'26.7'!N25 -> 702 | O25: =I25+'26.7'!O25 -> 364.38
A26: 耗氨水量 | B26: 吨 | C26: 021 | D26: =G26+H26+I26 -> 0 | G26: =SUM(E26:F26) -> 0 | J26: =M26+N26+O26 -> 972.013 | K26: =E26+'26.7'!K26 -> 377.74 | L26: =F26+'26.7'!L26 -> 201 | M26: =SUM(K26:L26) -> 578.74 | N26: =H26+'26.7'!N26 -> 319 | O26: =I26+'26.7'!O26 -> 74.273
A27: 耗阻垢剂量(水质稳定剂) | B27: 吨 | C27: 022 | D27: =G27+H27+I27 -> 0 | G27: =SUM(E27:F27) -> 0 | J27: =M27+N27+O27 -> 3.125 | K27: =E27+'26.7'!K27 -> 1.075 | L27: =F27+'26.7'!L27 -> 1 | M27: =SUM(K27:L27) -> 2.075 | N27: =H27+'26.7'!N27 -> 1 | O27: =I27+'26.7'!O27 -> 0.05
A28: 耗杀菌剂量 | B28: 吨 | C28: 023 | D28: =G28+H28+I28 -> 0 | G28: =SUM(E28:F28) -> 0 | J28: =M28+N28+O28 -> 0 | K28: =E28+'26.7'!K28 -> 0 | L28: =F28+'26.7'!L28 -> 0 | M28: =SUM(K28:L28) -> 0 | N28: =H28+'26.7'!N28 -> 0 | O28: =I28+'26.7'!O28 -> 0
A29: 耗钢球量 | B29: 吨 | C29: 024 | D29: =G29+H29+I29 -> 0 | G29: =SUM(E29:F29) -> 0 | J29: =M29+N29+O29 -> 28 | K29: =E29+'26.7'!K29 -> 28 | L29: =F29+'26.7'!L29 -> 0 | M29: =SUM(K29:L29) -> 28 | N29: =H29+'26.7'!N29 -> 0 | O29: =I29+'26.7'!O29 -> 0
A30: 综合厂用电量 | B30: 千瓦时 | C30: 025 | D30: =G30+H30+I30 -> 0 | E30: =E7-E8 -> 0 | F30: =F7-F8 -> 0 | G30: =G7-G8 -> 0 | H30: =H7-H8 -> 0 | I30: =I7-I8 -> 0 | J30: =M30+N30+O30 -> 51347476 | K30: =E30+'26.7'!K30 -> 23607684 | L30: =F30+'26.7'!L30 -> 16539048 | M30: =M7-M8 -> 40146732 | N30: =H30+'26.7'!N30 -> 6998808 | O30: =I30+'26.7'!O30 -> 4201936
A31: 非生产厂用电量 | B31: 千瓦时 | C31: 026 | D31: =G31+H31+I31 -> 0 | G31: =SUM(E31:F31) -> 0 | J31: =M31+N31+O31 -> 7167192.5 | K31: =E31+'26.7'!K31 -> 6593264.5 | L31: =F31+'26.7'!L31 -> 573928 | M31: =SUM(K31:L31) -> 7167192.5 | N31: =H31+'26.7'!N31 -> 0 | O31: =I31+'26.7'!O31 -> 0
A32: 生产厂用电量 | B32: 千瓦时 | C32: 027 | D32: =D33+D34 -> 0 | E32: =E33+E34 -> 0 | F32: =F33+F34 -> 0 | G32: =G33+G34 -> 0 | H32: =H33+H34 -> 0 | I32: =I33+I34 -> 0 | J32: =J33+J34 -> 44180283 | K32: =K33+K34 -> 17014419 | ... O32: =O33+O34 -> 4201936
A33: 其中：发电厂用电量 | B33: 千瓦时 | C33: 028 | D33: =G33+H33+I33 -> 0 | G33: =SUM(E33:F33) -> 0 | J33: =M33+N33+O33 -> 8826323.6 | K33: =E33+'26.7'!K33 -> 3573096 | L33: =F33+'26.7'!L33 -> 2844984.4 | M33: =SUM(K33:L33) -> 6418080.4 | N33: =H33+'26.7'!N33 -> 1400555 | O33: =I33+'26.7'!O33 -> 1007688.2
A34: 供热厂用电量 | B34: 千瓦时 | C34: 029 | D34: =G34+H34+I34 -> 0 | G34: =SUM(E34:F34) -> 0 | J34: =M34+N34+O34 -> 35353959 | K34: =E34+'26.7'!K34 -> 13441323 | L34: =F34+'26.7'!L34 -> 13120136 | M34: =SUM(K34:L34) -> 26561458 | N34: =H34+'26.7'!N34 -> 5598253 | O34: =I34+'26.7'!O34 -> 3194247.8
A35: 综合厂用电率 | B35: % | C35: 030 | D35: =D30*100/D7 -> #DIV/0! | E35: =E30*100/E7 -> #DIV/0! | F35: =F30*100/F7 -> #DIV/0! | G35: =G30*100/G7 -> #DIV/0! | H35: =H30*100/H7 -> #DIV/0! | I35: =I30*100/I7 -> #DIV/0! | J35: =J30*100/J7 -> 32.825742 | K35: =K30*100/K7 -> 38.858082 | ... O35: =O30*100/O7 -> 27.369005
A36: 发电厂用电率 | B36: % | C36: 031 | D36: =D33*100/D7 -> #DIV/0! | E36: =E33*100/E7 -> #DIV/0! | F36: =F33*100/F7 -> #DIV/0! | G36: =G33*100/G7 -> #DIV/0! | H36: =H33*100/H7 -> #DIV/0! | I36: =I33*100/I7 -> #DIV/0! | J36: =J33*100/J7 -> 5.6425484 | K36: =K33*100/K7 -> 5.881291 | ... O36: =O33*100/O7 -> 6.5635039
A37: 供热厂用电率 | B37: 千瓦时/吉焦 | C37: 032 | D37: =D34/D9 -> #DIV/0! | E37: =E34/E9 -> #DIV/0! | F37: =F34/F9 -> #DIV/0! | G37: =G34/G9 -> #DIV/0! | H37: =H34/H9 -> #DIV/0! | I37: =I34/I9 -> #DIV/0! | J37: =J34/J9 -> 12.583334 | K37: =K34/K9 -> 13.712429 | ... O37: =O34/O9 -> 10.935672
A38: 耗标煤总量 | B38: 吨 | C38: 033 | D38: =D39+D42 -> 0 | E38: =E39+E42 -> 0 | F38: =F39+F42 -> 0 | G38: =G39+G42 -> 0 | H38: =H39+H42 -> 0 | I38: =I39+I42 -> 0 | J38: =J39+J42 -> 137897.36 | K38: =K39+K42 -> 46848.881 | ... O38: =O39+O42 -> 14852.348
A39: 发电标准煤耗量 | B39: 吨 | C39: 034 | D39: =D40+D41 -> 0 | E39: =E40+E41 -> 0 | F39: =F40+F41 -> 0 | G39: =G40+G41 -> 0 | H39: =H40+H41 -> 0 | I39: =I40+I41 -> 0 | J39: =J40+J41 -> 27596.4 | K39: =K40+K41 -> 9838.4525 | ... O39: =O40+O41 -> 3561.819
A40: 其中：煤折标准煤量 | B40: 吨 | C40: 035 | D40: =G40+H40+I40 -> 0 | G40: =SUM(E40:F40) -> 0 | J40: =M40+N40+O40 -> 27564.635 | K40: =E40+'26.7'!K40 -> 9817.2469 | L40: =F40+'26.7'!L40 -> 8544.6373 | M40: =SUM(K40:L40) -> 18361.884 | N40: =H40+'26.7'!N40 -> 5641 | O40: =I40+'26.7'!O40 -> 3561.7504
A41: 油折标准煤量 | B41: 吨 | C41: 036 | D41: =G41+H41+I41 -> 0 | G41: =SUM(E41:F41) -> 0 | J41: =M41+N41+O41 -> 31.765479 | K41: =E41+'26.7'!K41 -> 21.20558 | L41: =F41+'26.7'!L41 -> 6.4913805 | M41: =SUM(K41:L41) -> 27.696961 | N41: =H41+'26.7'!N41 -> 4 | O41: =I41+'26.7'!O41 -> 0.068518633
A42: 供热标准煤耗量 | B42: 吨 | C42: 037 | D42: =D43+D44 -> 0 | E42: =E43+E44 -> 0 | F42: =F43+F44 -> 0 | G42: =G43+G44 -> 0 | H42: =H43+H44 -> 0 | I42: =I43+I44 -> 0 | J42: =J43+J44 -> 110300.96 | K42: =K43+K44 -> 37010.429 | ... O42: =O43+O44 -> 11290.529
A43: 其中：煤折标准煤量 | B43: 吨 | C43: 038 | D43: =G43+H43+I43 -> 0 | G43: =SUM(E43:F43) -> 0 | J43: =M43+N43+O43 -> 110175.03 | K43: =E43+'26.7'!K43 -> 36930.655 | L43: =F43+'26.7'!L43 -> 39405.067 | M43: =SUM(K43:L43) -> 76335.722 | N43: =H43+'26.7'!N43 -> 22549 | O43: =I43+'26.7'!O43 -> 11290.311
A44: 油折标准煤量 | B44: 吨 | C44: 039 | D44: =G44+H44+I44 -> 0 | G44: =SUM(E44:F44) -> 0 | J44: =M44+N44+O44 -> 125.92711 | K44: =E44+'26.7'!K44 -> 79.773796 | L44: =F44+'26.7'!L44 -> 29.93612 | M44: =SUM(K44:L44) -> 109.70992 | N44: =H44+'26.7'!N44 -> 16 | O44: =I44+'26.7'!O44 -> 0.21719565
A45: 发电标准煤耗率 | B45: 克/千瓦时 | C45: 040 | D45: =D39*1000000/D7 -> #DIV/0! | E45: =E39*1000000/E7 -> #DIV/0! | F45: =F39*1000000/F7 -> #DIV/0! | G45: =G39*1000000/G7 -> #DIV/0! | H45: =H39*1000000/H7 -> #DIV/0! | I45: =I39*1000000/I7 -> #DIV/0! | J45: =J39*1000000/J7 -> 176.42003 | K45: =K39*1000000/K7 -> 161.94024 | ... O45: =O39*1000000/O7 -> 231.99649
A46: 供电标准煤耗率 | B46: 克/千瓦时 | C46: 041 | D46: =D39*1000000/(D7-D33) -> #DIV/0! | E46: =E39*1000000/(E7-E33) -> #DIV/0! | F46: =F39*1000000/(F7-F33) -> #DIV/0! | G46: =G39*1000000/(G7-G33) -> #DIV/0! | H46: =H39*1000000/(H7-H33) -> #DIV/0! | I46: =I39*1000000/(I7-I33) -> #DIV/0! | J46: =J39*1000000/(J7-J33) -> 186.96989 | K46: =K39*1000000/(K7-K33) -> 172.05956 | ... O46: =O39*1000000/(O7-O33) -> 248.29323
A47: 供热标准煤耗率 | B47: 千克/吉焦 | C47: 042 | D47: =D42*1000/D9 -> #DIV/0! | E47: =E42*1000/E9 -> #DIV/0! | F47: =F42*1000/F9 -> #DIV/0! | G47: =G42*1000/G9 -> #DIV/0! | H47: =H42*1000/H9 -> #DIV/0! | I47: =I42*1000/I9 -> #DIV/0! | J47: =J42*1000/J9 -> 39.258794 | K47: =K42*1000/K9 -> 37.756913 | ... O47: =O42*1000/O9 -> 38.653708
A48: 入炉煤低位发热量 | B48: 千焦/千克 | C48: 043 | D48: =(D40+D43)*29308/D14 -> #DIV/0! | E48: =(E40+E43)*29308/E14 -> #DIV/0! | F48: =(F40+F43)*29308/F14 -> #DIV/0! | G48: =(G40+G43)*29308/G14 -> #DIV/0! | H48: =(H40+H43)*29308/H14 -> #DIV/0! | I48: =(I40+I43)*29308/I14 -> #DIV/0! | J48: =(J40+J43)*29308/J14 -> 20037.477 | K48: =(K40+K43)*29308/K14 -> 20068.073 | ... O48: =(O40+O43)*29308/O14 -> 21074.863
A49: 入厂煤低位发热量 | B49: 千焦/千克 | C49: 044 | K49: 20235.425 | L49: 19728.953 | M49: 0 | N49: 19766.17 | O49: 20675
A50: 发电最高负荷 | B50: 千瓦 | C50: 045 | D50: =G50+H50+I50 -> 0 | G50: =SUM(E50:F50) -> 0 | J50: =M50+N50+O50 -> 245380 | K50: 103680 | L50: 89280 | M50: =SUM(K50:L50) -> 192960 | N50: 37920 | O50: 14500
A51: 供热最高负荷 | B51: 吨/时 | C51: 046 | D51: =G51+H51+I51 -> 0 | G51: =SUM(E51:F51) -> 0 | J51: =M51+N51+O51 -> 657 | K51: 48 | L51: 109 | M51: =SUM(K51:L51) -> 157 | N51: 350 | O51: 150
A52: 发电设备利用率 | B52: % | C52: 047 | D52: =D7/10000/D6/(DAY(DATE(2026,9,0))*24) -> 0 | E52: =E7/10000/E6/(DAY(DATE(2026,9,0))*24) -> 0 | F52: =F7/10000/F6/(DAY(DATE(2026,9,0))*24) -> 0 | G52: =G7/10000/G6/(DAY(DATE(2026,9,0))*24) -> 0 | H52: =H7/10000/H6/(DAY(DATE(2026,9,0))*24) -> 0 | I52: =I7/10000/I6/(DAY(DATE(2026,9,0))*24) -> 0 | J52: =J7/10000/J6/(DATEDIF(DATE(2026,1,1),DATE(2026,9,1),"D")*24) -> 0.09978328 | K52: =K7/10000/K6/(DATEDIF(DATE(2026,1,1),DATE(2026,9,1),"D")*24) -> 0.10417284 | L52: =L7/10000/L6/(DATEDIF(DATE(2026,1,1),DATE(2026,9,1),"D")*24) -> 0.098896296 | M52: =M7/10000/M6/(DATEDIF(DATE(2026,1,1),DATE(2026,9,1),"D")*24) -> 0.10153457 | N52: =N7/10000/N6/(DATEDIF(DATE(2026,1,1),DATE(2026,9,1),"D")*24) -> 0.10784179 | O52: =O7/10000/O6/(DATEDIF(DATE(2026,1,1),DATE(2026,9,1),"D")*24) -> 0.080259983
A53: 供热设备利用率 | B53: % | C53: 048 | D53: =D9*1000/1986/((DAY(DATE(2026,9,0))*24)*3600) -> 0 | E53: =E9*1000/577/((DAY(DATE(2026,9,0))*24)*3600) -> 0 | F53: =F9*1000/528/((DAY(DATE(2026,9,0))*24)*3600) -> 0 | G53: =G9*1000/1442/((DAY(DATE(2026,9,0))*24)*3600) -> 0 | H53: =H9*1000/414/((DAY(DATE(2026,9,0))*24)*3600) -> 0 | I53: =I9*1000/130/((DAY(DATE(2026,9,0))*24)*3600) -> 0 | J53: =J9*1000/1986/((DATEDIF(DATE(2026,1,1),DATE(2026,9,1),"D")*24)*3600) -> 0.067381873 | K53: =K9*1000/577/((DATEDIF(DATE(2026,1,1),DATE(2026,9,1),"D")*24)*3600) -> 0.080915515 | L53: =L9*1000/528/((DATEDIF(DATE(2026,1,1),DATE(2026,9,1),"D")*24)*3600) -> 0.087243836 | M53: =M9*1000/1442/((DATEDIF(DATE(2026,1,1),DATE(2026,9,1),"D")*24)*3600) -> 0.064322467 | N53: =N9*1000/414/((DATEDIF(DATE(2026,1,1),DATE(2026,9,1),"D")*24)*3600) -> 0.065591712 | O53: =O9*1000/130/((DATEDIF(DATE(2026,1,1),DATE(2026,9,1),"D")*24)*3600) -> 0.10701872
A54: 热分摊比 | B54: % | C54: 049 | D54: =D42/D38 -> #DIV/0! | E54: =E42/E38 -> #DIV/0! | F54: =F42/F38 -> #DIV/0! | G54: =G42/G38 -> #DIV/0! | H54: =H42/H38 -> #DIV/0! | I54: =I42/I38 -> #DIV/0! | J54: =J42/J38 -> 0.79987724 | K54: =K42/K38 -> 0.789996 | ... O54: =O42/O38 -> 0.76018478
A55: 热电比 | B55: % | C55: 050 | D55: =D9*1000000/(D8*3600) -> #DIV/0! | E55: =E9*1000000/(E8*3600) -> #DIV/0! | F55: =F9*1000000/(F8*3600) -> #DIV/0! | G55: =G9*1000000/(G8*3600) -> #DIV/0! | H55: =H9*1000000/(H8*3600) -> #DIV/0! | I55: =I9*1000000/(I8*3600) -> #DIV/0! | J55: =J9*1000000/(J8*3600) -> 7.4273246 | K55: =K9*1000000/(K8*3600) -> 7.3301702 | ... O55: =O9*1000000/(O8*3600) -> 7.2762598
A56: 全厂热效率 | B56: % | C56: 051 | D56: =(D9*1000+D8*3600/1000)/(D38*7000*4.1868) -> #DIV/0! | E56: =(E9*1000+E8*3600/1000)/(E38*7000*4.1868) -> #DIV/0! | F56: =(F9*1000+F8*3600/1000)/(F38*7000*4.1868) -> #DIV/0! | G56: =(G9*1000+G8*3600/1000)/(G38*7000*4.1868) -> #DIV/0! | H56: =(H9*1000+H8*3600/1000)/(H38*7000*4.1868) -> #DIV/0! | I56: =(I9*1000+I8*3600/1000)/(I38*7000*4.1868) -> #DIV/0! | J56: =(J9*1000+J8*3600/1000)/(J38*7000*4.1868) -> 0.78879372 | K56: =(K9*1000+K8*3600/1000)/(K38*7000*4.1868) -> 0.81131213 | ... O56: =(O9*1000+O8*3600/1000)/(O38*7000*4.1868) -> 0.76326205
A57: 入厂煤量 | B57: 吨 | C57: 052 | D57: =G57+H57+I57 -> 0 | J57: =M57+N57+O57 -> 115274.92 | K57: =E57+'26.7'!K57 -> 26761 | L57: =F57+'26.7'!L57 -> 66608 | M57: =SUM(K57:L57) -> 93369 | N57: =H57+'26.7'!N57 -> 4890.18 | O57: =I57+'26.7'!O57 -> 17015.74
A58: 非生产耗煤量 | B58: 吨 | C58: 053 | D58: =SUM(G58:I58) -> 0 | G58: =SUM(E58:F58) -> 0 | J58: =SUM(M58:O58) -> 42844 | K58: =E58+'26.7'!K58 -> 42844 | L58: =F58+'26.7'!L58 -> 0 | M58: =SUM(K58:L58) -> 42844 | N58: =H58+'26.7'!N58 -> 0 | O58: =I58+'26.7'!O58 -> 0
A59: 期末库存煤量 | B59: 吨 | C59: 054 | D59: =SUM(G59:I59) -> 103499.61 | E59: =K59 -> 42846 | F59: =L59 -> 11815 | G59: =SUM(E59:F59) -> 54661 | H59: =N59 -> 28612.66 | I59: =O59 -> 20225.95 | J59: =M59+N59+O59 -> 103499.61 | K59: ='26.7'!K59+E57-E14-E58 -> 42846 | L59: ='26.7'!L59+F57-F14-F58 -> 11815 | M59: =SUM(K59:L59) -> 54661 | N59: ='26.7'!N59+H57-H14-H58 -> 28612.66 | O59: ='26.7'!O59+I57-I14-I58 -> 20225.95
A60: 外购电量 | B60: 千瓦时 | C60: 055 | D60: =SUM(G60:I60) -> 0 | J60: =M60+N60+O60 -> 2855811 | K60: =E60+'26.7'!K60 -> 0 | L60: =F60+'26.7'!L60 -> 0 | M60: =SUM(K60:L60) -> 0 | N60: =H60+'26.7'!N60 -> 1828619 | O60: =I60+'26.7'!O60 -> 1027192
A61: 其中：热网耗电量 | B61: 千瓦时 | C61: 056 | D61: =SUM(G61:I61) -> 0 | G61: =SUM(E61:F61) -> 0 | J61: =M61+N61+O61 -> 2855811 | K61: =E61+'26.7'!K61 -> 0 | L61: =F61+'26.7'!L61 -> 0 | M61: =SUM(K61:L61) -> 0 | N61: =H61+'26.7'!N61 -> 1828619 | O61: =I61+'26.7'!O61 -> 1027192
A62: 热网耗水量 | B62: 吨 | C62: 057 | D62: =SUM(G62:I62) -> 0 | G62: =SUM(E62:F62) -> 0 | J62: =M62+N62+O62 -> 63546 | K62: =E62+'26.7'!K62 -> 0 | L62: =F62+'26.7'!L62 -> 0 | M62: =SUM(K62:L62) -> 0 | N62: =H62+'26.7'!N62 -> 40661 | O62: =I62+'26.7'!O62 -> 22885
A63: 主城区电厂低温水网补水量 | B63: 吨 | C63: 058 | D63: =SUM(G63:I63) -> 0 | G63: =SUM(E63:F63) -> 0 | J63: =M63+N63+O63 -> 25920 | K63: =E63+'26.7'!K63 -> 0 | L63: =F63+'26.7'!L63 -> 25920 | M63: =SUM(K63:L63) -> 25920 | N63: =H63+'26.7'!N63 -> 0 | O63: =I63+'26.7'!O63 -> 0
A64: 高温水网补水量 | B64: 吨 | C64: 059 | D64: =SUM(G64:I64) -> 0 | G64: =SUM(E64:F64) -> 0 | J64: =M64+N64+O64 -> 73699 | K64: =E64+'26.7'!K64 -> 73699 | L64: =F64+'26.7'!L64 -> 0 | M64: =SUM(K64:L64) -> 73699 | N64: =H64+'26.7'!N64 -> 0 | O64: =I64+'26.7'!O64 -> 0
A65: 脱硫脱硝耗水量 | B65: 吨 | C65: 060 | D65: =SUM(G65:I65) -> 0 | G65: =SUM(E65:F65) -> 0 | J65: =M65+N65+O65 -> 70369 | K65: =E65+'26.7'!K65 -> 6302 | L65: =F65+'26.7'!L65 -> 32849 | M65: =SUM(K65:L65) -> 39151 | N65: =H65+'26.7'!N65 -> 23814 | O65: =I65+'26.7'!O65 -> 7404
A66: 脱硫脱硝耗电量 | B66: 千瓦时 | C66: 061 | D66: =SUM(G66:I66) -> 0 | G66: =SUM(E66:F66) -> 0 | J66: =M66+N66+O66 -> 3730739 | K66: =E66+'26.7'!K66 -> 1072980 | L66: =F66+'26.7'!L66 -> 1283190 | M66: =SUM(K66:L66) -> 2356170 | N66: =H66+'26.7'!N66 -> 754606 | O66: =I66+'26.7'!O66 -> 619963
A67: 发电耗水量 | B67: 吨 | C67: 062 | D67: =SUM(G67:I67) -> #DIV/0! | E67: =(E20-E63-E64-E12)*(1-E54) -> #DIV/0! | F67: =(F20-F63-F64-F12)*(1-F54) -> #DIV/0! | G67: =(G20-G63-G12)*(1-G54) -> #DIV/0! | H67: =(H20-H62-H12)*(1-H54) -> #DIV/0! | I67: =(I20-I62-I12)*(1-I54) -> #DIV/0! | J67: =M67+N67+O67 -> 44242.777 | K67: =(K20-K63-K64-K12)*(1-K54) -> 14378.134 | L67: =(L20-L63-L64-L12)*(1-L54) -> 16210.141 | M67: =SUM(K67:L67) -> 30588.275 | N67: =(N20-N62-N12)*(1-N54) -> 10832.357 | O67: =(O20-O62-O12)*(1-O54) -> 2822.1455
A68: 供热耗水量 | B68: 吨 | C68: 063 | D68: =SUM(G68:I68) -> #DIV/0! | E68: =(E20-E63-E64-E12)*E54+E12 -> #DIV/0! | F68: =(F20-F63-F64-F12)*F54+F12 -> #DIV/0! | G68: =(G20-G63-G12)*G54+G12 -> #DIV/0! | H68: =(H20-H62-H12)*H54+H12+H62 -> #DIV/0! | I68: =(I20-I62-I12)*I54+I12+I62 -> #DIV/0! | J68: =M68+N68+O68 -> 357969.22 | K68: =(K20-K63-K64-K12)*K54+K12 -> 89532.866 | L68: =(L20-L63-L64-L12)*L54+L12 -> 152643.86 | M68: =SUM(K68:L68) -> 242176.72 | N68: =(N20-N62-N12)*N54+N12+N62 -> 83961.643 | O68: =(O20-O62-O12)*O54+O12+O62 -> 31830.855
A69: 发电水耗率 | B69: 吨/万千瓦时 | C69: 064 | D69: =D67/(D7/10000) -> #DIV/0! | E69: =E67/(E7/10000) -> #DIV/0! | F69: =F67/(F7/10000) -> #DIV/0! | G69: =G67/(G7/10000) -> #DIV/0! | H69: =H67/(H7/10000) -> #DIV/0! | I69: =I67/(I7/10000) -> #DIV/0! | J69: =J67/(J7/10000) -> 2.8283805 | K69: =K67/(K7/10000) -> 2.3666308 | ... O69: =O67/(O7/10000) -> 1.838184
A70: 供热水耗率 | B70: 吨/吉焦 | C70: 065 | D70: =D68/D9 -> #DIV/0! | E70: =E68/E9 -> #DIV/0! | F70: =F68/F9 -> #DIV/0! | G70: =G68/G9 -> #DIV/0! | H70: =H68/H9 -> #DIV/0! | I70: =I68/I9 -> #DIV/0! | J70: =J68/J9 -> 0.12740995 | K70: =K68/K9 -> 0.091338706 | ... O70: =O68/O9 -> 0.10897458
D72: 低真空补水量
D73: 首站电量
D74: 首站补水量

Sheet 26.9
A1: 大连市热电集团所属热电厂生产月报表
A2: 2026 年 9 月
A3: 指 标 名 称 | B3: 计量单位 | C3: 代码 | D3: 本 月 实 际 | J3: 本 年 累 计
D4: 合 计 | E4: 其 中 | J4: 合 计 | K4: 其 中
E5: 北海热电厂 | F5: 香海热电厂 | G5: 主城区小计 | H5: 金州热电厂 | I5: 瓦房店热电厂 | K5: 北海热电厂 | L5: 香海热电厂 | M5: 主城区小计 | N5: 金州热电厂 | O5: 瓦房店热电厂
A6: 发电机组容量 | B6: 万千瓦 | C6: 001 | D6: =G6+H6+I6 -> 26.88 | E6: 10 | F6: 10 | G6: =SUM(E6:F6) -> 20 | H6: 3.6 | I6: =3.96-0.68 -> 3.28 | J6: =M6+N6+O6 -> 26.88 | K6: 10 | L6: 10 | M6: =SUM(K6:L6) -> 20 | N6: 3.6 | O6: 3.28
A7: 发电量 | B7: 千瓦时 | C7: 002 | D7: =G7+H7+I7 -> 0 | E7: =[9]产量!$C$15 -> 0 | F7: =[9]产量!$C$19 -> 0 | G7: =SUM(E7:F7) -> 0 | J7: =M7+N7+O7 -> 156424420 | K7: =E7+'26.8'!K7 -> 60753600 | L7: =F7+'26.8'!L7 -> 57676320 | M7: =SUM(K7:L7) -> 118429920 | N7: =H7+'26.8'!N7 -> 22641600 | O7: =I7+'26.8'!O7 -> 15352900
A8: 供电量 | B8: 千瓦时 | C8: 003 | D8: =G8+H8+I8 -> 0 | E8: =[9]产量!$E$15 -> 0 | F8: =[9]产量!$E$19 -> 0 | G8: =SUM(E8:F8) -> 0 | J8: =M8+N8+O8 -> 105076944 | K8: =E8+'26.8'!K8 -> 37145916 | L8: =F8+'26.8'!L8 -> 41137272 | M8: =SUM(K8:L8) -> 78283188 | N8: =H8+'26.8'!N8 -> 15642792 | O8: =I8+'26.8'!O8 -> 11150964
A9: 供热量 | B9: 吉焦 | C9: 004 | D9: =G9+H9+I9 -> 0 | E9: =[9]产量!$G$6 -> 0 | F9: =[9]产量!$G$7 -> 0 | G9: =SUM(E9:F9) -> 0 | J9: =M9+N9+O9 -> 2809586.1 | K9: =E9+'26.8'!K9 -> 980229.19 | L9: =F9+'26.8'!L9 -> 967138.54 | M9: =SUM(K9:L9) -> 1947367.7 | N9: =H9+'26.8'!N9 -> 570124 | O9: =I9+'26.8'!O9 -> 292094.32
A10: 其中：低真空、热泵供热量 | B10: 吉焦 | C10: 005 | D10: =G10+H10+I10 -> 0 | F10: =[9]产量!$G$29 -> 0 | G10: =SUM(E10:F10) -> 0 | J10: =M10+N10+O10 -> 377963 | K10: =E10+'26.8'!K10 -> 0 | L10: =F10+'26.8'!L10 -> 264848 | M10: =SUM(K10:L10) -> 264848 | N10: =H10+'26.8'!N10 -> 113115 | O10: =I10+'26.8'!O10 -> 0
A11: 高温水网供热量 | B11: 吉焦 | C11: 006 | D11: =G11+H11+I11 -> 0 | E11: =[9]产量!$G$28 -> 0 | F11: =[9]产量!$G$30 -> 0 | G11: =SUM(E11:F11) -> 0 | H11: =H9-H10 -> 0 | I11: =I9-I10 -> 0 | J11: =M11+N11+O11 -> 2097098.7 | K11: =E11+'26.8'!K11 -> 875606.4 | L11: =F11+'26.8'!L11 -> 472389 | M11: =SUM(K11:L11) -> 1347995.4 | N11: =H11+'26.8'!N11 -> 457009 | O11: =I11+'26.8'!O11 -> 292094.32
A12: 供汽量 | B12: 吨 | C12: 007 | D12: =G12+H12+I12 -> 0 | E12: =[9]产量!$G$15 -> 0 | F12: =[9]产量!$G$19 -> 0 | G12: =SUM(E12:F12) -> 0 | H12: 0 | I12: 0 | J12: =M12+N12+O12 -> 113333 | K12: =E12+'26.8'!K12 -> 35445 | L12: =F12+'26.8'!L12 -> 77888 | M12: =SUM(K12:L12) -> 113333 | N12: =H12+'26.8'!N12 -> 0 | O12: =I12+'26.8'!O12 -> 0
A13: 期末供暖收费面积 | B13: 平方米 | C13: 008 | N13: =H13 -> 0 | O13: =I13 -> 0
A14: 生产耗原煤量 | B14: 吨 | C14: 009 | D14: =D15+D16 -> 0 | E14: =E15+E16 -> 0 | F14: =F15+F16 -> 0 | G14: =G15+G16 -> 0 | H14: =H15+H16 -> 0 | I14: =I15+I16 -> 0 | J14: =J15+J16 -> 201466.19 | K14: =K15+K16 -> 68272 | ... O14: =O15+O16 -> 20654.19
A15: 发电耗原煤量 | B15: 吨 | C15: 010 | D15: =G15+H15+I15 -> 0 | G15: =SUM(E15:F15) -> 0 | J15: =M15+N15+O15 -> 40206.772 | K15: =E15+'26.8'!K15 -> 14337.393 | L15: =F15+'26.8'!L15 -> 13051.19 | M15: =SUM(K15:L15) -> 27388.583 | N15: =H15+'26.8'!N15 -> 7865 | O15: =I15+'26.8'!O15 -> 4953.189
A16: 供热耗原煤量 | B16: 吨 | C16: 011 | D16: =G16+H16+I16 -> 0 | G16: =SUM(E16:F16) -> 0 | J16: =M16+N16+O16 -> 161259.42 | K16: =E16+'26.8'!K16 -> 53934.607 | L16: =F16+'26.8'!L16 -> 60187.81 | M16: =SUM(K16:L16) -> 114122.42 | N16: =H16+'26.8'!N16 -> 31436 | O16: =I16+'26.8'!O16 -> 15701.001
A17: 锅炉耗油量 | B17: 吨 | C17: 012 | D17: =D18+D19 -> 0 | E17: =E18+E19 -> 0 | F17: =F18+F19 -> 0 | G17: =G18+G19 -> 0 | H17: =H18+H19 -> 0 | I17: =I18+I19 -> 0 | J17: =J18+J19 -> 108.5 | K17: =K18+K19 -> 69.3 | ... O17: =O18+O19 -> 0.2
A18: 发电耗油量 | B18: 吨 | C18: 013 | D18: =G18+H18+I18 -> 0 | G18: =SUM(E18:F18) -> 0 | J18: =M18+N18+O18 -> 22.05624 | K18: =E18+'26.8'!K18 -> 14.553277 | L18: =F18+'26.8'!L18 -> 4.455 | M18: =SUM(K18:L18) -> 19.008277 | N18: =H18+'26.8'!N18 -> 3 | O18: =I18+'26.8'!O18 -> 0.047963043
A19: 供热耗油量 | B19: 吨 | C19: 014 | D19: =G19+H19+I19 -> 0 | G19: =SUM(E19:F19) -> 0 | J19: =M19+N19+O19 -> 86.44376 | K19: =E19+'26.8'!K19 -> 54.746723 | L19: =F19+'26.8'!L19 -> 20.545 | M19: =SUM(K19:L19) -> 75.291723 | N19: =H19+'26.8'!N19 -> 11 | O19: =I19+'26.8'!O19 -> 0.15203696
A20: 耗水量 | B20: 吨 | C20: 015 | D20: =G20+H20+I20 -> 0 | G20: =SUM(E20:F20) -> 0 | J20: =M20+N20+O20 -> 501831 | K20: =E20+'26.8'!K20 -> 177610 | L20: =F20+'26.8'!L20 -> 194774 | M20: =SUM(K20:L20) -> 372384 | N20: =H20+'26.8'!N20 -> 94794 | O20: =I20+'26.8'!O20 -> 34653
A21: 其中：耗再生水量(或井水) | B21: 吨 | C21: 016 | D21: =G21+H21+I21 -> 0 | G21: =SUM(E21:F21) -> 0 | J21: =M21+N21+O21 -> 132751 | K21: =E21+'26.8'!K21 -> 121213 | L21: =F21+'26.8'!L21 -> 0 | M21: =SUM(K21:L21) -> 121213 | N21: =H21+'26.8'!N21 -> 0 | O21: =I21+'26.8'!O21 -> 11538
A22: 耗酸量 | B22: 吨 | C22: 017 | D22: =G22+H22+I22 -> 0 | G22: =SUM(E22:F22) -> 0 | J22: =M22+N22+O22 -> 63.71 | K22: =E22+'26.8'!K22 -> 6.4 | L22: =F22+'26.8'!L22 -> 40 | M22: =SUM(K22:L22) -> 46.4 | N22: =H22+'26.8'!N22 -> 15 | O22: =I22+'26.8'!O22 -> 2.31
A23: 耗碱量 | B23: 吨 | C23: 018 | D23: =G23+H23+I23 -> 0 | G23: =SUM(E23:F23) -> 0 | J23: =M23+N23+O23 -> 54 | K23: =E23+'26.8'!K23 -> 9.7 | L23: =F23+'26.8'!L23 -> 32 | M23: =SUM(K23:L23) -> 41.7 | N23: =H23+'26.8'!N23 -> 10 | O23: =I23+'26.8'!O23 -> 2.3
A24: 耗石灰石量 | B24: 吨 | C24: 019 | D24: =G24+H24+I24 -> 0 | G24: =SUM(E24:F24) -> 0 | J24: =M24+N24+O24 -> 601.88 | K24: =E24+'26.8'!K24 -> 0 | L24: =F24+'26.8'!L24 -> 0 | M24: =SUM(K24:L24) -> 0 | N24: =H24+'26.8'!N24 -> 0 | O24: =I24+'26.8'!O24 -> 601.88
A25: 耗石灰石粉量 | B25: 吨 | C25: 020 | D25: =G25+H25+I25 -> 0 | G25: =SUM(E25:F25) -> 0 | J25: =M25+N25+O25 -> 3965.38 | K25: =E25+'26.8'!K25 -> 2045 | L25: =F25+'26.8'!L25 -> 854 | M25: =SUM(K25:L25) -> 2899 | N25: =H25+'26.8'!N25 -> 702 | O25: =I25+'26.8'!O25 -> 364.38
A26: 耗氨水量 | B26: 吨 | C26: 021 | D26: =G26+H26+I26 -> 0 | G26: =SUM(E26:F26) -> 0 | J26: =M26+N26+O26 -> 972.013 | K26: =E26+'26.8'!K26 -> 377.74 | L26: =F26+'26.8'!L26 -> 201 | M26: =SUM(K26:L26) -> 578.74 | N26: =H26+'26.8'!N26 -> 319 | O26: =I26+'26.8'!O26 -> 74.273
A27: 耗阻垢剂量(水质稳定剂) | B27: 吨 | C27: 022 | D27: =G27+H27+I27 -> 0 | G27: =SUM(E27:F27) -> 0 | J27: =M27+N27+O27 -> 3.125 | K27: =E27+'26.8'!K27 -> 1.075 | L27: =F27+'26.8'!L27 -> 1 | M27: =SUM(K27:L27) -> 2.075 | N27: =H27+'26.8'!N27 -> 1 | O27: =I27+'26.8'!O27 -> 0.05
A28: 耗杀菌剂量 | B28: 吨 | C28: 023 | D28: =G28+H28+I28 -> 0 | G28: =SUM(E28:F28) -> 0 | J28: =M28+N28+O28 -> 0 | K28: =E28+'26.8'!K28 -> 0 | L28: =F28+'26.8'!L28 -> 0 | M28: =SUM(K28:L28) -> 0 | N28: =H28+'26.8'!N28 -> 0 | O28: =I28+'26.8'!O28 -> 0
A29: 耗钢球量 | B29: 吨 | C29: 024 | D29: =G29+H29+I29 -> 0 | G29: =SUM(E29:F29) -> 0 | J29: =M29+N29+O29 -> 28 | K29: =E29+'26.8'!K29 -> 28 | L29: =F29+'26.8'!L29 -> 0 | M29: =SUM(K29:L29) -> 28 | N29: =H29+'26.8'!N29 -> 0 | O29: =I29+'26.8'!O29 -> 0
A30: 综合厂用电量 | B30: 千瓦时 | C30: 025 | D30: =G30+H30+I30 -> 0 | E30: =E7-E8 -> 0 | F30: =F7-F8 -> 0 | G30: =G7-G8 -> 0 | H30: =H7-H8 -> 0 | I30: =I7-I8 -> 0 | J30: =M30+N30+O30 -> 51347476 | K30: =E30+'26.8'!K30 -> 23607684 | L30: =F30+'26.8'!L30 -> 16539048 | M30: =M7-M8 -> 40146732 | N30: =H30+'26.8'!N30 -> 6998808 | O30: =I30+'26.8'!O30 -> 4201936
A31: 非生产厂用电量 | B31: 千瓦时 | C31: 026 | D31: =G31+H31+I31 -> 0 | G31: =SUM(E31:F31) -> 0 | J31: =M31+N31+O31 -> 7167192.5 | K31: =E31+'26.8'!K31 -> 6593264.5 | L31: =F31+'26.8'!L31 -> 573928 | M31: =SUM(K31:L31) -> 7167192.5 | N31: =H31+'26.8'!N31 -> 0 | O31: =I31+'26.8'!O31 -> 0
A32: 生产厂用电量 | B32: 千瓦时 | C32: 027 | D32: =D33+D34 -> 0 | E32: =E33+E34 -> 0 | F32: =F33+F34 -> 0 | G32: =G33+G34 -> 0 | H32: =H33+H34 -> 0 | I32: =I33+I34 -> 0 | J32: =J33+J34 -> 44180283 | K32: =K33+K34 -> 17014419 | ... O32: =O33+O34 -> 4201936
A33: 其中：发电厂用电量 | B33: 千瓦时 | C33: 028 | D33: =G33+H33+I33 -> 0 | G33: =SUM(E33:F33) -> 0 | J33: =M33+N33+O33 -> 8826323.6 | K33: =E33+'26.8'!K33 -> 3573096 | L33: =F33+'26.8'!L33 -> 2844984.4 | M33: =SUM(K33:L33) -> 6418080.4 | N33: =H33+'26.8'!N33 -> 1400555 | O33: =I33+'26.8'!O33 -> 1007688.2
A34: 供热厂用电量 | B34: 千瓦时 | C34: 029 | D34: =G34+H34+I34 -> 0 | G34: =SUM(E34:F34) -> 0 | J34: =M34+N34+O34 -> 35353959 | K34: =E34+'26.8'!K34 -> 13441323 | L34: =F34+'26.8'!L34 -> 13120136 | M34: =SUM(K34:L34) -> 26561458 | N34: =H34+'26.8'!N34 -> 5598253 | O34: =I34+'26.8'!O34 -> 3194247.8
A35: 综合厂用电率 | B35: % | C35: 030 | D35: =D30*100/D7 -> #DIV/0! | E35: =E30*100/E7 -> #DIV/0! | F35: =F30*100/F7 -> #DIV/0! | G35: =G30*100/G7 -> #DIV/0! | H35: =H30*100/H7 -> #DIV/0! | I35: =I30*100/I7 -> #DIV/0! | J35: =J30*100/J7 -> 32.825742 | K35: =K30*100/K7 -> 38.858082 | ... O35: =O30*100/O7 -> 27.369005
A36: 发电厂用电率 | B36: % | C36: 031 | D36: =D33*100/D7 -> #DIV/0! | E36: =E33*100/E7 -> #DIV/0! | F36: =F33*100/F7 -> #DIV/0! | G36: =G33*100/G7 -> #DIV/0! | H36: =H33*100/H7 -> #DIV/0! | I36: =I33*100/I7 -> #DIV/0! | J36: =J33*100/J7 -> 5.6425484 | K36: =K33*100/K7 -> 5.881291 | ... O36: =O33*100/O7 -> 6.5635039
A37: 供热厂用电率 | B37: 千瓦时/吉焦 | C37: 032 | D37: =D34/D9 -> #DIV/0! | E37: =E34/E9 -> #DIV/0! | F37: =F34/F9 -> #DIV/0! | G37: =G34/G9 -> #DIV/0! | H37: =H34/H9 -> #DIV/0! | I37: =I34/I9 -> #DIV/0! | J37: =J34/J9 -> 12.583334 | K37: =K34/K9 -> 13.712429 | ... O37: =O34/O9 -> 10.935672
A38: 耗标煤总量 | B38: 吨 | C38: 033 | D38: =D39+D42 -> 0 | E38: =E39+E42 -> 0 | F38: =F39+F42 -> 0 | G38: =G39+G42 -> 0 | H38: =H39+H42 -> 0 | I38: =I39+I42 -> 0 | J38: =J39+J42 -> 137897.36 | K38: =K39+K42 -> 46848.881 | ... O38: =O39+O42 -> 14852.348
A39: 发电标准煤耗量 | B39: 吨 | C39: 034 | D39: =D40+D41 -> 0 | E39: =E40+E41 -> 0 | F39: =F40+F41 -> 0 | G39: =G40+G41 -> 0 | H39: =H40+H41 -> 0 | I39: =I40+I41 -> 0 | J39: =J40+J41 -> 27596.4 | K39: =K40+K41 -> 9838.4525 | ... O39: =O40+O41 -> 3561.819
A40: 其中：煤折标准煤量 | B40: 吨 | C40: 035 | D40: =G40+H40+I40 -> 0 | G40: =SUM(E40:F40) -> 0 | J40: =M40+N40+O40 -> 27564.635 | K40: =E40+'26.8'!K40 -> 9817.2469 | L40: =F40+'26.8'!L40 -> 8544.6373 | M40: =SUM(K40:L40) -> 18361.884 | N40: =H40+'26.8'!N40 -> 5641 | O40: =I40+'26.8'!O40 -> 3561.7504
A41: 油折标准煤量 | B41: 吨 | C41: 036 | D41: =G41+H41+I41 -> 0 | G41: =SUM(E41:F41) -> 0 | J41: =M41+N41+O41 -> 31.765479 | K41: =E41+'26.8'!K41 -> 21.20558 | L41: =F41+'26.8'!L41 -> 6.4913805 | M41: =SUM(K41:L41) -> 27.696961 | N41: =H41+'26.8'!N41 -> 4 | O41: =I41+'26.8'!O41 -> 0.068518633
A42: 供热标准煤耗量 | B42: 吨 | C42: 037 | D42: =D43+D44 -> 0 | E42: =E43+E44 -> 0 | F42: =F43+F44 -> 0 | G42: =G43+G44 -> 0 | H42: =H43+H44 -> 0 | I42: =I43+I44 -> 0 | J42: =J43+J44 -> 110300.96 | K42: =K43+K44 -> 37010.429 | ... O42: =O43+O44 -> 11290.529
A43: 其中：煤折标准煤量 | B43: 吨 | C43: 038 | D43: =G43+H43+I43 -> 0 | G43: =SUM(E43:F43) -> 0 | J43: =M43+N43+O43 -> 110175.03 | K43: =E43+'26.8'!K43 -> 36930.655 | L43: =F43+'26.8'!L43 -> 39405.067 | M43: =SUM(K43:L43) -> 76335.722 | N43: =H43+'26.8'!N43 -> 22549 | O43: =I43+'26.8'!O43 -> 11290.311
A44: 油折标准煤量 | B44: 吨 | C44: 039 | D44: =G44+H44+I44 -> 0 | G44: =SUM(E44:F44) -> 0 | J44: =M44+N44+O44 -> 125.92711 | K44: =E44+'26.8'!K44 -> 79.773796 | L44: =F44+'26.8'!L44 -> 29.93612 | M44: =SUM(K44:L44) -> 109.70992 | N44: =H44+'26.8'!N44 -> 16 | O44: =I44+'26.8'!O44 -> 0.21719565
A45: 发电标准煤耗率 | B45: 克/千瓦时 | C45: 040 | D45: =D39*1000000/D7 -> #DIV/0! | E45: =E39*1000000/E7 -> #DIV/0! | F45: =F39*1000000/F7 -> #DIV/0! | G45: =G39*1000000/G7 -> #DIV/0! | H45: =H39*1000000/H7 -> #DIV/0! | I45: =I39*1000000/I7 -> #DIV/0! | J45: =J39*1000000/J7 -> 176.42003 | K45: =K39*1000000/K7 -> 161.94024 | ... O45: =O39*1000000/O7 -> 231.99649
A46: 供电标准煤耗率 | B46: 克/千瓦时 | C46: 041 | D46: =D39*1000000/(D7-D33) -> #DIV/0! | E46: =E39*1000000/(E7-E33) -> #DIV/0! | F46: =F39*1000000/(F7-F33) -> #DIV/0! | G46: =G39*1000000/(G7-G33) -> #DIV/0! | H46: =H39*1000000/(H7-H33) -> #DIV/0! | I46: =I39*1000000/(I7-I33) -> #DIV/0! | J46: =J39*1000000/(J7-J33) -> 186.96989 | K46: =K39*1000000/(K7-K33) -> 172.05956 | ... O46: =O39*1000000/(O7-O33) -> 248.29323
A47: 供热标准煤耗率 | B47: 千克/吉焦 | C47: 042 | D47: =D42*1000/D9 -> #DIV/0! | E47: =E42*1000/E9 -> #DIV/0! | F47: =F42*1000/F9 -> #DIV/0! | G47: =G42*1000/G9 -> #DIV/0! | H47: =H42*1000/H9 -> #DIV/0! | I47: =I42*1000/I9 -> #DIV/0! | J47: =J42*1000/J9 -> 39.258794 | K47: =K42*1000/K9 -> 37.756913 | ... O47: =O42*1000/O9 -> 38.653708
A48: 入炉煤低位发热量 | B48: 千焦/千克 | C48: 043 | D48: =(D40+D43)*29308/D14 -> #DIV/0! | E48: =(E40+E43)*29308/E14 -> #DIV/0! | F48: =(F40+F43)*29308/F14 -> #DIV/0! | G48: =(G40+G43)*29308/G14 -> #DIV/0! | H48: =(H40+H43)*29308/H14 -> #DIV/0! | I48: =(I40+I43)*29308/I14 -> #DIV/0! | J48: =(J40+J43)*29308/J14 -> 20037.477 | K48: =(K40+K43)*29308/K14 -> 20068.073 | ... O48: =(O40+O43)*29308/O14 -> 21074.863
A49: 入厂煤低位发热量 | B49: 千焦/千克 | C49: 044 | K49: 20396.365 | L49: 19728.953 | M49: 0 | N49: 19766.17 | O49: 20675
A50: 发电最高负荷 | B50: 千瓦 | C50: 045 | D50: =G50+H50+I50 -> 0 | G50: =SUM(E50:F50) -> 0 | J50: =M50+N50+O50 -> 245380 | K50: 103680 | L50: 89280 | M50: =SUM(K50:L50) -> 192960 | N50: 37920 | O50: 14500
A51: 供热最高负荷 | B51: 吨/时 | C51: 046 | D51: =G51+H51+I51 -> 0 | G51: =SUM(E51:F51) -> 0 | J51: =M51+N51+O51 -> 657 | K51: 48 | L51: 109 | M51: =SUM(K51:L51) -> 157 | N51: 350 | O51: 150
A52: 发电设备利用率 | B52: % | C52: 047 | D52: =D7/10000/D6/(DAY(DATE(2026,10,0))*24) -> 0 | E52: =E7/10000/E6/(DAY(DATE(2026,10,0))*24) -> 0 | F52: =F7/10000/F6/(DAY(DATE(2026,10,0))*24) -> 0 | G52: =G7/10000/G6/(DAY(DATE(2026,10,0))*24) -> 0 | H52: =H7/10000/H6/(DAY(DATE(2026,10,0))*24) -> 0 | I52: =I7/10000/I6/(DAY(DATE(2026,10,0))*24) -> 0 | J52: =J7/10000/J6/(DATEDIF(DATE(2026,1,1),DATE(2026,10,1),"D")*24) -> 0.088818084 | K52: =K7/10000/K6/(DATEDIF(DATE(2026,1,1),DATE(2026,10,1),"D")*24) -> 0.092725275 | L52: =L7/10000/L6/(DATEDIF(DATE(2026,1,1),DATE(2026,10,1),"D")*24) -> 0.088028571 | M52: =M7/10000/M6/(DATEDIF(DATE(2026,1,1),DATE(2026,10,1),"D")*24) -> 0.090376923 | N52: =N7/10000/N6/(DATEDIF(DATE(2026,1,1),DATE(2026,10,1),"D")*24) -> 0.095991046 | O52: =O7/10000/O6/(DATEDIF(DATE(2026,1,1),DATE(2026,10,1),"D")*24) -> 0.071440204
A53: 供热设备利用率 | B53: % | C53: 048 | D53: =D9*1000/1986/((DAY(DATE(2026,10,0))*24)*3600) -> 0 | E53: =E9*1000/577/((DAY(DATE(2026,10,0))*24)*3600) -> 0 | F53: =F9*1000/528/((DAY(DATE(2026,10,0))*24)*3600) -> 0 | G53: =G9*1000/1442/((DAY(DATE(2026,10,0))*24)*3600) -> 0 | H53: =H9*1000/414/((DAY(DATE(2026,10,0))*24)*3600) -> 0 | I53: =I9*1000/130/((DAY(DATE(2026,10,0))*24)*3600) -> 0 | J53: =J9*1000/1986/((DATEDIF(DATE(2026,1,1),DATE(2026,10,1),"D")*24)*3600) -> 0.059977272 | K53: =K9*1000/577/((DATEDIF(DATE(2026,1,1),DATE(2026,10,1),"D")*24)*3600) -> 0.0720237 | L53: =L9*1000/528/((DATEDIF(DATE(2026,1,1),DATE(2026,10,1),"D")*24)*3600) -> 0.077656601 | M53: =M9*1000/1442/((DATEDIF(DATE(2026,1,1),DATE(2026,10,1),"D")*24)*3600) -> 0.057254064 | N53: =N9*1000/414/((DATEDIF(DATE(2026,1,1),DATE(2026,10,1),"D")*24)*3600) -> 0.058383832 | O53: =O9*1000/130/((DATEDIF(DATE(2026,1,1),DATE(2026,10,1),"D")*24)*3600) -> 0.095258419
A54: 热分摊比 | B54: % | C54: 049 | D54: =D42/D38 -> #DIV/0! | E54: =E42/E38 -> #DIV/0! | F54: =F42/F38 -> #DIV/0! | G54: =G42/G38 -> #DIV/0! | H54: =H42/H38 -> #DIV/0! | I54: =I42/I38 -> #DIV/0! | J54: =J42/J38 -> 0.79987724 | K54: =K42/K38 -> 0.789996 | ... O54: =O42/O38 -> 0.76018478
A55: 热电比 | B55: % | C55: 050 | D55: =D9*1000000/(D8*3600) -> #DIV/0! | E55: =E9*1000000/(E8*3600) -> #DIV/0! | F55: =F9*1000000/(F8*3600) -> #DIV/0! | G55: =G9*1000000/(G8*3600) -> #DIV/0! | H55: =H9*1000000/(H8*3600) -> #DIV/0! | I55: =I9*1000000/(I8*3600) -> #DIV/0! | J55: =J9*1000000/(J8*3600) -> 7.4273246 | K55: =K9*1000000/(K8*3600) -> 7.3301702 | ... O55: =O9*1000000/(O8*3600) -> 7.2762598
A56: 全厂热效率 | B56: % | C56: 051 | D56: =(D9*1000+D8*3600/1000)/(D38*7000*4.1868) -> #DIV/0! | E56: =(E9*1000+E8*3600/1000)/(E38*7000*4.1868) -> #DIV/0! | F56: =(F9*1000+F8*3600/1000)/(F38*7000*4.1868) -> #DIV/0! | G56: =(G9*1000+G8*3600/1000)/(G38*7000*4.1868) -> #DIV/0! | H56: =(H9*1000+H8*3600/1000)/(H38*7000*4.1868) -> #DIV/0! | I56: =(I9*1000+I8*3600/1000)/(I38*7000*4.1868) -> #DIV/0! | J56: =(J9*1000+J8*3600/1000)/(J38*7000*4.1868) -> 0.78879372 | K56: =(K9*1000+K8*3600/1000)/(K38*7000*4.1868) -> 0.81131213 | ... O56: =(O9*1000+O8*3600/1000)/(O38*7000*4.1868) -> 0.76326205
A57: 入厂煤量 | B57: 吨 | C57: 052 | J57: =M57+N57+O57 -> 115274.92 | K57: =E57+'26.8'!K57 -> 26761 | L57: =F57+'26.8'!L57 -> 66608 | M57: =SUM(K57:L57) -> 93369 | N57: =H57+'26.8'!N57 -> 4890.18 | O57: =I57+'26.8'!O57 -> 17015.74
A58: 非生产耗煤量 | B58: 吨 | C58: 053 | D58: =SUM(G58:I58) -> 0 | G58: =SUM(E58:F58) -> 0 | J58: =SUM(M58:O58) -> 42844 | K58: =E58+'26.8'!K58 -> 42844 | L58: =F58+'26.8'!L58 -> 0 | M58: =SUM(K58:L58) -> 42844 | N58: =H58+'26.8'!N58 -> 0 | O58: =I58+'26.8'!O58 -> 0
A59: 期末库存煤量 | B59: 吨 | C59: 054 | D59: =SUM(G59:I59) -> 103499.61 | E59: =K59 -> 42846 | F59: =L59 -> 11815 | G59: =SUM(E59:F59) -> 54661 | H59: =N59 -> 28612.66 | I59: =O59 -> 20225.95 | J59: =M59+N59+O59 -> 103499.61 | K59: ='26.8'!K59+E57-E14-E58 -> 42846 | L59: ='26.8'!L59+F57-F14-F58 -> 11815 | M59: =SUM(K59:L59) -> 54661 | N59: ='26.8'!N59+H57-H14-H58 -> 28612.66 | O59: ='26.8'!O59+I57-I14-I58 -> 20225.95
A60: 外购电量 | B60: 千瓦时 | C60: 055 | D60: =SUM(G60:I60) -> 0 | J60: =M60+N60+O60 -> 2855811 | K60: =E60+'26.8'!K60 -> 0 | L60: =F60+'26.8'!L60 -> 0 | M60: =SUM(K60:L60) -> 0 | N60: =H60+'26.8'!N60 -> 1828619 | O60: =I60+'26.8'!O60 -> 1027192
A61: 其中：热网耗电量 | B61: 千瓦时 | C61: 056 | D61: =SUM(G61:I61) -> 0 | G61: =SUM(E61:F61) -> 0 | J61: =M61+N61+O61 -> 2855811 | K61: =E61+'26.8'!K61 -> 0 | L61: =F61+'26.8'!L61 -> 0 | M61: =SUM(K61:L61) -> 0 | N61: =H61+'26.8'!N61 -> 1828619 | O61: =I61+'26.8'!O61 -> 1027192
A62: 热网耗水量 | B62: 吨 | C62: 057 | D62: =SUM(G62:I62) -> 0 | G62: =SUM(E62:F62) -> 0 | J62: =M62+N62+O62 -> 63546 | K62: =E62+'26.8'!K62 -> 0 | L62: =F62+'26.8'!L62 -> 0 | M62: =SUM(K62:L62) -> 0 | N62: =H62+'26.8'!N62 -> 40661 | O62: =I62+'26.8'!O62 -> 22885
A63: 主城区电厂低温水网补水量 | B63: 吨 | C63: 058 | D63: =SUM(G63:I63) -> 0 | G63: =SUM(E63:F63) -> 0 | J63: =M63+N63+O63 -> 25920 | K63: =E63+'26.8'!K63 -> 0 | L63: =F63+'26.8'!L63 -> 25920 | M63: =SUM(K63:L63) -> 25920 | N63: =H63+'26.8'!N63 -> 0 | O63: =I63+'26.8'!O63 -> 0
A64: 高温水网补水量 | B64: 吨 | C64: 059 | D64: =SUM(G64:I64) -> 0 | G64: =SUM(E64:F64) -> 0 | J64: =M64+N64+O64 -> 73699 | K64: =E64+'26.8'!K64 -> 73699 | L64: =F64+'26.8'!L64 -> 0 | M64: =SUM(K64:L64) -> 73699 | N64: =H64+'26.8'!N64 -> 0 | O64: =I64+'26.8'!O64 -> 0
A65: 脱硫脱硝耗水量 | B65: 吨 | C65: 060 | D65: =SUM(G65:I65) -> 0 | G65: =SUM(E65:F65) -> 0 | J65: =M65+N65+O65 -> 70369 | K65: =E65+'26.8'!K65 -> 6302 | L65: =F65+'26.8'!L65 -> 32849 | M65: =SUM(K65:L65) -> 39151 | N65: =H65+'26.8'!N65 -> 23814 | O65: =I65+'26.8'!O65 -> 7404
A66: 脱硫脱硝耗电量 | B66: 千瓦时 | C66: 061 | D66: =SUM(G66:I66) -> 0 | G66: =SUM(E66:F66) -> 0 | J66: =M66+N66+O66 -> 3730739 | K66: =E66+'26.8'!K66 -> 1072980 | L66: =F66+'26.8'!L66 -> 1283190 | M66: =SUM(K66:L66) -> 2356170 | N66: =H66+'26.8'!N66 -> 754606 | O66: =I66+'26.8'!O66 -> 619963
A67: 发电耗水量 | B67: 吨 | C67: 062 | D67: =SUM(G67:I67) -> #DIV/0! | E67: =(E20-E63-E64-E12)*(1-E54) -> #DIV/0! | F67: =(F20-F63-F64-F12)*(1-F54) -> #DIV/0! | G67: =(G20-G63-G12)*(1-G54) -> #DIV/0! | H67: =(H20-H62-H12)*(1-H54) -> #DIV/0! | I67: =(I20-I62-I12)*(1-I54) -> #DIV/0! | J67: =M67+N67+O67 -> 44242.777 | K67: =(K20-K63-K64-K12)*(1-K54) -> 14378.134 | L67: =(L20-L63-L64-L12)*(1-L54) -> 16210.141 | M67: =SUM(K67:L67) -> 30588.275 | N67: =(N20-N62-N12)*(1-N54) -> 10832.357 | O67: =(O20-O62-O12)*(1-O54) -> 2822.1455
A68: 供热耗水量 | B68: 吨 | C68: 063 | D68: =SUM(G68:I68) -> #DIV/0! | E68: =(E20-E63-E64-E12)*E54+E12 -> #DIV/0! | F68: =(F20-F63-F64-F12)*F54+F12 -> #DIV/0! | G68: =(G20-G63-G12)*G54+G12 -> #DIV/0! | H68: =(H20-H62-H12)*H54+H12+H62 -> #DIV/0! | I68: =(I20-I62-I12)*I54+I12+I62 -> #DIV/0! | J68: =M68+N68+O68 -> 357969.22 | K68: =(K20-K63-K64-K12)*K54+K12 -> 89532.866 | L68: =(L20-L63-L64-L12)*L54+L12 -> 152643.86 | M68: =SUM(K68:L68) -> 242176.72 | N68: =(N20-N62-N12)*N54+N12+N62 -> 83961.643 | O68: =(O20-O62-O12)*O54+O12+O62 -> 31830.855
A69: 发电水耗率 | B69: 吨/万千瓦时 | C69: 064 | D69: =D67/(D7/10000) -> #DIV/0! | E69: =E67/(E7/10000) -> #DIV/0! | F69: =F67/(F7/10000) -> #DIV/0! | G69: =G67/(G7/10000) -> #DIV/0! | H69: =H67/(H7/10000) -> #DIV/0! | I69: =I67/(I7/10000) -> #DIV/0! | J69: =J67/(J7/10000) -> 2.8283805 | K69: =K67/(K7/10000) -> 2.3666308 | ... O69: =O67/(O7/10000) -> 1.838184
A70: 供热水耗率 | B70: 吨/吉焦 | C70: 065 | D70: =D68/D9 -> #DIV/0! | E70: =E68/E9 -> #DIV/0! | F70: =F68/F9 -> #DIV/0! | G70: =G68/G9 -> #DIV/0! | H70: =H68/H9 -> #DIV/0! | I70: =I68/I9 -> #DIV/0! | J70: =J68/J9 -> 0.12740995 | K70: =K68/K9 -> 0.091338706 | ... O70: =O68/O9 -> 0.10897458
D72: 低真空补水量
D73: 首站电量
D74: 首站补水量

Sheet 26.10
A1: 大连市热电集团所属热电厂生产月报表
A2: 2026 年 10 月
A3: 指 标 名 称 | B3: 计量单位 | C3: 代码 | D3: 本 月 实 际 | J3: 本 年 累 计
D4: 合 计 | E4: 其 中 | J4: 合 计 | K4: 其 中
E5: 北海热电厂 | F5: 香海热电厂 | G5: 主城区小计 | H5: 金州热电厂 | I5: 瓦房店热电厂 | K5: 北海热电厂 | L5: 香海热电厂 | M5: 主城区小计 | N5: 金州热电厂 | O5: 瓦房店热电厂
A6: 发电机组容量 | B6: 万千瓦 | C6: 001 | D6: =G6+H6+I6 -> 26.88 | E6: 10 | F6: 10 | G6: =SUM(E6:F6) -> 20 | H6: 3.6 | I6: =3.96-0.68 -> 3.28 | J6: =M6+N6+O6 -> 26.88 | K6: 10 | L6: 10 | M6: =SUM(K6:L6) -> 20 | N6: 3.6 | O6: 3.28
A7: 发电量 | B7: 千瓦时 | C7: 002 | D7: =G7+H7+I7 -> 0 | E7: =[10]产量!$C$15 -> 0 | F7: =[10]产量!$C$19 -> 0 | G7: =SUM(E7:F7) -> 0 | J7: =M7+N7+O7 -> 156424420 | K7: =E7+'26.9'!K7 -> 60753600 | L7: =F7+'26.9'!L7 -> 57676320 | M7: =SUM(K7:L7) -> 118429920 | N7: =H7+'26.9'!N7 -> 22641600 | O7: =I7+'26.9'!O7 -> 15352900
A8: 供电量 | B8: 千瓦时 | C8: 003 | D8: =G8+H8+I8 -> 0 | E8: =[10]产量!$E$15 -> 0 | F8: =[10]产量!$E$19 -> 0 | G8: =SUM(E8:F8) -> 0 | J8: =M8+N8+O8 -> 105076944 | K8: =E8+'26.9'!K8 -> 37145916 | L8: =F8+'26.9'!L8 -> 41137272 | M8: =SUM(K8:L8) -> 78283188 | N8: =H8+'26.9'!N8 -> 15642792 | O8: =I8+'26.9'!O8 -> 11150964
A9: 供热量 | B9: 吉焦 | C9: 004 | D9: =G9+H9+I9 -> 0 | E9: =[10]产量!$G$6 -> 0 | F9: =[10]产量!$G$7 -> 0 | G9: =SUM(E9:F9) -> 0 | J9: =M9+N9+O9 -> 2809586.1 | K9: =E9+'26.9'!K9 -> 980229.19 | L9: =F9+'26.9'!L9 -> 967138.54 | M9: =SUM(K9:L9) -> 1947367.7 | N9: =H9+'26.9'!N9 -> 570124 | O9: =I9+'26.9'!O9 -> 292094.32
A10: 其中：低真空、热泵供热量 | B10: 吉焦 | C10: 005 | D10: =G10+H10+I10 -> 0 | F10: =[10]产量!$G$29 -> 0 | G10: =SUM(E10:F10) -> 0 | J10: =M10+N10+O10 -> 377963 | K10: =E10+'26.9'!K10 -> 0 | L10: =F10+'26.9'!L10 -> 264848 | M10: =SUM(K10:L10) -> 264848 | N10: =H10+'26.9'!N10 -> 113115 | O10: =I10+'26.9'!O10 -> 0
A11: 高温水网供热量 | B11: 吉焦 | C11: 006 | D11: =G11+H11+I11 -> 0 | E11: =[10]产量!$G$28 -> 0 | F11: =[10]产量!$G$30 -> 0 | G11: =SUM(E11:F11) -> 0 | H11: =H9-H10 -> 0 | I11: =I9-I10 -> 0 | J11: =M11+N11+O11 -> 2097098.7 | K11: =E11+'26.9'!K11 -> 875606.4 | L11: =F11+'26.9'!L11 -> 472389 | M11: =SUM(K11:L11) -> 1347995.4 | N11: =H11+'26.9'!N11 -> 457009 | O11: =I11+'26.9'!O11 -> 292094.32
A12: 供汽量 | B12: 吨 | C12: 007 | D12: =G12+H12+I12 -> 0 | E12: =[10]产量!$G$15 -> 0 | F12: =[10]产量!$G$19 -> 0 | G12: =SUM(E12:F12) -> 0 | H12: 0 | I12: 0 | J12: =M12+N12+O12 -> 113333 | K12: =E12+'26.9'!K12 -> 35445 | L12: =F12+'26.9'!L12 -> 77888 | M12: =SUM(K12:L12) -> 113333 | N12: =H12+'26.9'!N12 -> 0 | O12: =I12+'26.9'!O12 -> 0
A13: 期末供暖收费面积 | B13: 平方米 | C13: 008 | N13: =H13 -> 0 | O13: =I13 -> 0
A14: 生产耗原煤量 | B14: 吨 | C14: 009 | D14: =D15+D16 -> 0 | E14: =E15+E16 -> 0 | F14: =F15+F16 -> 0 | G14: =G15+G16 -> 0 | H14: =H15+H16 -> 0 | I14: =I15+I16 -> 0 | J14: =J15+J16 -> 201466.19 | K14: =K15+K16 -> 68272 | ... O14: =O15+O16 -> 20654.19
A15: 发电耗原煤量 | B15: 吨 | C15: 010 | D15: =G15+H15+I15 -> 0 | G15: =SUM(E15:F15) -> 0 | J15: =M15+N15+O15 -> 40206.772 | K15: =E15+'26.9'!K15 -> 14337.393 | L15: =F15+'26.9'!L15 -> 13051.19 | M15: =SUM(K15:L15) -> 27388.583 | N15: =H15+'26.9'!N15 -> 7865 | O15: =I15+'26.9'!O15 -> 4953.189
A16: 供热耗原煤量 | B16: 吨 | C16: 011 | D16: =G16+H16+I16 -> 0 | G16: =SUM(E16:F16) -> 0 | J16: =M16+N16+O16 -> 161259.42 | K16: =E16+'26.9'!K16 -> 53934.607 | L16: =F16+'26.9'!L16 -> 60187.81 | M16: =SUM(K16:L16) -> 114122.42 | N16: =H16+'26.9'!N16 -> 31436 | O16: =I16+'26.9'!O16 -> 15701.001
A17: 锅炉耗油量 | B17: 吨 | C17: 012 | D17: =D18+D19 -> 0 | E17: =E18+E19 -> 0 | F17: =F18+F19 -> 0 | G17: =G18+G19 -> 0 | H17: =H18+H19 -> 0 | I17: =I18+I19 -> 0 | J17: =J18+J19 -> 108.5 | K17: =K18+K19 -> 69.3 | ... O17: =O18+O19 -> 0.2
A18: 发电耗油量 | B18: 吨 | C18: 013 | D18: =G18+H18+I18 -> 0 | G18: =SUM(E18:F18) -> 0 | J18: =M18+N18+O18 -> 22.05624 | K18: =E18+'26.9'!K18 -> 14.553277 | L18: =F18+'26.9'!L18 -> 4.455 | M18: =SUM(K18:L18) -> 19.008277 | N18: =H18+'26.9'!N18 -> 3 | O18: =I18+'26.9'!O18 -> 0.047963043
A19: 供热耗油量 | B19: 吨 | C19: 014 | D19: =G19+H19+I19 -> 0 | G19: =SUM(E19:F19) -> 0 | J19: =M19+N19+O19 -> 86.44376 | K19: =E19+'26.9'!K19 -> 54.746723 | L19: =F19+'26.9'!L19 -> 20.545 | M19: =SUM(K19:L19) -> 75.291723 | N19: =H19+'26.9'!N19 -> 11 | O19: =I19+'26.9'!O19 -> 0.15203696
A20: 耗水量 | B20: 吨 | C20: 015 | D20: =G20+H20+I20 -> 0 | G20: =SUM(E20:F20) -> 0 | J20: =M20+N20+O20 -> 501831 | K20: =E20+'26.9'!K20 -> 177610 | L20: =F20+'26.9'!L20 -> 194774 | M20: =SUM(K20:L20) -> 372384 | N20: =H20+'26.9'!N20 -> 94794 | O20: =I20+'26.9'!O20 -> 34653
A21: 其中：耗再生水量(或井水) | B21: 吨 | C21: 016 | D21: =G21+H21+I21 -> 0 | G21: =SUM(E21:F21) -> 0 | J21: =M21+N21+O21 -> 132751 | K21: =E21+'26.9'!K21 -> 121213 | L21: =F21+'26.9'!L21 -> 0 | M21: =SUM(K21:L21) -> 121213 | N21: =H21+'26.9'!N21 -> 0 | O21: =I21+'26.9'!O21 -> 11538
A22: 耗酸量 | B22: 吨 | C22: 017 | D22: =G22+H22+I22 -> 0 | G22: =SUM(E22:F22) -> 0 | J22: =M22+N22+O22 -> 63.71 | K22: =E22+'26.9'!K22 -> 6.4 | L22: =F22+'26.9'!L22 -> 40 | M22: =SUM(K22:L22) -> 46.4 | N22: =H22+'26.9'!N22 -> 15 | O22: =I22+'26.9'!O22 -> 2.31
A23: 耗碱量 | B23: 吨 | C23: 018 | D23: =G23+H23+I23 -> 0 | G23: =SUM(E23:F23) -> 0 | J23: =M23+N23+O23 -> 54 | K23: =E23+'26.9'!K23 -> 9.7 | L23: =F23+'26.9'!L23 -> 32 | M23: =SUM(K23:L23) -> 41.7 | N23: =H23+'26.9'!N23 -> 10 | O23: =I23+'26.9'!O23 -> 2.3
A24: 耗石灰石量 | B24: 吨 | C24: 019 | D24: =G24+H24+I24 -> 0 | G24: =SUM(E24:F24) -> 0 | J24: =M24+N24+O24 -> 601.88 | K24: =E24+'26.9'!K24 -> 0 | L24: =F24+'26.9'!L24 -> 0 | M24: =SUM(K24:L24) -> 0 | N24: =H24+'26.9'!N24 -> 0 | O24: =I24+'26.9'!O24 -> 601.88
A25: 耗石灰石粉量 | B25: 吨 | C25: 020 | D25: =G25+H25+I25 -> 0 | G25: =SUM(E25:F25) -> 0 | J25: =M25+N25+O25 -> 3965.38 | K25: =E25+'26.9'!K25 -> 2045 | L25: =F25+'26.9'!L25 -> 854 | M25: =SUM(K25:L25) -> 2899 | N25: =H25+'26.9'!N25 -> 702 | O25: =I25+'26.9'!O25 -> 364.38
A26: 耗氨水量 | B26: 吨 | C26: 021 | D26: =G26+H26+I26 -> 0 | G26: =SUM(E26:F26) -> 0 | J26: =M26+N26+O26 -> 972.013 | K26: =E26+'26.9'!K26 -> 377.74 | L26: =F26+'26.9'!L26 -> 201 | M26: =SUM(K26:L26) -> 578.74 | N26: =H26+'26.9'!N26 -> 319 | O26: =I26+'26.9'!O26 -> 74.273
A27: 耗阻垢剂量(水质稳定剂) | B27: 吨 | C27: 022 | D27: =G27+H27+I27 -> 0 | G27: =SUM(E27:F27) -> 0 | J27: =M27+N27+O27 -> 3.125 | K27: =E27+'26.9'!K27 -> 1.075 | L27: =F27+'26.9'!L27 -> 1 | M27: =SUM(K27:L27) -> 2.075 | N27: =H27+'26.9'!N27 -> 1 | O27: =I27+'26.9'!O27 -> 0.05
A28: 耗杀菌剂量 | B28: 吨 | C28: 023 | D28: =G28+H28+I28 -> 0 | G28: =SUM(E28:F28) -> 0 | J28: =M28+N28+O28 -> 0 | K28: =E28+'26.9'!K28 -> 0 | L28: =F28+'26.9'!L28 -> 0 | M28: =SUM(K28:L28) -> 0 | N28: =H28+'26.9'!N28 -> 0 | O28: =I28+'26.9'!O28 -> 0
A29: 耗钢球量 | B29: 吨 | C29: 024 | D29: =G29+H29+I29 -> 0 | G29: =SUM(E29:F29) -> 0 | J29: =M29+N29+O29 -> 28 | K29: =E29+'26.9'!K29 -> 28 | L29: =F29+'26.9'!L29 -> 0 | M29: =SUM(K29:L29) -> 28 | N29: =H29+'26.9'!N29 -> 0 | O29: =I29+'26.9'!O29 -> 0
A30: 综合厂用电量 | B30: 千瓦时 | C30: 025 | D30: =G30+H30+I30 -> 0 | E30: =E7-E8 -> 0 | F30: =F7-F8 -> 0 | G30: =G7-G8 -> 0 | H30: =H7-H8 -> 0 | I30: =I7-I8 -> 0 | J30: =M30+N30+O30 -> 51347476 | K30: =E30+'26.9'!K30 -> 23607684 | L30: =F30+'26.9'!L30 -> 16539048 | M30: =M7-M8 -> 40146732 | N30: =H30+'26.9'!N30 -> 6998808 | O30: =I30+'26.9'!O30 -> 4201936
A31: 非生产厂用电量 | B31: 千瓦时 | C31: 026 | D31: =G31+H31+I31 -> 0 | G31: =SUM(E31:F31) -> 0 | J31: =M31+N31+O31 -> 7167192.5 | K31: =E31+'26.9'!K31 -> 6593264.5 | L31: =F31+'26.9'!L31 -> 573928 | M31: =SUM(K31:L31) -> 7167192.5 | N31: =H31+'26.9'!N31 -> 0 | O31: =I31+'26.9'!O31 -> 0
A32: 生产厂用电量 | B32: 千瓦时 | C32: 027 | D32: =D33+D34 -> 0 | E32: =E33+E34 -> 0 | F32: =F33+F34 -> 0 | G32: =G33+G34 -> 0 | H32: =H33+H34 -> 0 | I32: =I33+I34 -> 0 | J32: =J33+J34 -> 44180283 | K32: =K33+K34 -> 17014419 | ... O32: =O33+O34 -> 4201936
A33: 其中：发电厂用电量 | B33: 千瓦时 | C33: 028 | D33: =G33+H33+I33 -> 0 | G33: =SUM(E33:F33) -> 0 | J33: =M33+N33+O33 -> 8826323.6 | K33: =E33+'26.9'!K33 -> 3573096 | L33: =F33+'26.9'!L33 -> 2844984.4 | M33: =SUM(K33:L33) -> 6418080.4 | N33: =H33+'26.9'!N33 -> 1400555 | O33: =I33+'26.9'!O33 -> 1007688.2
A34: 供热厂用电量 | B34: 千瓦时 | C34: 029 | D34: =G34+H34+I34 -> 0 | G34: =SUM(E34:F34) -> 0 | J34: =M34+N34+O34 -> 35353959 | K34: =E34+'26.9'!K34 -> 13441323 | L34: =F34+'26.9'!L34 -> 13120136 | M34: =SUM(K34:L34) -> 26561458 | N34: =H34+'26.9'!N34 -> 5598253 | O34: =I34+'26.9'!O34 -> 3194247.8
A35: 综合厂用电率 | B35: % | C35: 030 | D35: =D30*100/D7 -> #DIV/0! | E35: =E30*100/E7 -> #DIV/0! | F35: =F30*100/F7 -> #DIV/0! | G35: =G30*100/G7 -> #DIV/0! | H35: =H30*100/H7 -> #DIV/0! | I35: =I30*100/I7 -> #DIV/0! | J35: =J30*100/J7 -> 32.825742 | K35: =K30*100/K7 -> 38.858082 | ... O35: =O30*100/O7 -> 27.369005
A36: 发电厂用电率 | B36: % | C36: 031 | D36: =D33*100/D7 -> #DIV/0! | E36: =E33*100/E7 -> #DIV/0! | F36: =F33*100/F7 -> #DIV/0! | G36: =G33*100/G7 -> #DIV/0! | H36: =H33*100/H7 -> #DIV/0! | I36: =I33*100/I7 -> #DIV/0! | J36: =J33*100/J7 -> 5.6425484 | K36: =K33*100/K7 -> 5.881291 | ... O36: =O33*100/O7 -> 6.5635039
A37: 供热厂用电率 | B37: 千瓦时/吉焦 | C37: 032 | D37: =D34/D9 -> #DIV/0! | E37: =E34/E9 -> #DIV/0! | F37: =F34/F9 -> #DIV/0! | G37: =G34/G9 -> #DIV/0! | H37: =H34/H9 -> #DIV/0! | I37: =I34/I9 -> #DIV/0! | J37: =J34/J9 -> 12.583334 | K37: =K34/K9 -> 13.712429 | ... O37: =O34/O9 -> 10.935672
A38: 耗标煤总量 | B38: 吨 | C38: 033 | D38: =D39+D42 -> 0 | E38: =E39+E42 -> 0 | F38: =F39+F42 -> 0 | G38: =G39+G42 -> 0 | H38: =H39+H42 -> 0 | I38: =I39+I42 -> 0 | J38: =J39+J42 -> 137897.36 | K38: =K39+K42 -> 46848.881 | ... O38: =O39+O42 -> 14852.348
A39: 发电标准煤耗量 | B39: 吨 | C39: 034 | D39: =D40+D41 -> 0 | E39: =E40+E41 -> 0 | F39: =F40+F41 -> 0 | G39: =G40+G41 -> 0 | H39: =H40+H41 -> 0 | I39: =I40+I41 -> 0 | J39: =J40+J41 -> 27596.4 | K39: =K40+K41 -> 9838.4525 | ... O39: =O40+O41 -> 3561.819
A40: 其中：煤折标准煤量 | B40: 吨 | C40: 035 | D40: =G40+H40+I40 -> 0 | G40: =SUM(E40:F40) -> 0 | J40: =M40+N40+O40 -> 27564.635 | K40: =E40+'26.9'!K40 -> 9817.2469 | L40: =F40+'26.9'!L40 -> 8544.6373 | M40: =SUM(K40:L40) -> 18361.884 | N40: =H40+'26.9'!N40 -> 5641 | O40: =I40+'26.9'!O40 -> 3561.7504
A41: 油折标准煤量 | B41: 吨 | C41: 036 | D41: =G41+H41+I41 -> 0 | G41: =SUM(E41:F41) -> 0 | J41: =M41+N41+O41 -> 31.765479 | K41: =E41+'26.9'!K41 -> 21.20558 | L41: =F41+'26.9'!L41 -> 6.4913805 | M41: =SUM(K41:L41) -> 27.696961 | N41: =H41+'26.9'!N41 -> 4 | O41: =I41+'26.9'!O41 -> 0.068518633
A42: 供热标准煤耗量 | B42: 吨 | C42: 037 | D42: =D43+D44 -> 0 | E42: =E43+E44 -> 0 | F42: =F43+F44 -> 0 | G42: =G43+G44 -> 0 | H42: =H43+H44 -> 0 | I42: =I43+I44 -> 0 | J42: =J43+J44 -> 110300.96 | K42: =K43+K44 -> 37010.429 | ... O42: =O43+O44 -> 11290.529
A43: 其中：煤折标准煤量 | B43: 吨 | C43: 038 | D43: =G43+H43+I43 -> 0 | G43: =SUM(E43:F43) -> 0 | J43: =M43+N43+O43 -> 110175.03 | K43: =E43+'26.9'!K43 -> 36930.655 | L43: =F43+'26.9'!L43 -> 39405.067 | M43: =SUM(K43:L43) -> 76335.722 | N43: =H43+'26.9'!N43 -> 22549 | O43: =I43+'26.9'!O43 -> 11290.311
A44: 油折标准煤量 | B44: 吨 | C44: 039 | D44: =G44+H44+I44 -> 0 | G44: =SUM(E44:F44) -> 0 | J44: =M44+N44+O44 -> 125.92711 | K44: =E44+'26.9'!K44 -> 79.773796 | L44: =F44+'26.9'!L44 -> 29.93612 | M44: =SUM(K44:L44) -> 109.70992 | N44: =H44+'26.9'!N44 -> 16 | O44: =I44+'26.9'!O44 -> 0.21719565
A45: 发电标准煤耗率 | B45: 克/千瓦时 | C45: 040 | D45: =D39*1000000/D7 -> #DIV/0! | E45: =E39*1000000/E7 -> #DIV/0! | F45: =F39*1000000/F7 -> #DIV/0! | G45: =G39*1000000/G7 -> #DIV/0! | H45: =H39*1000000/H7 -> #DIV/0! | I45: =I39*1000000/I7 -> #DIV/0! | J45: =J39*1000000/J7 -> 176.42003 | K45: =K39*1000000/K7 -> 161.94024 | ... O45: =O39*1000000/O7 -> 231.99649
A46: 供电标准煤耗率 | B46: 克/千瓦时 | C46: 041 | D46: =D39*1000000/(D7-D33) -> #DIV/0! | E46: =E39*1000000/(E7-E33) -> #DIV/0! | F46: =F39*1000000/(F7-F33) -> #DIV/0! | G46: =G39*1000000/(G7-G33) -> #DIV/0! | H46: =H39*1000000/(H7-H33) -> #DIV/0! | I46: =I39*1000000/(I7-I33) -> #DIV/0! | J46: =J39*1000000/(J7-J33) -> 186.96989 | K46: =K39*1000000/(K7-K33) -> 172.05956 | ... O46: =O39*1000000/(O7-O33) -> 248.29323
A47: 供热标准煤耗率 | B47: 千克/吉焦 | C47: 042 | D47: =D42*1000/D9 -> #DIV/0! | E47: =E42*1000/E9 -> #DIV/0! | F47: =F42*1000/F9 -> #DIV/0! | G47: =G42*1000/G9 -> #DIV/0! | H47: =H42*1000/H9 -> #DIV/0! | I47: =I42*1000/I9 -> #DIV/0! | J47: =J42*1000/J9 -> 39.258794 | K47: =K42*1000/K9 -> 37.756913 | ... O47: =O42*1000/O9 -> 38.653708
A48: 入炉煤低位发热量 | B48: 千焦/千克 | C48: 043 | D48: =(D40+D43)*29308/D14 -> #DIV/0! | E48: =(E40+E43)*29308/E14 -> #DIV/0! | F48: =(F40+F43)*29308/F14 -> #DIV/0! | G48: =(G40+G43)*29308/G14 -> #DIV/0! | H48: =(H40+H43)*29308/H14 -> #DIV/0! | I48: =(I40+I43)*29308/I14 -> #DIV/0! | J48: =(J40+J43)*29308/J14 -> 20037.477 | K48: =(K40+K43)*29308/K14 -> 20068.073 | ... O48: =(O40+O43)*29308/O14 -> 21074.863
A49: 入厂煤低位发热量 | B49: 千焦/千克 | C49: 044 | K49: 20397.521 | L49: 19806.537 | M49: 0 | N49: 20257.78 | O49: 20773
A50: 发电最高负荷 | B50: 千瓦 | C50: 045 | D50: =G50+H50+I50 -> 0 | G50: =SUM(E50:F50) -> 0 | J50: =M50+N50+O50 -> 245380 | K50: 103680 | L50: 89280 | M50: =SUM(K50:L50) -> 192960 | N50: 37920 | O50: 14500
A51: 供热最高负荷 | B51: 吨/时 | C51: 046 | D51: =G51+H51+I51 -> 0 | G51: =SUM(E51:F51) -> 0 | J51: =M51+N51+O51 -> 657 | K51: 48 | L51: 109 | M51: =SUM(K51:L51) -> 157 | N51: 350 | O51: 150
A52: 发电设备利用率 | B52: % | C52: 047 | D52: =D7/10000/D6/(DAY(DATE(2026,11,0))*24) -> 0 | E52: =E7/10000/E6/(DAY(DATE(2026,11,0))*24) -> 0 | F52: =F7/10000/F6/(DAY(DATE(2026,11,0))*24) -> 0 | G52: =G7/10000/G6/(DAY(DATE(2026,11,0))*24) -> 0 | H52: =H7/10000/H6/(DAY(DATE(2026,11,0))*24) -> 0 | I52: =I7/10000/I6/(DAY(DATE(2026,11,0))*24) -> 0 | J52: =J7/10000/J6/(DATEDIF(DATE(2026,1,1),DATE(2026,11,1),"D")*24) -> 0.079760977 | K52: =K7/10000/K6/(DATEDIF(DATE(2026,1,1),DATE(2026,11,1),"D")*24) -> 0.083269737 | L52: =L7/10000/L6/(DATEDIF(DATE(2026,1,1),DATE(2026,11,1),"D")*24) -> 0.079051974 | M52: =M7/10000/M6/(DATEDIF(DATE(2026,1,1),DATE(2026,11,1),"D")*24) -> 0.081160855 | N52: =N7/10000/N6/(DATEDIF(DATE(2026,1,1),DATE(2026,11,1),"D")*24) -> 0.086202485 | O52: =O7/10000/O6/(DATEDIF(DATE(2026,1,1),DATE(2026,11,1),"D")*24) -> 0.064155184
A53: 供热设备利用率 | B53: % | C53: 048 | D53: =D9*1000/1986/((DAY(DATE(2026,11,0))*24)*3600) -> 0 | E53: =E9*1000/577/((DAY(DATE(2026,11,0))*24)*3600) -> 0 | F53: =F9*1000/528/((DAY(DATE(2026,11,0))*24)*3600) -> 0 | G53: =G9*1000/1442/((DAY(DATE(2026,11,0))*24)*3600) -> 0 | H53: =H9*1000/414/((DAY(DATE(2026,11,0))*24)*3600) -> 0 | I53: =I9*1000/130/((DAY(DATE(2026,11,0))*24)*3600) -> 0 | J53: =J9*1000/1986/((DATEDIF(DATE(2026,1,1),DATE(2026,11,1),"D")*24)*3600) -> 0.053861168 | K53: =K9*1000/577/((DATEDIF(DATE(2026,1,1),DATE(2026,11,1),"D")*24)*3600) -> 0.064679178 | L53: =L9*1000/528/((DATEDIF(DATE(2026,1,1),DATE(2026,11,1),"D")*24)*3600) -> 0.069737672 | M53: =M9*1000/1442/((DATEDIF(DATE(2026,1,1),DATE(2026,11,1),"D")*24)*3600) -> 0.051415656 | N53: =N9*1000/414/((DATEDIF(DATE(2026,1,1),DATE(2026,11,1),"D")*24)*3600) -> 0.052430217 | O53: =O9*1000/130/((DATEDIF(DATE(2026,1,1),DATE(2026,11,1),"D")*24)*3600) -> 0.085544567
A54: 热分摊比 | B54: % | C54: 049 | D54: =D42/D38 -> #DIV/0! | E54: =E42/E38 -> #DIV/0! | F54: =F42/F38 -> #DIV/0! | G54: =G42/G38 -> #DIV/0! | H54: =H42/H38 -> #DIV/0! | I54: =I42/I38 -> #DIV/0! | J54: =J42/J38 -> 0.79987724 | K54: =K42/K38 -> 0.789996 | ... O54: =O42/O38 -> 0.76018478
A55: 热电比 | B55: % | C55: 050 | D55: =D9*1000000/(D8*3600) -> #DIV/0! | E55: =E9*1000000/(E8*3600) -> #DIV/0! | F55: =F9*1000000/(F8*3600) -> #DIV/0! | G55: =G9*1000000/(G8*3600) -> #DIV/0! | H55: =H9*1000000/(H8*3600) -> #DIV/0! | I55: =I9*1000000/(I8*3600) -> #DIV/0! | J55: =J9*1000000/(J8*3600) -> 7.4273246 | K55: =K9*1000000/(K8*3600) -> 7.3301702 | ... O55: =O9*1000000/(O8*3600) -> 7.2762598
