Workbook

Sheet 全口径
A1: 指标 类别 | B1: 项 目 | C1: 计量单位 | D1: 本年计划 | E1: 本月计划 | F1: 上年同期 | G1: 本月实际 | H1: 本年累计 | I1: 年计划 完成率 | J1: 与月计划比较 | L1: 与上年同期比较
J2: 差异 | K2: ±% | L2: 差异 | M2: ±%
A3: 产品 销量 | B3: 售电量 | C3: 万千瓦时 | D3: =北海!D4+香海!D4+金州!D4+北方!D4 -> 0 | E3: =北海!E4+香海!E4+金州!E4+北方!E4 -> 12130 | F3: =[3]全口径!$G$3 -> 10723.867 | G3: =北海!G4+香海!G4+金州!G4+北方!G4 -> 10507.694 | H3: =北海!H4+香海!H4+金州!H4+北方!H4 -> 10507.694 | I3: =IFERROR(H3/D3,"-") -> - | J3: =IFERROR(G3-E3,"-") -> -1622.3056 | K3: =IFERROR(J3/E3,"-") -> -0.13374325 | L3: =IFERROR(G3-F3,"-") -> -216.1725 | M3: =IFERROR(L3/F3,"-") -> -0.020158074
B4: 售汽量 | C4: 吨 | D4: =主城区!D9 -> 0 | E4: =主城区!E9 -> 51000 | F4: =[3]全口径!$G$4 -> 48270 | G4: =[5]售热量!$D$27 -> 55460 | H4: =[5]售热量!$D$27 -> 55460 | I4: =IFERROR(H4/D4,"-") -> - | J4: =IFERROR(G4-E4,"-") -> 4460 | K4: =IFERROR(J4/E4,"-") -> 0.08745098 | L4: =IFERROR(G4-F4,"-") -> 7190 | M4: =IFERROR(L4/F4,"-") -> 0.1489538
B5: 高温水销售量 | C5: 吉焦 | D5: =主城区!D10+金州!D7+北方!D6+金普!D8 -> 0 | E5: =主城区!E10+金州!E7+北方!E6+金普!E8 -> 448469.7 | F5: =[3]全口径!$G$5 -> 431877 | G5: =[5]售热量!$D$28 -> 493498.5 | H5: =[5]售热量!$D$28 -> 493498.5 | I5: =IFERROR(H5/D5,"-") -> - | J5: =IFERROR(G5-E5,"-") -> 45028.8 | K5: =IFERROR(J5/E5,"-") -> 0.10040545 | L5: =IFERROR(G5-F5,"-") -> 61621.5 | M5: =IFERROR(L5/F5,"-") -> 0.14268299
B6: 期末供暖收费面积 | C6: 平方米 | D6: =主城区!D11+金州!D8+北方!D7+金普!D4-金普!D5+庄河!D4+研究院!D4 -> 0 | E6: =主城区!E11+金州!E8+北方!E7+金普!E4-金普!E5+庄河!E4+研究院!E4 -> 36675854 | F6: =主城区!F11+金州!F8+北方!F7+金普!F4-金普!F5+庄河!F4+研究院!F4 -> 35851865 | G6: =H6 -> 36379778 | H6: =主城区!H11+金州!H8+北方!H7+金普!H4-金普!H5+庄河!H4+研究院!H4 -> 36379778 | I6: =IFERROR(H6/D6,"-") -> - | J6: =IFERROR(G6-E6,"-") -> -296076.46 | K6: =IFERROR(J6/E6,"-") -> -0.0080727898 | L6: =IFERROR(G6-F6,"-") -> 527912.37 | M6: =IFERROR(L6/F6,"-") -> 0.014724823
A7: 产品 产量 | B7: 发电量 | C7: 万千瓦时 | D7: =北海!D3+香海!D3+金州!D3+北方!D3 -> 0 | E7: =北海!E3+香海!E3+金州!E3+北方!E3 -> 16952 | F7: =[3]全口径!$G$7 -> 15044.43 | G7: =北海!G3+香海!G3+金州!G3+北方!G3 -> 15642.442 | H7: =北海!H3+香海!H3+金州!H3+北方!H3 -> 15642.442 | I7: =IFERROR(H7/D7,"-") -> - | J7: =IFERROR(G7-E7,"-") -> -1309.558 | K7: =IFERROR(J7/E7,"-") -> -0.077250944 | L7: =IFERROR(G7-F7,"-") -> 598.012 | M7: =IFERROR(L7/F7,"-") -> 0.039749728
B8: 供热量 | C8: 吉焦 | D8: =主城区!D6+金州!D5+北方!D5+金普!D7+庄河!D6+研究院!D6 -> 0 | E8: =主城区!E6+金州!E5+北方!E5+金普!E7+庄河!E6+研究院!E6 -> 3506609.2 | F8: =[3]全口径!$G$8 -> 3363790.3 | G8: =北海!G6+北海水炉!G4+香海!G6+金州!G5+北方!G5+金普!G7+庄河!G6+研究院!G6+主城区电锅炉!G6+天然气炉!D5+天然气炉!E5 -> 3972697.2 | H8: =北海!H6+北海水炉!H4+香海!H6+金州!H5+北方!H5+金普!H7+庄河!H6+研究院!H6+主城区电锅炉!H6+天然气炉!F5+天然气炉!G5 -> 3972697.2 | I8: =IFERROR(H8/D8,"-") -> - | J8: =IFERROR(G8-E8,"-") -> 466088.04 | K8: =IFERROR(J8/E8,"-") -> 0.13291702 | L8: =IFERROR(G8-F8,"-") -> 608906.89 | M8: =IFERROR(L8/F8,"-") -> 0.18101808
B9: 其中：低真空供热量 | C9: 吉焦 | D9: =香海!D7+金州!D6 -> 0 | E9: =香海!E7+金州!E6 -> 325082 | F9: =[3]全口径!$G$9 -> 320756 | G9: =香海!G7+金州!G6 -> 377963 | H9: =香海!H7+金州!H6 -> 377963 | I9: =IFERROR(H9/D9,"-") -> - | J9: =IFERROR(G9-E9,"-") -> 52881 | K9: =IFERROR(J9/E9,"-") -> 0.16266973 | L9: =IFERROR(G9-F9,"-") -> 57207 | M9: =IFERROR(L9/F9,"-") -> 0.17835052
B10: 高温水网供热量 | C10: 吉焦 | D10: =北海!D7+北海水炉!D4+香海!D8+金州!D5-金州!D6+北方!D5 -> 0 | E10: =北海!E7+北海水炉!E4+香海!E8+金州!E5-金州!E6+北方!E5 -> 2555674 | F10: =[3]全口径!$G$10 -> 2375894.5 | G10: =北海!G7+北海水炉!G4+香海!G8+金州!G5-金州!G6+北方!G5 -> 2837808.7 | H10: =北海!H7+北海水炉!H4+香海!H8+金州!H5-金州!H6+北方!H5 -> 2837808.7 | I10: =IFERROR(H10/D10,"-") -> - | J10: =IFERROR(G10-E10,"-") -> 282134.72 | K10: =IFERROR(J10/E10,"-") -> 0.11039543 | L10: =IFERROR(G10-F10,"-") -> 461914.26 | M10: =IFERROR(L10/F10,"-") -> 0.19441699
B11: 供汽量 | C11: 吨 | D11: =主城区!D5 -> 0 | E11: =主城区!E5 -> 94011 | F11: =[3]全口径!$G$11 -> 93850 | G11: =北海!G5+香海!G5+天然气炉!D4+天然气炉!E4 -> 113333 | H11: =北海!H5+香海!H5+天然气炉!F4+天然气炉!G4 -> 113333 | I11: =IFERROR(H11/D11,"-") -> - | J11: =IFERROR(G11-E11,"-") -> 19322 | K11: =IFERROR(J11/E11,"-") -> 0.20552914 | L11: =IFERROR(G11-F11,"-") -> 19483 | M11: =IFERROR(L11/F11,"-") -> 0.20759723
A12: 主要物料消耗量 | B12: 生产耗原煤量 | C12: 吨 | D12: =北海!D12+北海水炉!D5+香海!D13+金州!D13+北方!D12+金普!D9+庄河!D8 -> 0 | E12: =北海!E12+北海水炉!E5+香海!E13+金州!E13+北方!E12+金普!E9+庄河!E8 -> 230508.17 | F12: =[3]全口径!$G$12 -> 232266.77 | G12: =北海!G12+北海水炉!G5+香海!G13+金州!G13+北方!G12+金普!G9+庄河!G8 -> 257483.19 | H12: =北海!H12+北海水炉!H5+香海!H13+金州!H13+北方!H12+金普!H9+庄河!H8 -> 257483.19 | I12: =IFERROR(H12/D12,"-") -> - | J12: =IFERROR(G12-E12,"-") -> 26975.018 | K12: =IFERROR(J12/E12,"-") -> 0.11702413 | L12: =IFERROR(G12-F12,"-") -> 25216.42 | M12: =IFERROR(L12/F12,"-") -> 0.10856663
B13: 锅炉耗柴油量 | C13: 吨 | D13: =主城区!D13+金州!D23+北方!D23 -> 0 | E13: =北海!E24+北海水炉!E6+香海!E23+金州!E23+北方!E23 -> 89 | F13: =[3]全口径!$G$13 -> 98.3 | G13: =北海!G24+北海水炉!G6+香海!G23+金州!G23+北方!G23 -> 117.5 | H13: =北海!H24+北海水炉!H6+香海!H23+金州!H23+北方!H23 -> 117.5 | I13: =IFERROR(H13/D13,"-") -> - | J13: =IFERROR(G13-E13,"-") -> 28.5 | K13: =IFERROR(J13/E13,"-") -> 0.32022472 | L13: =IFERROR(G13-F13,"-") -> 19.2 | M13: =IFERROR(L13/F13,"-") -> 0.19532045
B14: 耗水量 | C14: 吨 | D14: =主城区!D14+金州!D21+北方!D20+金普!D11+庄河!D10+研究院!D7 -> 0 | E14: =北海!E22+北海水炉!E9+香海!E22+供热公司!E12+金州!E21+北方!E20+金普!E11+庄河!E10+研究院!E7+主城区电锅炉!E7 -> 691983.21 | F14: =[3]全口径!$G$14 -> 810644.3 | G14: =北海!G22+北海水炉!G9+香海!G22+供热公司!G12+金州!G21+北方!G20+金普!G11+庄河!G10+研究院!G7+主城区电锅炉!G7+天然气炉!D8 -> 690103.01 | H14: =北海!H22+北海水炉!H9+香海!H22+供热公司!H12+金州!H21+北方!H20+金普!H11+庄河!H10+研究院!H7+主城区电锅炉!H7+天然气炉!F8 -> 690103.01 | I14: =IFERROR(H14/D14,"-") -> - | J14: =IFERROR(G14-E14,"-") -> -1880.1995 | K14: =IFERROR(J14/E14,"-") -> -0.0027171173 | L14: =IFERROR(G14-F14,"-") -> -120541.29 | M14: =IFERROR(L14/F14,"-") -> -0.14869813
B15: 其中：热网耗水量 | C15: 吨 | D15: =主城区!D23+金州!D22+北方!D22+金普!D11+庄河!D10+研究院!D7 -> 0 | E15: =主城区!E23+金州!E22+北方!E22+金普!E11+庄河!E10+研究院!E7 -> 325689.21 | F15: =主城区!F23+金州!F22+北方!F22+金普!F11+庄河!F10+研究院!F7 -> 419023.4 | G15: =主城区!G23+金州!G22+北方!G22+金普!G11+庄河!G10+研究院!G7 -> 336995.01 | H15: =主城区!H23+金州!H22+北方!H22+金普!H11+庄河!H10+研究院!H7 -> 336995.01 | I15: =IFERROR(H15/D15,"-") -> - | J15: =IFERROR(G15-E15,"-") -> 11305.8 | K15: =IFERROR(J15/E15,"-") -> 0.034713463 | L15: =IFERROR(G15-F15,"-") -> -82028.39 | M15: =IFERROR(L15/F15,"-") -> -0.19576088
B16: 耗井水量 | C16: 吨 | D16: =北方!D21 -> 0 | E16: =北方!E21 -> 0 | F16: =[3]全口径!$G$15 -> 21789.9 | G16: =北方!G21 -> 11538 | H16: =北方!H21 -> 11538 | I16: =IFERROR(H16/D16,"-") -> - | J16: =IFERROR(G16-E16,"-") -> 11538 | K16: =IFERROR(J16/E16,"-") -> - | L16: =IFERROR(G16-F16,"-") -> -10251.9 | M16: =IFERROR(L16/F16,"-") -> -0.47048862
B17: 耗再生水量 | C17: 吨 | D17: =北海!D23+北海水炉!D10 -> 0 | E17: =北海!E23+北海水炉!E10 -> 116709 | F17: =[3]全口径!$G$16 -> 116709 | G17: =北海!G23+北海水炉!G10 -> 121513 | H17: =北海!H23+北海水炉!H10 -> 121513 | I17: =IFERROR(H17/D17,"-") -> - | J17: =IFERROR(G17-E17,"-") -> 4804 | K17: =IFERROR(J17/E17,"-") -> 0.041162207 | L17: =IFERROR(G17-F17,"-") -> 4804 | M17: =IFERROR(L17/F17,"-") -> 0.041162207
B18: 耗酸量 | C18: 吨 | D18: =主城区!D15+金州!D15+北方!D14 -> 0 | E18: =北海!E14+香海!E15+金州!E15+北方!E14 -> 99 | F18: =[3]全口径!$G$17 -> 83.22 | G18: =北海!G14+香海!G15+金州!G15+北方!G14 -> 63.71 | H18: =北海!H14+香海!H15+金州!H15+北方!H14 -> 63.71 | I18: =IFERROR(H18/D18,"-") -> - | J18: =IFERROR(G18-E18,"-") -> -35.29 | K18: =IFERROR(J18/E18,"-") -> -0.35646465 | L18: =IFERROR(G18-F18,"-") -> -19.51 | M18: =IFERROR(L18/F18,"-") -> -0.23443884
B19: 耗碱量 | C19: 吨 | D19: =主城区!D16+金州!D14+北方!D13 -> 0 | E19: =北海!E13+香海!E14+金州!E14+北方!E13 -> 86 | F19: =[3]全口径!$G$18 -> 73.12 | G19: =北海!G13+香海!G14+金州!G14+北方!G13 -> 54 | H19: =北海!H13+香海!H14+金州!H14+北方!H13 -> 54 | I19: =IFERROR(H19/D19,"-") -> - | J19: =IFERROR(G19-E19,"-") -> -32 | K19: =IFERROR(J19/E19,"-") -> -0.37209302 | L19: =IFERROR(G19-F19,"-") -> -19.12 | M19: =IFERROR(L19/F19,"-") -> -0.26148796
B20: 耗石灰石量 | C20: 吨 | D20: =北方!D24 -> 0 | E20: =北方!E24 -> 830 | F20: =[3]全口径!$G$19 -> 837.04 | G20: =北方!G24 -> 601.88 | H20: =北方!H24 -> 601.88 | I20: =IFERROR(H20/D20,"-") -> - | J20: =IFERROR(G20-E20,"-") -> -228.12 | K20: =IFERROR(J20/E20,"-") -> -0.27484337 | L20: =IFERROR(G20-F20,"-") -> -235.16 | M20: =IFERROR(L20/F20,"-") -> -0.28094237
B21: 耗石灰石粉量 | C21: 吨 | D21: =主城区!D17+金州!D24+北方!D25 -> 0 | E21: =北海!E25+北海水炉!E16+香海!E24+金州!E24+北方!E25 -> 4858 | F21: =[3]全口径!$G$20 -> 3668.42 | G21: =北海!G25+北海水炉!G16+香海!G24+金州!G24+北方!G25 -> 4699.67 | H21: =北海!H25+北海水炉!H16+香海!H24+金州!H24+北方!H25 -> 4699.67 | I21: =IFERROR(H21/D21,"-") -> - | J21: =IFERROR(G21-E21,"-") -> -158.33 | K21: =IFERROR(J21/E21,"-") -> -0.032591601 | L21: =IFERROR(G21-F21,"-") -> 1031.25 | M21: =IFERROR(L21/F21,"-") -> 0.28111558
B22: 耗氨水量 | C22: 吨 | D22: =主城区!D18+金州!D16+北方!D15 -> 0 | E22: =北海!E15+北海水炉!E17+香海!E16+金州!E16+北方!E15 -> 1454 | F22: =[3]全口径!$G$21 -> 1446.976 | G22: =北海!G15+北海水炉!G17+香海!G16+金州!G16+北方!G15 -> 1225.813 | H22: =北海!H15+北海水炉!H17+香海!H16+金州!H16+北方!H15 -> 1225.813 | I22: =IFERROR(H22/D22,"-") -> - | J22: =IFERROR(G22-E22,"-") -> -228.187 | K22: =IFERROR(J22/E22,"-") -> -0.15693741 | L22: =IFERROR(G22-F22,"-") -> -221.163 | M22: =IFERROR(L22/F22,"-") -> -0.15284497
B23: 耗阻垢剂量 | C23: 吨 | D23: =主城区!D19+金州!D17+北方!D16 -> 0 | E23: =主城区!E19+金州!E17+北方!E16 -> 4.2 | F23: =[3]全口径!$G$22 -> 4.369 | G23: =北海!G16+香海!G17+金州!G17+北方!G16+中水!G14 -> 3.175 | H23: =北海!H16+香海!H17+金州!H17+北方!H16+中水!H14 -> 3.175 | I23: =IFERROR(H23/D23,"-") -> - | J23: =IFERROR(G23-E23,"-") -> -1.025 | K23: =IFERROR(J23/E23,"-") -> -0.24404762 | L23: =IFERROR(G23-F23,"-") -> -1.194 | M23: =IFERROR(L23/F23,"-") -> -0.27328908
B24: 耗杀菌剂量 | C24: 吨 | D24: =主城区!D20+金州!D18+北方!D17 -> 0 | E24: =主城区!E20+金州!E18+北方!E17 -> 0 | F24: =[3]全口径!$G$23 -> 0 | G24: =北海!G17+香海!G18+金州!G18+北方!G17+中水!G16 -> 0 | H24: =北海!H17+香海!H18+金州!H18+北方!H17+中水!H16 -> 0 | I24: =IFERROR(H24/D24,"-") -> - | J24: =IFERROR(G24-E24,"-") -> 0 | K24: =IFERROR(J24/E24,"-") -> - | L24: =IFERROR(G24-F24,"-") -> 0 | M24: =IFERROR(L24/F24,"-") -> -
B25: 耗钢球量 | C25: 吨 | D25: =北海!D18 -> 0 | E25: =北海!E18 -> 40 | F25: =[3]全口径!$G$24 -> 25 | G25: =北海!G18 -> 28 | H25: =北海!H18 -> 28 | I25: =IFERROR(H25/D25,"-") -> - | J25: =IFERROR(G25-E25,"-") -> -12 | K25: =IFERROR(J25/E25,"-") -> -0.3 | L25: =IFERROR(G25-F25,"-") -> 3 | M25: =IFERROR(L25/F25,"-") -> 0.12
B26: 耗氧化镁量 | C26: 吨 | D26: =金普!D13+庄河!D12 -> 0 | E26: =金普!E13+庄河!E12 -> 67.86375 | F26: =[3]全口径!$G$25 -> 218.3 | G26: =金普!G13+庄河!G12 -> 51.9 | H26: =金普!H13+庄河!H12 -> 51.9 | I26: =IFERROR(H26/D26,"-") -> - | J26: =IFERROR(G26-E26,"-") -> -15.96375 | K26: =IFERROR(J26/E26,"-") -> -0.23523236 | L26: =IFERROR(G26-F26,"-") -> -166.4 | M26: =IFERROR(L26/F26,"-") -> -0.76225378
B27: 脱硫脱硝耗水量 | C27: 吨 | D27: =主城区!D21+金州!D19+北方!D18 -> 0 | E27: =主城区!E21+金州!E19+北方!E18 -> 67419 | F27: =[3]全口径!$G$26 -> 96729 | G27: =北海!G19+北海水炉!G14+香海!G19+金州!G19+北方!G18 -> 83369 | H27: =北海!H19+北海水炉!H14+香海!H19+金州!H19+北方!H18 -> 83369 | I27: =IFERROR(H27/D27,"-") -> - | J27: =IFERROR(G27-E27,"-") -> 15950 | K27: =IFERROR(J27/E27,"-") -> 0.23658019 | L27: =IFERROR(G27-F27,"-") -> -13360 | M27: =IFERROR(L27/F27,"-") -> -0.13811783
B28: 脱硫脱硝耗电量 | C28: 千瓦时 | D28: =主城区!D22+金州!D20+北方!D19 -> 0 | E28: =主城区!E22+金州!E20+北方!E19 -> 3040000 | F28: =[3]全口径!$G$27 -> 3449610 | G28: =北海!G20+北海水炉!G15+香海!G20+金州!G20+北方!G19 -> 4301759.4 | H28: =北海!H20+北海水炉!H15+香海!H20+金州!H20+北方!H19 -> 4301759.4 | I28: =IFERROR(H28/D28,"-") -> - | J28: =IFERROR(G28-E28,"-") -> 1261759.4 | K28: =IFERROR(J28/E28,"-") -> 0.41505243 | L28: =IFERROR(G28-F28,"-") -> 852149.4 | M28: =IFERROR(L28/F28,"-") -> 0.24702775
B29: 主城区一次网电厂补水量 | C29: 吨 | D29: =主城区!D24 -> 0 | E29: =主城区!E24 -> 82300 | F29: =[3]全口径!$G$28 -> 90983 | G29: =北海!G21+香海!G21 -> 99619 | H29: =北海!H21+香海!H21 -> 99619 | I29: =IFERROR(H29/D29,"-") -> - | J29: =IFERROR(G29-E29,"-") -> 17319 | K29: =IFERROR(J29/E29,"-") -> 0.21043742 | L29: =IFERROR(G29-F29,"-") -> 8636 | M29: =IFERROR(L29/F29,"-") -> 0.094918831
B30: 供暖耗热量 | C30: 吉焦 | D30: =主城区!D25+金州!D5-金州!D7+北方!D5-北方!D6+金普!D7-金普!D8+庄河!D6+研究院!D6 -> 0 | E30: =主城区!E25+金州!E5-金州!E7+北方!E5-北方!E6+金普!E7-金普!E8+庄河!E6+研究院!E6 -> 2563891.8 | F30: =主城区!F25+金州!F5-金州!F7+北方!F5-北方!F6+金普!F7-金普!F8+庄河!F6+研究院!F6 -> 2456071.6 | G30: =主城区!G25+金州!G5-金州!G7+北方!G5-北方!G6+金普!G7-金普!G8+庄河!G6+研究院!G6 -> 2969533.3 | H30: =主城区!H25+金州!H5-金州!H7+北方!H5-北方!H6+金普!H7-金普!H8+庄河!H6+研究院!H6 -> 2969533.3 | I30: =IFERROR(H30/D30,"-") -> - | J30: =IFERROR(G30-E30,"-") -> 405641.5 | K30: =IFERROR(J30/E30,"-") -> 0.15821319 | L30: =IFERROR(G30-F30,"-") -> 513461.65 | M30: =IFERROR(L30/F30,"-") -> 0.20905809
B31: 外购电量 | C31: 万千瓦时 | D31: =北海!D26+北海水炉!D13+香海!D25+供热公司!D13+金州!D25+北方!D26+金普!D12+庄河!D11+研究院!D8+主城区电锅炉!D8 -> 0 | E31: =北海!E26+北海水炉!E13+香海!E25+供热公司!E13+金州!E25+北方!E26+金普!E12+庄河!E11+研究院!E8+主城区电锅炉!E8 -> 1550.5398 | F31: =[3]全口径!$G$29 -> 1650.9018 | G31: =北海!G26+北海水炉!G13+香海!G25+供热公司!G13+金州!G25+北方!G26+金普!G12+庄河!G11+研究院!G8+主城区电锅炉!G8 -> 1504.9236 | H31: =北海!H26+北海水炉!H13+香海!H25+供热公司!H13+金州!H25+北方!H26+金普!H12+庄河!H11+研究院!H8+主城区电锅炉!H8 -> 1504.9236 | I31: =IFERROR(H31/D31,"-") -> - | J31: =IFERROR(G31-E31,"-") -> -45.616165 | K31: =IFERROR(J31/E31,"-") -> -0.029419538 | L31: =IFERROR(G31-F31,"-") -> -145.97815 | M31: =IFERROR(L31/F31,"-") -> -0.088423281
B32: 其中：热网耗电量 | C32: 万千瓦时 | D32: =主城区!D31+金州!D26+北方!D27+金普!D12+庄河!D11+研究院!D8 -> 0 | E32: =主城区!E31+金州!E26+北方!E27+金普!E12+庄河!E11+研究院!E8 -> 1550.5398 | F32: =主城区!F31+金州!F26+北方!F27+金普!F12+庄河!F11+研究院!F8 -> 1650.9018 | G32: =主城区!G31+金州!G26+北方!G27+金普!G12+庄河!G11+研究院!G8 -> 1504.9236 | H32: =主城区!H31+金州!H26+北方!H27+金普!H12+庄河!H11+研究院!H8 -> 1504.9236 | I32: =IFERROR(H32/D32,"-") -> - | J32: =IFERROR(G32-E32,"-") -> -45.616165 | K32: =IFERROR(J32/E32,"-") -> -0.029419538 | L32: =IFERROR(G32-F32,"-") -> -145.97815 | M32: =IFERROR(L32/F32,"-") -> -0.088423281
B33: 综合厂用电量 | C33: 万千瓦时 | D33: =D7-D3 -> 0 | E33: =E7-E3 -> 4822 | F33: =[3]全口径!$G$30 -> 4320.5631 | G33: =北海!G27+香海!G26+金州!G27+北方!G28 -> 5134.7476 | H33: =北海!H27+香海!H26+金州!H27+北方!H28 -> 5134.7476 | I33: =IFERROR(H33/D33,"-") -> - | J33: =IFERROR(G33-E33,"-") -> 312.7476 | K33: =IFERROR(J33/E33,"-") -> 0.064858482 | L33: =IFERROR(G33-F33,"-") -> 814.1845 | M33: =IFERROR(L33/F33,"-") -> 0.18844407
B34: 非生产厂用电量 | C34: 万千瓦时 | D34: =D33-D35-D36 -> 0 | E34: =E33-E35-E36 -> 554.16595 | F34: =F33-F35-F36 -> 539.31038 | G34: =G33-G35-G36 -> 716.71932 | H34: =H33-H35-H36 -> 716.71932 | I34: =IFERROR(H34/D34,"-") -> - | J34: =IFERROR(G34-E34,"-") -> 162.55338 | K34: =IFERROR(J34/E34,"-") -> 0.29332978 | L34: =IFERROR(G34-F34,"-") -> 177.40895 | M34: =IFERROR(L34/F34,"-") -> 0.32895519
B35: 发电厂用电量 | C35: 万千瓦时 | D35: =北海!D29+香海!D28+金州!D28+北方!D29 -> 0 | E35: =北海!E29+香海!E28+金州!E28+北方!E29 -> 803.3236 | F35: =[3]全口径!$G$31 -> 713.11058 | G35: =北海!G29+香海!G28+金州!G28+北方!G29 -> 882.63236 | H35: =北海!H29+香海!H28+金州!H28+北方!H29 -> 882.63236 | I35: =IFERROR(H35/D35,"-") -> - | J35: =IFERROR(G35-E35,"-") -> 79.308755 | K35: =IFERROR(J35/E35,"-") -> 0.098725787 | L35: =IFERROR(G35-F35,"-") -> 169.52178 | M35: =IFERROR(L35/F35,"-") -> 0.23772159
B36: 供热厂用电量 | C36: 万千瓦时 | D36: =北海!D30+香海!D29+金州!D29+北方!D30 -> 0 | E36: =北海!E30+香海!E29+金州!E29+北方!E30 -> 3464.5105 | F36: =[3]全口径!$G$32 -> 3068.1421 | G36: =北海!G30+香海!G29+金州!G29+北方!G30 -> 3535.3959 | H36: =北海!H30+香海!H29+金州!H29+北方!H30 -> 3535.3959 | I36: =IFERROR(H36/D36,"-") -> - | J36: =IFERROR(G36-E36,"-") -> 70.885468 | K36: =IFERROR(J36/E36,"-") -> 0.020460457 | L36: =IFERROR(G36-F36,"-") -> 467.25377 | M36: =IFERROR(L36/F36,"-") -> 0.15229209
B37: 耗标煤总量 | C37: 吨 | D37: =D38+D39 -> 0 | E37: =E38+E39 -> 157994.54 | F37: =[3]全口径!$G$33 -> 157462.54 | G37: =G38+G39 -> 173491.26 | H37: =H38+H39 -> 173491.26 | I37: =IFERROR(H37/D37,"-") -> - | J37: =IFERROR(G37-E37,"-") -> 15496.717 | K37: =IFERROR(J37/E37,"-") -> 0.09808388 | L37: =IFERROR(G37-F37,"-") -> 16028.717 | M37: =IFERROR(L37/F37,"-") -> 0.10179384
B38: 发电标准煤耗量 | C38: 吨 | D38: =主城区!D33+金州!D9+北方!D8 -> 0 | E38: =北海!E8+香海!E9+金州!E9+北方!E8 -> 25605.142 | F38: =[3]全口径!$G$34 -> 23416.13 | G38: =北海!G8+香海!G9+金州!G9+北方!G8 -> 27596.4 | H38: =北海!H8+香海!H9+金州!H9+北方!H8 -> 27596.4 | I38: =IFERROR(H38/D38,"-") -> - | J38: =IFERROR(G38-E38,"-") -> 1991.2581 | K38: =IFERROR(J38/E38,"-") -> 0.0777679 | L38: =IFERROR(G38-F38,"-") -> 4180.2704 | M38: =IFERROR(L38/F38,"-") -> 0.17852098
B39: 供热标准煤耗量 | C39: 吨 | D39: =主城区!D34+金州!D10+北方!D9+金普!D10+庄河!D9 -> 0 | E39: =北海!E9+北海水炉!E7+香海!E10+金州!E10+北方!E9+金普!E10+庄河!E9 -> 132389.4 | F39: =[3]全口径!$G$35 -> 134046.41 | G39: =北海!G9+北海水炉!G7+香海!G10+金州!G10+北方!G9+金普!G10+庄河!G9 -> 145894.86 | H39: =北海!H9+北海水炉!H7+香海!H10+金州!H10+北方!H9+金普!H10+庄河!H9 -> 145894.86 | I39: =IFERROR(H39/D39,"-") -> - | J39: =IFERROR(G39-E39,"-") -> 13505.459 | K39: =IFERROR(J39/E39,"-") -> 0.10201315 | L39: =IFERROR(G39-F39,"-") -> 11848.446 | M39: =IFERROR(L39/F39,"-") -> 0.088390629
B40: 其中：煤折标煤量 | C40: 吨 | D40: =主城区!D35+金州!D12+北方!D11+金普!D10+庄河!D9 -> 0 | E40: =主城区!E35+金州!E12+北方!E11+金普!E10+庄河!E9 -> 157864.86 | F40: =主城区!F35+金州!F12+北方!F11+金普!F10+庄河!F9 -> 157319.38 | G40: =主城区!G35+金州!G12+北方!G11+金普!G10+庄河!G9 -> 173320.45 | H40: =主城区!H35+金州!H12+北方!H11+金普!H10+庄河!H9 -> 173320.45 | I40: =IFERROR(H40/D40,"-") -> - | J40: =IFERROR(G40-E40,"-") -> 15455.593 | K40: =IFERROR(J40/E40,"-") -> 0.097903948 | L40: =IFERROR(G40-F40,"-") -> 16001.071 | M40: =IFERROR(L40/F40,"-") -> 0.10171074
B41: 耗天然气量 | C41: 万立方米 | D41: 0 | E41: 0 | F41: =[3]全口径!$G$37 -> 0 | G41: =天然气炉!D6+天然气炉!E6 -> 0 | H41: =天然气炉!F6+天然气炉!G6 -> 0 | I41: =IFERROR(H41/D41,"-") -> - | J41: =IFERROR(G41-E41,"-") -> 0 | K41: =IFERROR(J41/E41,"-") -> - | L41: =IFERROR(G41-F41,"-") -> 0 | M41: =IFERROR(L41/F41,"-") -> -
B42: 外购热量 | C42: 吉焦 | D42: 0 | E42: =庄河!E7 -> 181300 | F42: =庄河!F7 -> 0 | G42: =庄河!G7 -> 249708 | H42: =庄河!H7 -> 249708 | I42: =IFERROR(H42/D42,"-") -> - | J42: =IFERROR(G42-E42,"-") -> 68408 | K42: =IFERROR(J42/E42,"-") -> 0.37731936 | L42: =IFERROR(G42-F42,"-") -> 249708 | M42: =IFERROR(L42/F42,"-") -> -
A43: 单耗 | B43: 综合厂用电率 | C43: % | D43: =IFERROR((D7-D3)/D7,"-") -> - | E43: =(E7-E3)/E7 -> 0.28445021 | F43: =[3]全口径!$G38 -> 0.28718689 | G43: =G33/G7 -> 0.32825742 | H43: =H33/H7 -> 0.32825742 | I43: - | J43: =IFERROR(G43-E43,"-") -> 0.043807204 | K43: - | L43: =IFERROR(G43-F43,"-") -> 0.041070524 | M43: -
B44: 发电煤耗率 | C44: 克/千瓦时 | D44: =IFERROR(D38*100/D7,"-") -> - | E44: =E38*100/E7 -> 151.04496 | F44: =[3]全口径!$G39 -> 155.64651 | G44: =G38*100/G7 -> 176.42003 | H44: =H38*100/H7 -> 176.42003 | I44: =IFERROR(H44/D44,"-") -> - | J44: =IFERROR(G44-E44,"-") -> 25.375063 | K44: =IFERROR(J44/E44,"-") -> 0.16799675 | L44: =IFERROR(G44-F44,"-") -> 20.773519 | M44: =IFERROR(L44/F44,"-") -> 0.13346602
B45: 供电煤耗率 | C45: 克/千瓦时 | D45: =IFERROR(D38*100/(D7-D35),"-") -> - | E45: =E38*100/(E7-E35) -> 158.55877 | F45: =[3]全口径!$G40 -> 163.3913 | G45: =G38*100/(G7-G35) -> 186.96989 | H45: =H38*100/(H7-H35) -> 186.96989 | I45: =IFERROR(H45/D45,"-") -> - | J45: =IFERROR(G45-E45,"-") -> 28.411126 | K45: =IFERROR(J45/E45,"-") -> 0.17918357 | L45: =IFERROR(G45-F45,"-") -> 23.578588 | M45: =IFERROR(L45/F45,"-") -> 0.14430748
B46: 供热煤耗率 | C46: 千克/吉焦 | D46: =IFERROR(D39*1000/(D8-研究院!D6-主城区电锅炉!D6),"-") -> - | E46: =E39*1000/(E8-研究院!E6-主城区电锅炉!E6) -> 37.853584 | F46: =[3]全口径!$G41 -> 39.954612 | G46: =G39*1000/(G8-研究院!G6-主城区电锅炉!G6-天然气炉!D5-天然气炉!E5) -> 36.819165 | H46: =H39*1000/(H8-研究院!H6-主城区电锅炉!H6-天然气炉!F5-天然气炉!G5) -> 36.819165 | I46: =IFERROR(H46/D46,"-") -> - | J46: =IFERROR(G46-E46,"-") -> -1.0344194 | K46: =IFERROR(J46/E46,"-") -> -0.027326855 | L46: =IFERROR(G46-F46,"-") -> -3.1354477 | M46: =IFERROR(L46/F46,"-") -> -0.078475238
B47: 发电水耗率 | C47: 吨/万千瓦时 | D47: =IFERROR((北海!D37*北海!D3+香海!D36*香海!D3+金州!D36*金州!D3+北方!D37*北方!D3)/全口径!D7,"-") -> - | E47: =(北海!E37*北海!E3+香海!E36*香海!E3+金州!E36*金州!E3+北方!E37*北方!E3)/全口径!E7 -> 2.8686284 | F47: =[3]全口径!$G42 -> 3.6207678 | G47: =(北海!G37*北海!G3+香海!G36*香海!G3+金州!G36*金州!G3+北方!G37*北方!G3)/全口径!G7 -> 2.8283805 | H47: =(北海!H37*北海!H3+香海!H36*香海!H3+金州!H36*金州!H3+北方!H37*北方!H3)/全口径!H7 -> 2.8283805 | I47: =IFERROR(H47/D47,"-") -> - | J47: =IFERROR(G47-E47,"-") -> -0.040247926 | K47: =IFERROR(J47/E47,"-") -> -0.014030373 | L47: =IFERROR(G47-F47,"-") -> -0.79238735 | M47: =IFERROR(L47/F47,"-") -> -0.21884512
B48: 供热水耗率 | C48: 吨/吉焦 | D48: =IFERROR((北海!D38*北海!D6+北海水炉!D9+香海!D37*香海!D6+金州!D37*金州!D5+北方!D38*北方!D5+金普!D11+庄河!D10+研究院!D7+主城区电锅炉!D7)/D8,"-") -> - | E48: =(北海!E38*北海!E6+北海水炉!E9+香海!E37*香海!E6+金州!E37*金州!E5+北方!E38*北方!E5+金普!E11+庄河!E10+研究院!E7+主城区电锅炉!E7)/E8 -> 0.12863065 | F48: =[3]全口径!$G43 -> 0.15763495 | G48: =(北海!G38*北海!G6+北海水炉!G9+香海!G37*香海!G6+金州!G37*金州!G5+北方!G38*北方!G5+金普!G11+庄河!G10+研究院!G7+主城区电锅炉!G7+天然气炉!D8)/(G8-天然气炉!E5) -> 0.11193157 | H48: =(北海!H38*北海!H6+北海水炉!H9+香海!H37*香海!H6+金州!H37*金州!H5+北方!H38*北方!H5+金普!H11+庄河!H10+研究院!H7+主城区电锅炉!H7+天然气炉!F8)/(H8-天然气炉!G5) -> 0.11193157 | I48: =IFERROR(H48/D48,"-") -> - | J48: =IFERROR(G48-E48,"-") -> -0.016699079 | K48: =IFERROR(J48/E48,"-") -> -0.12982193 | L48: =IFERROR(G48-F48,"-") -> -0.045703378 | M48: =IFERROR(L48/F48,"-") -> -0.28993176
B49: 供暖热耗率 | C49: 吉焦/米2 | D49: =IFERROR(D30/D6,"-") -> - | E49: ='[2]1.集团汇总表'!$M$92 -> 0.069895989 | F49: =[3]全口径!$G44 -> 0.066751617 | G49: =(主城区!G41*主城区!G11+金州!G45*金州!G8+北方!G46*北方!G7+金普!G7+庄河!G6)/G6 -> 0.081467722 | H49: =(主城区!H41*主城区!H11+金州!H45*金州!H8+北方!H46*北方!H7+金普!H7+庄河!H6)/H6 -> 0.081467722 | I49: =IFERROR(H49/D49,"-") -> - | J49: =IFERROR(G49-E49,"-") -> 0.011571733 | K49: =IFERROR(J49/E49,"-") -> 0.16555647 | L49: =IFERROR(G49-F49,"-") -> 0.014716105 | M49: =IFERROR(L49/F49,"-") -> 0.22046066
B50: 供暖水耗率 | C50: 千克/米2 | D50: =IFERROR(D15*1000/D6,"-") -> - | E50: =E15*1000/E6 -> 8.8802079 | F50: =F15*1000/F6 -> 11.687632 | G50: =G15*1000/G6 -> 9.263251 | H50: =H15*1000/H6 -> 9.263251 | I50: =IFERROR(H50/D50,"-") -> - | J50: =IFERROR(G50-E50,"-") -> 0.38304305 | K50: =IFERROR(J50/E50,"-") -> 0.043134469 | L50: =IFERROR(G50-F50,"-") -> -2.4243808 | M50: =IFERROR(L50/F50,"-") -> -0.20743131
B51: 供暖电耗率 | C51: 千瓦时/米2 | D51: =IFERROR(D32*10000/D6,"-") -> - | E51: =E32*10000/E6 -> 0.42276856 | F51: =F32*10000/F6 -> 0.46047864 | G51: =G32*10000/G6 -> 0.41367038 | H51: =H32*10000/H6 -> 0.41367038 | I51: =IFERROR(H51/D51,"-") -> - | J51: =IFERROR(G51-E51,"-") -> -0.0090981818 | K51: =IFERROR(J51/E51,"-") -> -0.021520479 | L51: =IFERROR(G51-F51,"-") -> -0.046808255 | M51: =IFERROR(L51/F51,"-") -> -0.10165131
A52: 设备 利用率 | B52: 发电设备利用率 | C52: % | D52: =D7/26.88/8760 -> 0 | E52: =E7/26.88/(DAY(DATE(2026,2,0))*24) -> 0.84765425 | F52: =[3]全口径!$G45 -> 0.75226965 | G52: =G7/26.88/(DAY(DATE(2026,2,0))*24) -> 0.78217216 | H52: =H7/26.88/(DATEDIF(DATE(2026,1,1),DATE(2026,2,1),"D")*24) -> 0.78217216 | I52: - | J52: =IFERROR(G52-E52,"-") -> -0.065482091 | K52: - | L52: =IFERROR(G52-F52,"-") -> 0.029902514 | M52: -
B53: 供热设备利用率 | C53: % | D53: =D8*1000/2651.95/(8760*3600) -> 0 | E53: =E8*1000/2651.95/((DAY(DATE(2026,2,0))*24)*3600) -> 0.49368121 | F53: =[3]全口径!$G46 -> 0.47357433 | G53: =(G8-天然气炉!E5)*1000/2651.95/((DAY(DATE(2026,2,0))*24)*3600) -> 0.55929985 | H53: =(H8-天然气炉!G5)*1000/2651.95/((DATEDIF(DATE(2026,1,1),DATE(2026,2,1),"D")*24)*3600) -> 0.55929985 | I53: - | J53: =IFERROR(G53-E53,"-") -> 0.065618636 | K53: - | L53: =IFERROR(G53-F53,"-") -> 0.085725518 | M53: 0

Sheet 主城区
A1: 指标类别 | B1: 项 目 | C1: 计量单位 | D1: 本年计划 | E1: 本月计划 | F1: 上年同期 | G1: 本月实际 | H1: 本年累计 | I1: 年计划 完成率 | J1: 与月计划比较 | L1: 与上年同期比较
J2: 差异 | K2: ±% | L2: 差异 | M2: ±%
A3: 产销指标 | B3: 发电量 | C3: 万千瓦时 | D3: =北海!D3+香海!D3 -> 0 | E3: =北海!E3+香海!E3 -> 13431 | F3: =[3]主城区!G3 -> 11627.856 | G3: =北海!G3+香海!G3 -> 11842.992 | H3: =北海!H3+香海!H3 -> 11842.992 | I3: =IFERROR(H3/D3,"-") -> - | J3: =IFERROR(G3-E3,"-") -> -1588.008 | K3: =IFERROR(J3/E3,"-") -> -0.11823453 | L3: =IFERROR(G3-F3,"-") -> 215.136 | M3: =IFERROR(L3/F3,"-") -> 0.018501777
B4: 售电量 | C4: 万千瓦时 | D4: =北海!D4+香海!D4 -> 0 | E4: =北海!E4+香海!E4 -> 9618 | F4: =[3]主城区!G4 -> 8297.9709 | G4: =北海!G4+香海!G4 -> 7828.3188 | H4: =北海!H4+香海!H4 -> 7828.3188 | I4: =IFERROR(H4/D4,"-") -> - | J4: =IFERROR(G4-E4,"-") -> -1789.6812 | K4: =IFERROR(J4/E4,"-") -> -0.18607623 | L4: =IFERROR(G4-F4,"-") -> -469.6521 | M4: =IFERROR(L4/F4,"-") -> -0.056598427
B5: 供汽量 | C5: 吨 | D5: =北海!D5+香海!D5 -> 0 | E5: =北海!E5+香海!E5 -> 94011 | F5: =[3]主城区!G5 -> 93850 | G5: =北海!G5+香海!G5+天然气炉!D4+天然气炉!E4 -> 113333 | H5: =北海!H5+香海!H5+天然气炉!F4+天然气炉!G4 -> 113333 | I5: =IFERROR(H5/D5,"-") -> - | J5: =IFERROR(G5-E5,"-") -> 19322 | K5: =IFERROR(J5/E5,"-") -> 0.20552914 | L5: =IFERROR(G5-F5,"-") -> 19483 | M5: =IFERROR(L5/F5,"-") -> 0.20759723
B6: 供热量 | C6: 吉焦 | D6: =集团本部!D6+股份本部!D6 -> 0 | E6: =北海!E6+北海水炉!E4+香海!E6+主城区电锅炉!E6 -> 2384644.7 | F6: =[3]主城区!G6 -> 2232740.5 | G6: =北海!G6+北海水炉!G4+香海!G6+主城区电锅炉!G6+天然气炉!D5+天然气炉!E5 -> 2688518.7 | H6: =北海!H6+北海水炉!H4+香海!H6+主城区电锅炉!H6+天然气炉!F5+天然气炉!G5 -> 2688518.7 | I6: =IFERROR(H6/D6,"-") -> - | J6: =IFERROR(G6-E6,"-") -> 303874.03 | K6: =IFERROR(J6/E6,"-") -> 0.12742948 | L6: =IFERROR(G6-F6,"-") -> 455778.25 | M6: =IFERROR(L6/F6,"-") -> 0.204134
B7: 低真空供热量 | C7: 吉焦 | D7: =香海!D7 -> 0 | E7: =香海!E7 -> 222082 | F7: =[3]主城区!G7 -> 217507 | G7: =香海!G7 -> 264848 | H7: =香海!H7 -> 264848 | I7: =IFERROR(H7/D7,"-") -> - | J7: =IFERROR(G7-E7,"-") -> 42766 | K7: =IFERROR(J7/E7,"-") -> 0.19256851 | L7: =IFERROR(G7-F7,"-") -> 47341 | M7: =IFERROR(L7/F7,"-") -> 0.21765277
B8: 高温水网供热量 | C8: 吉焦 | D8: =北海!D7+北海水炉!D4+香海!D8 -> 0 | E8: =北海!E7+北海水炉!E4+香海!E8 -> 1884674 | F8: =[3]主城区!G8 -> 1737820 | G8: =北海!G7+北海水炉!G4+香海!G8 -> 2088705.4 | H8: =北海!H7+北海水炉!H4+香海!H8 -> 2088705.4 | I8: =IFERROR(H8/D8,"-") -> - | J8: =IFERROR(G8-E8,"-") -> 204031.4 | K8: =IFERROR(J8/E8,"-") -> 0.10825819 | L8: =IFERROR(G8-F8,"-") -> 350885.4 | M8: =IFERROR(L8/F8,"-") -> 0.20191125
B9: 售汽量 | C9: 吨 | D9: =集团本部!D9 -> 0 | E9: =集团本部!E9 -> 51000 | F9: =[3]主城区!G9 -> 48270 | G9: =[5]售热量!$D$18 -> 55460 | H9: =[5]售热量!$D$18 -> 55460 | I9: =IFERROR(H9/D9,"-") -> - | J9: =IFERROR(G9-E9,"-") -> 4460 | K9: =IFERROR(J9/E9,"-") -> 0.08745098 | L9: =IFERROR(G9-F9,"-") -> 7190 | M9: =IFERROR(L9/F9,"-") -> 0.1489538
B10: 高温水销售量 | C10: 吉焦 | D10: =集团本部!D10+股份本部!D10 -> 0 | E10: =集团本部!E10+股份本部!E10 -> 430000 | F10: =[3]主城区!G10 -> 414571 | G10: =[5]售热量!$D$19 -> 463052 | H10: =[5]售热量!$D$19 -> 463052 | I10: =IFERROR(H10/D10,"-") -> - | J10: =IFERROR(G10-E10,"-") -> 33052 | K10: =IFERROR(J10/E10,"-") -> 0.076865116 | L10: =IFERROR(G10-F10,"-") -> 48481 | M10: =IFERROR(L10/F10,"-") -> 0.11694257
B11: 期末供暖收费面积 | C11: 平方米 | D11: =集团本部!D11+股份本部!D11 -> 0 | E11: =供热公司!E3+主城区电锅炉!E4 -> 22907592 | F11: =[3]主城区!G11 -> 22164541 | G11: =H11 -> 22948925 | H11: =供热公司!H3+主城区电锅炉!H4 -> 22948925 | I11: =IFERROR(H11/D11,"-") -> - | J11: =IFERROR(G11-E11,"-") -> 41332.99 | K11: =IFERROR(J11/E11,"-") -> 0.0018043359 | L11: =IFERROR(G11-F11,"-") -> 784383.59 | M11: =IFERROR(L11/F11,"-") -> 0.035389119
A12: 消耗指标 | B12: 生产耗原煤量 | C12: 吨 | D12: =北海!D12+北海水炉!D5+香海!D13 -> 0 | E12: =北海!E12+北海水炉!E5+香海!E13 -> 165107.22 | F12: =[3]主城区!G12 -> 154156 | G12: =北海!G12+北海水炉!G5+香海!G13 -> 184355 | H12: =北海!H12+北海水炉!H5+香海!H13 -> 184355 | I12: =IFERROR(H12/D12,"-") -> - | J12: =IFERROR(G12-E12,"-") -> 19247.778 | K12: =IFERROR(J12/E12,"-") -> 0.11657744 | L12: =IFERROR(G12-F12,"-") -> 30199 | M12: =IFERROR(L12/F12,"-") -> 0.19589896
B13: 锅炉耗柴油量 | C13: 吨 | D13: =北海!D24+北海水炉!D6+香海!D23 -> 0 | E13: =北海!E24+北海水炉!E6+香海!E23 -> 67 | F13: =[3]主城区!G13 -> 73.5 | G13: =北海!G24+北海水炉!G6+香海!G23 -> 103.3 | H13: =北海!H24+北海水炉!H6+香海!H23 -> 103.3 | I13: =IFERROR(H13/D13,"-") -> - | J13: =IFERROR(G13-E13,"-") -> 36.3 | K13: =IFERROR(J13/E13,"-") -> 0.54179104 | L13: =IFERROR(G13-F13,"-") -> 29.8 | M13: =IFERROR(L13/F13,"-") -> 0.40544218
B14: 耗水量 | C14: 吨 | D14: =北海!D22+北海水炉!D9+香海!D22+供热公司!D12+主城区电锅炉!D7 -> 0 | E14: =北海!E22+北海水炉!E9+香海!E22+供热公司!E12+主城区电锅炉!E7 -> 493632.81 | F14: =[3]主城区!G14 -> 548648 | G14: =北海!G22+北海水炉!G9+香海!G22+主城区电锅炉!G7+天然气炉!D8+供热公司!G12 -> 488400 | H14: =北海!H22+北海水炉!H9+香海!H22+主城区电锅炉!H7+天然气炉!F8+供热公司!H12 -> 488400 | I14: =IFERROR(H14/D14,"-") -> - | J14: =IFERROR(G14-E14,"-") -> -5232.8095 | K14: =IFERROR(J14/E14,"-") -> -0.010600611 | L14: =IFERROR(G14-F14,"-") -> -60248 | M14: =IFERROR(L14/F14,"-") -> -0.10981176
B15: 耗酸量 | C15: 吨 | D15: =北海!D14+香海!D15 -> 0 | E15: =北海!E14+香海!E15 -> 67 | F15: =[3]主城区!G15 -> 60 | G15: =北海!G14+香海!G15 -> 46.4 | H15: =北海!H14+香海!H15 -> 46.4 | I15: =IFERROR(H15/D15,"-") -> - | J15: =IFERROR(G15-E15,"-") -> -20.6 | K15: =IFERROR(J15/E15,"-") -> -0.30746269 | L15: =IFERROR(G15-F15,"-") -> -13.6 | M15: =IFERROR(L15/F15,"-") -> -0.22666667
B16: 耗碱量 | C16: 吨 | D16: =北海!D13+香海!D14 -> 0 | E16: =北海!E13+香海!E14 -> 55 | F16: =[3]主城区!G16 -> 55 | G16: =北海!G13+香海!G14 -> 41.7 | H16: =北海!H13+香海!H14 -> 41.7 | I16: =IFERROR(H16/D16,"-") -> - | J16: =IFERROR(G16-E16,"-") -> -13.3 | K16: =IFERROR(J16/E16,"-") -> -0.24181818 | L16: =IFERROR(G16-F16,"-") -> -13.3 | M16: =IFERROR(L16/F16,"-") -> -0.24181818
B17: 耗石灰石粉量 | C17: 吨 | D17: =北海!D25+北海水炉!D16+香海!D24 -> 0 | E17: =北海!E25+北海水炉!E16+香海!E24 -> 4014 | F17: =[3]主城区!G17 -> 2731 | G17: =北海!G25+北海水炉!G16+香海!G24 -> 3633.29 | H17: =北海!H25+北海水炉!H16+香海!H24 -> 3633.29 | I17: =IFERROR(H17/D17,"-") -> - | J17: =IFERROR(G17-E17,"-") -> -380.71 | K17: =IFERROR(J17/E17,"-") -> -0.094845541 | L17: =IFERROR(G17-F17,"-") -> 902.29 | M17: =IFERROR(L17/F17,"-") -> 0.33038814
B18: 耗氨水量 | C18: 吨 | D18: =北海!D15+北海水炉!D17+香海!D16 -> 0 | E18: =北海!E15+北海水炉!E17+香海!E16 -> 725 | F18: =[3]主城区!G18 -> 633.63 | G18: =北海!G15+北海水炉!G17+香海!G16 -> 832.54 | H18: =北海!H15+北海水炉!H17+香海!H16 -> 832.54 | I18: =IFERROR(H18/D18,"-") -> - | J18: =IFERROR(G18-E18,"-") -> 107.54 | K18: =IFERROR(J18/E18,"-") -> 0.14833103 | L18: =IFERROR(G18-F18,"-") -> 198.91 | M18: =IFERROR(L18/F18,"-") -> 0.31392137
B19: 耗阻垢剂量 | C19: 吨 | D19: =集团本部!D19+股份本部!D19 -> 0 | E19: =集团本部!E19+股份本部!E19 -> 2.1 | F19: =[3]主城区!G19 -> 2.25 | G19: =北海!G16+香海!G17+中水!G14 -> 2.125 | H19: =北海!H16+香海!H17+中水!H14 -> 2.125 | I19: =IFERROR(H19/D19,"-") -> - | J19: =IFERROR(G19-E19,"-") -> 0.025 | K19: =IFERROR(J19/E19,"-") -> 0.011904762 | L19: =IFERROR(G19-F19,"-") -> -0.125 | M19: =IFERROR(L19/F19,"-") -> -0.055555556
B20: 耗杀菌剂量 | C20: 吨 | D20: =集团本部!D20+股份本部!D20 -> 0 | E20: =集团本部!E20+股份本部!E20 -> 0 | F20: =[3]主城区!G20 -> 0 | G20: =北海!G17+香海!G18+中水!G16 -> 0 | H20: =北海!H17+香海!H18+中水!H16 -> 0 | I20: =IFERROR(H20/D20,"-") -> - | J20: =IFERROR(G20-E20,"-") -> 0 | K20: =IFERROR(J20/E20,"-") -> - | L20: =IFERROR(G20-F20,"-") -> 0 | M20: =IFERROR(L20/F20,"-") -> -
B21: 脱硫脱硝耗水量 | C21: 吨 | D21: =北海!D19+香海!D19 -> 0 | E21: =北海!E19+香海!E19 -> 42019 | F21: =[3]主城区!G21 -> 69222 | G21: =北海!G19+北海水炉!G14+香海!G19 -> 52151 | H21: =北海!H19+北海水炉!H14+香海!H19 -> 52151 | I21: =IFERROR(H21/D21,"-") -> - | J21: =IFERROR(G21-E21,"-") -> 10132 | K21: =IFERROR(J21/E21,"-") -> 0.24112901 | L21: =IFERROR(G21-F21,"-") -> -17071 | M21: =IFERROR(L21/F21,"-") -> -0.24661235
B22: 脱硫脱硝耗电量 | C22: 千瓦时 | D22: =北海!D20+香海!D20 -> 0 | E22: =北海!E20+香海!E20 -> 1950000 | F22: =[3]主城区!G22 -> 2316899 | G22: =北海!G20+北海水炉!G15+香海!G20 -> 2927190.4 | H22: =北海!H20+北海水炉!H15+香海!H20 -> 2927190.4 | I22: =IFERROR(H22/D22,"-") -> - | J22: =IFERROR(G22-E22,"-") -> 977190.4 | K22: =IFERROR(J22/E22,"-") -> 0.50112328 | L22: =IFERROR(G22-F22,"-") -> 610291.4 | M22: =IFERROR(L22/F22,"-") -> 0.26340872
B23: 热网耗水量 | C23: 吨 | D23: =供热公司!D12+主城区电锅炉!D7 -> 0 | E23: =供热公司!E12+主城区电锅炉!E7 -> 192338.81 | F23: =供热公司!F12+主城区电锅炉!F7 -> 229365 | G23: =供热公司!G12+主城区电锅炉!G7 -> 201193 | H23: =供热公司!H12+主城区电锅炉!H7 -> 201193 | I23: =IFERROR(H23/D23,"-") -> - | J23: =IFERROR(G23-E23,"-") -> 8854.1905 | K23: =IFERROR(J23/E23,"-") -> 0.046034342 | L23: =IFERROR(G23-F23,"-") -> -28172 | M23: =IFERROR(L23/F23,"-") -> -0.12282606
B24: 其中：一次网电厂补水量 | C24: 吨 | D24: =北海!D21+香海!D21 -> 0 | E24: =北海!E21+香海!E21 -> 82300 | F24: =[3]主城区!G23 -> 90983 | G24: =北海!G21+香海!G21 -> 99619 | H24: =北海!H21+香海!H21 -> 99619 | I24: =IFERROR(H24/D24,"-") -> - | J24: =IFERROR(G24-E24,"-") -> 17319 | K24: =IFERROR(J24/E24,"-") -> 0.21043742 | L24: =IFERROR(G24-F24,"-") -> 8636 | M24: =IFERROR(L24/F24,"-") -> 0.094918831
B25: 供暖耗热量 | C25: 吉焦 | D25: =供热公司!D7+主城区电锅炉!D6 -> 0 | E25: =供热公司!E7+主城区电锅炉!E6 -> 1460397 | F25: =供热公司!F7+主城区电锅炉!F6 -> 1342327.8 | G25: =供热公司!G7+主城区电锅炉!G6 -> 1715801.3 | H25: =供热公司!H7+主城区电锅炉!H6 -> 1715801.3 | I25: =IFERROR(H25/D25,"-") -> - | J25: =IFERROR(G25-E25,"-") -> 255404.29 | K25: =IFERROR(J25/E25,"-") -> 0.17488689 | L25: =IFERROR(G25-F25,"-") -> 373473.52 | M25: =IFERROR(L25/F25,"-") -> 0.27822826
B26: 综合厂用电量 | C26: 万千瓦时 | D26: =D3-D4 -> 0 | E26: =E3-E4 -> 3813 | F26: =[3]主城区!G24 -> 3329.8851 | G26: =北海!G27+香海!G26 -> 4014.6732 | H26: =北海!H27+香海!H26 -> 4014.6732 | I26: =IFERROR(H26/D26,"-") -> - | J26: =IFERROR(G26-E26,"-") -> 201.6732 | K26: =IFERROR(J26/E26,"-") -> 0.052890952 | L26: =IFERROR(G26-F26,"-") -> 684.7881 | M26: =IFERROR(L26/F26,"-") -> 0.20564917
B27: 非生产厂用电量 | C27: 万千瓦时 | D27: =D26-D28-D29 -> 0 | E27: =E26-E28-E29 -> 534.16595 | F27: =F26-F28-F29 -> 539.31038 | G27: =G26-G28-G29 -> 716.71932 | H27: =北海!H28+香海!H27 -> 716.71932 | I27: =IFERROR(H27/D27,"-") -> - | J27: =IFERROR(G27-E27,"-") -> 182.55338 | K27: =IFERROR(J27/E27,"-") -> 0.34175405 | L27: =IFERROR(G27-F27,"-") -> 177.40895 | M27: =IFERROR(L27/F27,"-") -> 0.32895519
B28: 发电厂用电量 | C28: 万千瓦时 | D28: =北海!D29+香海!D28 -> 0 | E28: =北海!E29+香海!E28 -> 606.9236 | F28: =[3]主城区!G25 -> 516.74749 | G28: =北海!G29+香海!G28 -> 641.80804 | H28: =北海!H29+香海!H28 -> 641.80804 | I28: =IFERROR(H28/D28,"-") -> - | J28: =IFERROR(G28-E28,"-") -> 34.884436 | K28: =IFERROR(J28/E28,"-") -> 0.057477474 | L28: =IFERROR(G28-F28,"-") -> 125.06055 | M28: =IFERROR(L28/F28,"-") -> 0.24201482
B29: 供热厂用电量 | C29: 万千瓦时 | D29: =北海!D30+香海!D29 -> 0 | E29: =北海!E30+香海!E29 -> 2671.9105 | F29: =[3]主城区!G26 -> 2273.8272 | G29: =北海!G30+香海!G29 -> 2656.1458 | H29: =北海!H30+香海!H29 -> 2656.1458 | I29: =IFERROR(H29/D29,"-") -> - | J29: =IFERROR(G29-E29,"-") -> -15.764613 | K29: =IFERROR(J29/E29,"-") -> -0.0059001277 | L29: =IFERROR(G29-F29,"-") -> 382.3186 | M29: =IFERROR(L29/F29,"-") -> 0.16813881
B30: 外购电量 | C30: 万千瓦时 | D30: =集团本部!D28+股份本部!D21 -> 0 | E30: =集团本部!E28+股份本部!E21 -> 761.832 | F30: =集团本部!F28+股份本部!F21 -> 716.82671 | G30: =集团本部!G28+股份本部!G21 -> 691.11908 | H30: =集团本部!H28+股份本部!H21 -> 691.11908 | I30: =IFERROR(H30/D30,"-") -> - | J30: =IFERROR(G30-E30,"-") -> -70.712921 | K30: =IFERROR(J30/E30,"-") -> -0.092819572 | L30: =IFERROR(G30-F30,"-") -> -25.707631 | M30: =IFERROR(L30/F30,"-") -> -0.035863105
B31: 其中：热网耗电量 | C31: 万千瓦时 | D31: =供热公司!D13+主城区电锅炉!D8 -> 0 | E31: =供热公司!E13+主城区电锅炉!E8 -> 761.832 | F31: =供热公司!F13+主城区电锅炉!F8 -> 716.82671 | G31: =供热公司!G13+主城区电锅炉!G8 -> 691.11908 | H31: =供热公司!H13+主城区电锅炉!H8 -> 691.11908 | I31: =IFERROR(H31/D31,"-") -> - | J31: =IFERROR(G31-E31,"-") -> -70.712921 | K31: =IFERROR(J31/E31,"-") -> -0.092819572 | L31: =IFERROR(G31-F31,"-") -> -25.707631 | M31: =IFERROR(L31/F31,"-") -> -0.035863105
B32: 耗标煤总量 | C32: 吨 | D32: =D33+D34 -> 0 | E32: =E33+E34 -> 112166 | F32: =[3]主城区!G28 -> 103579.84 | G32: =G33+G34 -> 122460.93 | H32: =H33+H34 -> 122460.93 | I32: =IFERROR(H32/D32,"-") -> - | J32: =IFERROR(G32-E32,"-") -> 10294.931 | K32: =IFERROR(J32/E32,"-") -> 0.091782994 | L32: =IFERROR(G32-F32,"-") -> 18881.094 | M32: =IFERROR(L32/F32,"-") -> 0.18228542
B33: 发电标准煤耗量 | C33: 吨 | D33: =北海!D8+香海!D9 -> 0 | E33: =北海!E8+香海!E9 -> 18296 | F33: =[3]主城区!G29 -> 16136.6 | G33: =北海!G8+香海!G9 -> 18389.581 | H33: =北海!H8+香海!H9 -> 18389.581 | I33: =IFERROR(H33/D33,"-") -> - | J33: =IFERROR(G33-E33,"-") -> 93.581157 | K33: =IFERROR(J33/E33,"-") -> 0.0051148424 | L33: =IFERROR(G33-F33,"-") -> 2252.9812 | M33: =IFERROR(L33/F33,"-") -> 0.13961932
B34: 供热标准煤耗量 | C34: 吨 | D34: =北海!D9+北海水炉!D7+香海!D10 -> 0 | E34: =北海!E9+北海水炉!E7+香海!E10 -> 93870 | F34: =[3]主城区!G30 -> 87443.237 | G34: =北海!G9+北海水炉!G7+香海!G10 -> 104071.35 | H34: =北海!H9+北海水炉!H7+香海!H10 -> 104071.35 | I34: =IFERROR(H34/D34,"-") -> - | J34: =IFERROR(G34-E34,"-") -> 10201.35 | K34: =IFERROR(J34/E34,"-") -> 0.1086753 | L34: =IFERROR(G34-F34,"-") -> 16628.113 | M34: =IFERROR(L34/F34,"-") -> 0.19015894
B35: 其中：煤折标煤量 | C35: 吨 | D35: =集团本部!D32+股份本部!D25 -> 0 | E35: =集团本部!E32+股份本部!E25 -> 112068.37 | F35: =[3]主城区!G31 -> 103472.81 | G35: =集团本部!G32+股份本部!G25 -> 122310.41 | H35: =集团本部!H32+股份本部!H25 -> 122310.41 | I35: =IFERROR(H35/D35,"-") -> - | J35: =IFERROR(G35-E35,"-") -> 10242.036 | K35: =IFERROR(J35/E35,"-") -> 0.09139096 | L35: =IFERROR(G35-F35,"-") -> 18837.598 | M35: =IFERROR(L35/F35,"-") -> 0.1820536
A36: 单耗与效率 | B36: 综合厂用电率 | C36: % | D36: =(D3-D4)/D3 -> #DIV/0! | E36: =(E3-E4)/E3 -> 0.28389547 | F36: =[3]主城区!G32 -> 0.28637137 | G36: =G26/G3 -> 0.33899146 | H36: =H26/H3 -> 0.33899146 | I36: - | J36: =IFERROR(G36-E36,"-") -> 0.055095999 | K36: - | L36: =IFERROR(G36-F36,"-") -> 0.05262009 | M36: -
B37: 发电煤耗率 | C37: 克/千瓦时 | D37: =D33*100/D3 -> #DIV/0! | E37: =E33*100/E3 -> 136.22217 | F37: =[3]主城区!G33 -> 138.77537 | G37: =G33*100/G3 -> 155.27817 | H37: =H33*100/H3 -> 155.27817 | I37: =IFERROR(H37/D37,"-") -> - | J37: =IFERROR(G37-E37,"-") -> 19.055997 | K37: =IFERROR(J37/E37,"-") -> 0.1398891 | L37: =IFERROR(G37-F37,"-") -> 16.502801 | M37: =IFERROR(L37/F37,"-") -> 0.11891736
B38: 供电煤耗率 | C38: 克/千瓦时 | D38: =D33*100/(D3-D28) -> #DIV/0! | E38: =E33*100/(E3-E28) -> 142.66914 | F38: =[3]主城区!G34 -> 145.22943 | G38: =G33*100/(G3-G28) -> 164.17533 | H38: =H33*100/(H3-H28) -> 164.17533 | I38: =IFERROR(H38/D38,"-") -> - | J38: =IFERROR(G38-E38,"-") -> 21.50619 | K38: =IFERROR(J38/E38,"-") -> 0.1507417 | L38: =IFERROR(G38-F38,"-") -> 18.9459 | M38: =IFERROR(L38/F38,"-") -> 0.13045496
B39: 供热煤耗率 | C39: 千克/吉焦 | D39: =D34*1000/(D6-主城区电锅炉!D6) -> #DIV/0! | E39: =E34*1000/E6 -> 39.364355 | F39: =[3]主城区!G35 -> 39.171049 | G39: =G34*1000/(G6-主城区电锅炉!G6-天然气炉!D5-天然气炉!E5) -> 38.715901 | H39: =H34*1000/(H6-主城区电锅炉!H6-天然气炉!F5-天然气炉!G5) -> 38.715901 | I39: =IFERROR(H39/D39,"-") -> - | J39: =IFERROR(G39-E39,"-") -> -0.64845419 | K39: =IFERROR(J39/E39,"-") -> -0.016473132 | L39: =IFERROR(G39-F39,"-") -> -0.45514896 | M39: =IFERROR(L39/F39,"-") -> -0.011619524
B40: 入炉煤低位发热量 | C40: 千焦/千克 | D40: =D32*29308/D12 -> #DIV/0! | E40: =E32*29308/E12 -> 19910.462 | F40: =[3]主城区!G36 -> 19676.896 | G40: =('[6]26.1'!$G$40+'[6]26.1'!$G$43+北海水炉!G7)*29308/G12 -> 19446.491 | H40: =('[6]26.1'!$M$40+'[6]26.1'!$M$43+北海水炉!H7)*29308/H12 -> 19446.491 | I40: =IFERROR(H40/D40,"-") -> - | J40: =IFERROR(G40-E40,"-") -> -463.97129 | K40: =IFERROR(J40/E40,"-") -> -0.023302889 | L40: =IFERROR(G40-F40,"-") -> -230.4047 | M40: =IFERROR(L40/F40,"-") -> -0.011709403
B41: 供暖热耗率 | C41: 吉焦/米2 | D41: =D25/D11 -> #DIV/0! | E41: ='[2]2.主城区汇总表'!$M$92 -> 0.063734329 | F41: =[3]主城区!G37 -> 0.060561946 | G41: =G25/G11 -> 0.074766085 | H41: =H25/H11 -> 0.074766085 | I41: =IFERROR(H41/D41,"-") -> - | J41: =IFERROR(G41-E41,"-") -> 0.011031757 | K41: =IFERROR(J41/E41,"-") -> 0.17308972 | L41: =IFERROR(G41-F41,"-") -> 0.014204139 | M41: =IFERROR(L41/F41,"-") -> 0.23453902
B42: 供暖水耗率 | C42: 千克/米2 | D42: =D23*1000/D11 -> #DIV/0! | E42: =E23*1000/E11 -> 8.396291 | F42: =F23*1000/F11 -> 10.348285 | G42: =G23*1000/G11 -> 8.7669902 | H42: =H23*1000/H11 -> 8.7669902 | I42: =IFERROR(H42/D42,"-") -> - | J42: =IFERROR(G42-E42,"-") -> 0.37069913 | K42: =IFERROR(J42/E42,"-") -> 0.044150344 | L42: =IFERROR(G42-F42,"-") -> -1.5812952 | M42: =IFERROR(L42/F42,"-") -> -0.15280746
B43: 供暖电耗率 | C43: 千瓦时/米2 | D43: =D31*10000/D11 -> #DIV/0! | E43: =E31*10000/E11 -> 0.33256747 | F43: =F31*10000/F11 -> 0.32341148 | G43: =G31*10000/G11 -> 0.30115532 | H43: =H31*10000/H11 -> 0.30115532 | I43: =IFERROR(H43/D43,"-") -> - | J43: =IFERROR(G43-E43,"-") -> -0.031412156 | K43: =IFERROR(J43/E43,"-") -> -0.094453483 | L43: =IFERROR(G43-F43,"-") -> -0.022256161 | M43: =IFERROR(L43/F43,"-") -> -0.068816856
A44: 设备利用率 | B44: 发电设备利用率 | C44: % | D44: =D3/(10+10)/8760 -> 0 | E44: =E3/(10+10)/(DAY(DATE(2026,2,0))*24) -> 0.90262097 | F44: =[3]主城区!G38 -> 0.78144194 | G44: =G3/(10+10)/(DAY(DATE(2026,2,0))*24) -> 0.7959 | H44: =H3/(10+10)/(DATEDIF(DATE(2026,1,1),DATE(2026,2,1),"D")*24) -> 0.7959 | I44: - | J44: =IFERROR(G44-E44,"-") -> -0.10672097 | K44: - | L44: =IFERROR(G44-F44,"-") -> 0.014458065 | M44: -
B45: 供热设备利用率 | C45: % | D45: =D6*1000/1670.55/(8760*3600) -> 0 | E45: =E6*1000/1670.55/((DAY(DATE(2026,2,0))*24)*3600) -> 0.53295282 | F45: =[3]主城区!G39 -> 0.4990032 | G45: =(G6-天然气炉!E5)*1000/1670.55/((DAY(DATE(2026,2,0))*24)*3600) -> 0.60086672 | H45: =(H6-天然气炉!G5)*1000/1670.55/((DATEDIF(DATE(2026,1,1),DATE(2026,2,1),"D")*24)*3600) -> 0.60086672 | I45: - | J45: =IFERROR(G45-E45,"-") -> 0.0679139 | K45: - | L45: =IFERROR(G45-F45,"-") -> 0.10186352 | M45: -

Sheet 集团本部
A1: 指标类别 | B1: 项 目 | C1: 计量单位 | D1: 本年计划 | E1: 本月计划 | F1: 上年同期 | G1: 本月实际 | H1: 本年累计 | I1: 年计划 完成率 | J1: 与月计划比较 | L1: 与上年同期比较
J2: 差异 | K2: ±% | L2: 差异 | M2: ±%
A3: 产销指标 | B3: 发电量 | C3: 万千瓦时 | D3: =香海!D3 -> 0 | E3: =香海!E3 -> 5849 | F3: =[3]集团本部!G3 -> 5823.936 | G3: =香海!G3 -> 5767.632 | H3: =香海!H3 -> 5767.632 | I3: =IFERROR(H3/D3,"-") -> - | J3: =IFERROR(G3-E3,"-") -> -81.368 | K3: =IFERROR(J3/E3,"-") -> -0.013911438 | L3: =IFERROR(G3-F3,"-") -> -56.304 | M3: =IFERROR(L3/F3,"-") -> -0.0096676887
B4: 售电量 | C4: 万千瓦时 | D4: =香海!D4 -> 0 | E4: =香海!E4 -> 4387 | F4: =[3]集团本部!G4 -> 4365.4248 | G4: =香海!G4 -> 4113.7272 | H4: =香海!H4 -> 4113.7272 | I4: =IFERROR(H4/D4,"-") -> - | J4: =IFERROR(G4-E4,"-") -> -273.2728 | K4: =IFERROR(J4/E4,"-") -> -0.062291498 | L4: =IFERROR(G4-F4,"-") -> -251.6976 | M4: =IFERROR(L4/F4,"-") -> -0.057657069
B5: 供热量 | C5: 吉焦 | D5: =SUM(D6:D8) -> 0 | E5: =SUM(E6:E8) -> 967175.89 | F5: =[3]集团本部!G5 -> 996043.06 | G5: =SUM(G6:G8) -> 1168934.9 | H5: =SUM(H6:H8) -> 1168934.9 | I5: =IFERROR(H5/D5,"-") -> - | J5: =IFERROR(G5-E5,"-") -> 201759.05 | K5: =IFERROR(J5/E5,"-") -> 0.20860637 | L5: =IFERROR(G5-F5,"-") -> 172891.89 | M5: =IFERROR(L5/F5,"-") -> 0.17357873
B6: 其中：香海热电厂生产 | C6: 吉焦 | D6: =香海!D6 -> 0 | E6: =香海!E6 -> 835500.11 | F6: =[3]集团本部!G6 -> 840392.89 | G6: =香海!G6 -> 967138.54 | H6: =香海!H6 -> 967138.54 | I6: =IFERROR(H6/D6,"-") -> - | J6: =IFERROR(G6-E6,"-") -> 131638.43 | K6: =IFERROR(J6/E6,"-") -> 0.15755645 | L6: =IFERROR(G6-F6,"-") -> 126745.66 | M6: =IFERROR(L6/F6,"-") -> 0.15081714
B7: 自股份公司购入量(蒸汽) | C7: 吉焦 | E7: =股份本部!E8*2.952 -> -18252.216 | F7: =[3]集团本部!G7 -> 4971.168 | G7: =股份本部!G8*2.952 -> 3542.4 | H7: =股份本部!H8*2.952 -> 3542.4 | I7: =IFERROR(H7/D7,"-") -> - | J7: =IFERROR(G7-E7,"-") -> 21794.616 | K7: =IFERROR(J7/E7,"-") -> -1.1940805 | L7: =IFERROR(G7-F7,"-") -> -1428.768 | M7: =IFERROR(L7/F7,"-") -> -0.28741093
B8: 自股份公司购入量(高温水) | C8: 吉焦 | E8: =股份本部!E9 -> 149928 | F8: =[3]集团本部!G8 -> 150679 | G8: =股份本部!G9 -> 198254 | H8: =股份本部!H9 -> 198254 | I8: =IFERROR(H8/D8,"-") -> - | J8: =IFERROR(G8-E8,"-") -> 48326 | K8: =IFERROR(J8/E8,"-") -> 0.32232805 | L8: =IFERROR(G8-F8,"-") -> 47575 | M8: =IFERROR(L8/F8,"-") -> 0.31573743
B9: 售汽量 | C9: 吨 | E9: ='[2]2.主城区汇总表'!$M$15 -> 51000 | F9: =[3]集团本部!G9 -> 48270 | G9: =[5]售热量!$D$11 -> 55460 | H9: =[5]售热量!$D$11 -> 55460 | I9: =IFERROR(H9/D9,"-") -> - | J9: =IFERROR(G9-E9,"-") -> 4460 | K9: =IFERROR(J9/E9,"-") -> 0.08745098 | L9: =IFERROR(G9-F9,"-") -> 7190 | M9: =IFERROR(L9/F9,"-") -> 0.1489538
B10: 高温水销售量 | C10: 吉焦 | E10: ='[2]2.主城区汇总表'!$M$25-股份本部!E10 -> 329500 | F10: =[3]集团本部!G10 -> 317566 | G10: =[5]售热量!$D$13 -> 358546 | H10: =[5]售热量!$D$13 -> 358546 | I10: =IFERROR(H10/D10,"-") -> - | J10: =IFERROR(G10-E10,"-") -> 29046 | K10: =IFERROR(J10/E10,"-") -> 0.088151745 | L10: =IFERROR(G10-F10,"-") -> 40980 | M10: =IFERROR(L10/F10,"-") -> 0.12904404
B11: 期末供暖收费面积 | C11: 平方米 | D11: =供热公司!D3-股份本部!D11+主城区电锅炉!D4 -> 0 | E11: =供热公司!E3-股份本部!E11+主城区电锅炉!E4 -> 5964581.6 | F11: =[3]集团本部!G11 -> 6061989.4 | G11: =H11 -> 6633927.5 | H11: =供热公司!H3+主城区电锅炉!H4-股份本部!H11 -> 6633927.5 | I11: =IFERROR(H11/D11,"-") -> - | J11: =IFERROR(G11-E11,"-") -> 669345.93 | K11: =IFERROR(J11/E11,"-") -> 0.1122201 | L11: =IFERROR(G11-F11,"-") -> 571938.05 | M11: =IFERROR(L11/F11,"-") -> 0.094348243
A12: 消耗指标 | B12: 生产耗原煤量 | C12: 吨 | D12: =香海!D13 -> 0 | E12: =香海!E13 -> 59828 | F12: =[3]集团本部!G12 -> 61990 | G12: =香海!G13 -> 73239 | H12: =香海!H13 -> 73239 | I12: =IFERROR(H12/D12,"-") -> - | J12: =IFERROR(G12-E12,"-") -> 13411 | K12: =IFERROR(J12/E12,"-") -> 0.22415926 | L12: =IFERROR(G12-F12,"-") -> 11249 | M12: =IFERROR(L12/F12,"-") -> 0.18146475
B13: 锅炉耗柴油量 | C13: 吨 | D13: =香海!D23 -> 0 | E13: =香海!E23 -> 8 | F13: =[3]集团本部!G13 -> 15 | G13: =香海!G23 -> 25 | H13: =香海!H23 -> 25 | I13: =IFERROR(H13/D13,"-") -> - | J13: =IFERROR(G13-E13,"-") -> 17 | K13: =IFERROR(J13/E13,"-") -> 2.125 | L13: =IFERROR(G13-F13,"-") -> 10 | M13: =IFERROR(L13/F13,"-") -> 0.66666667
B14: 耗水量 | C14: 吨 | D14: =香海!D22+供热公司!D12-北海!D21+主城区电锅炉!D7 -> 0 | E14: =香海!E22+供热公司!E12-北海!E21+主城区电锅炉!E7 -> 300038.81 | F14: =[3]集团本部!G14 -> 327634 | G14: =香海!G22+供热公司!G12-北海!G21+主城区电锅炉!G7 -> 296348 | H14: =香海!H22+供热公司!H12-北海!H21+主城区电锅炉!H7 -> 296348 | I14: =IFERROR(H14/D14,"-") -> - | J14: =IFERROR(G14-E14,"-") -> -3690.8095 | K14: =IFERROR(J14/E14,"-") -> -0.012301107 | L14: =IFERROR(G14-F14,"-") -> -31286 | M14: =IFERROR(L14/F14,"-") -> -0.0954907
B15: 耗酸量 | C15: 吨 | D15: =香海!D15 -> 0 | E15: =香海!E15 -> 46 | F15: =[3]集团本部!G15 -> 46 | G15: =香海!G15 -> 40 | H15: =香海!H15 -> 40 | I15: =IFERROR(H15/D15,"-") -> - | J15: =IFERROR(G15-E15,"-") -> -6 | K15: =IFERROR(J15/E15,"-") -> -0.13043478 | L15: =IFERROR(G15-F15,"-") -> -6 | M15: =IFERROR(L15/F15,"-") -> -0.13043478
B16: 耗碱量 | C16: 吨 | D16: =香海!D14 -> 0 | E16: =香海!E14 -> 37 | F16: =[3]集团本部!G16 -> 37 | G16: =香海!G14 -> 32 | H16: =香海!H14 -> 32 | I16: =IFERROR(H16/D16,"-") -> - | J16: =IFERROR(G16-E16,"-") -> -5 | K16: =IFERROR(J16/E16,"-") -> -0.13513514 | L16: =IFERROR(G16-F16,"-") -> -5 | M16: =IFERROR(L16/F16,"-") -> -0.13513514
B17: 耗石灰石粉量 | C17: 吨 | D17: =香海!D24 -> 0 | E17: =香海!E24 -> 925 | F17: =[3]集团本部!G17 -> 840 | G17: =香海!G24 -> 854 | H17: =香海!H24 -> 854 | I17: =IFERROR(H17/D17,"-") -> - | J17: =IFERROR(G17-E17,"-") -> -71 | K17: =IFERROR(J17/E17,"-") -> -0.076756757 | L17: =IFERROR(G17-F17,"-") -> 14 | M17: =IFERROR(L17/F17,"-") -> 0.016666667
B18: 耗氨水量 | C18: 吨 | D18: =香海!D16 -> 0 | E18: =香海!E16 -> 130 | F18: =[3]集团本部!G18 -> 113 | G18: =香海!G16 -> 201 | H18: =香海!H16 -> 201 | I18: =IFERROR(H18/D18,"-") -> - | J18: =IFERROR(G18-E18,"-") -> 71 | K18: =IFERROR(J18/E18,"-") -> 0.54615385 | L18: =IFERROR(G18-F18,"-") -> 88 | M18: =IFERROR(L18/F18,"-") -> 0.77876106
B19: 耗阻垢剂量 | C19: 吨 | D19: =香海!D17 -> 0 | E19: =香海!E17 -> 0.9 | F19: =[3]集团本部!G19 -> 1 | G19: =香海!G17 -> 1 | H19: =香海!H17 -> 1 | I19: =IFERROR(H19/D19,"-") -> - | J19: =IFERROR(G19-E19,"-") -> 0.1 | K19: =IFERROR(J19/E19,"-") -> 0.11111111 | L19: =IFERROR(G19-F19,"-") -> 0 | M19: =IFERROR(L19/F19,"-") -> 0
B20: 耗杀菌剂量 | C20: 吨 | D20: =香海!D18 -> 0 | E20: =香海!E18 -> 0 | F20: =[3]集团本部!G20 -> 0 | G20: =香海!G18 -> 0 | H20: =香海!H18 -> 0 | I20: =IFERROR(H20/D20,"-") -> - | J20: =IFERROR(G20-E20,"-") -> 0 | K20: =IFERROR(J20/E20,"-") -> - | L20: =IFERROR(G20-F20,"-") -> 0 | M20: =IFERROR(L20/F20,"-") -> -
B21: 脱硫脱硝耗水量 | C21: 吨 | D21: =香海!D19 -> 0 | E21: =香海!E19 -> 25000 | F21: =[3]集团本部!G21 -> 25240 | G21: =香海!G19 -> 32849 | H21: =香海!H19 -> 32849 | I21: =IFERROR(H21/D21,"-") -> - | J21: =IFERROR(G21-E21,"-") -> 7849 | K21: =IFERROR(J21/E21,"-") -> 0.31396 | L21: =IFERROR(G21-F21,"-") -> 7609 | M21: =IFERROR(L21/F21,"-") -> 0.30146593
B22: 脱硫脱硝耗电量 | C22: 千瓦时 | D22: =香海!D20 -> 0 | E22: =香海!E20 -> 1080000 | F22: =[3]集团本部!G22 -> 1075554 | G22: =香海!G20 -> 1283190 | H22: =香海!H20 -> 1283190 | I22: =IFERROR(H22/D22,"-") -> - | J22: =IFERROR(G22-E22,"-") -> 203190 | K22: =IFERROR(J22/E22,"-") -> 0.18813889 | L22: =IFERROR(G22-F22,"-") -> 207636 | M22: =IFERROR(L22/F22,"-") -> 0.19305028
B23: 一次网电厂补水量 | C23: 吨 | D23: =香海!D21 -> 0 | E23: =香海!E21 -> 25000 | F23: =[3]集团本部!G23 -> 26263 | G23: =香海!G21 -> 25920 | H23: =香海!H21 -> 25920 | I23: =IFERROR(H23/D23,"-") -> - | J23: =IFERROR(G23-E23,"-") -> 920 | K23: =IFERROR(J23/E23,"-") -> 0.0368 | L23: =IFERROR(G23-F23,"-") -> -343 | M23: =IFERROR(L23/F23,"-") -> -0.013060199
B24: 综合厂用电量 | C24: 万千瓦时 | D24: =D3-D4 -> 0 | E24: =香海!E26 -> 1462 | F24: =[3]集团本部!G24 -> 1458.5112 | G24: =香海!G26 -> 1653.9048 | H24: =香海!H26 -> 1653.9048 | I24: =IFERROR(H24/D24,"-") -> - | J24: =IFERROR(G24-E24,"-") -> 191.9048 | K24: =IFERROR(J24/E24,"-") -> 0.13126183 | L24: =IFERROR(G24-F24,"-") -> 195.3936 | M24: =IFERROR(L24/F24,"-") -> 0.13396784
B25: 非生产厂用电量 | C25: 万千瓦时 | D25: =D24-D26-D27 -> 0 | E25: =E24-E26-E27 -> 85 | F25: =F24-F26-F27 -> 85.107 | G25: =G24-G26-G27 -> 57.3928 | H25: =香海!H27 -> 57.3928 | I25: =IFERROR(H25/D25,"-") -> - | J25: =IFERROR(G25-E25,"-") -> -27.6072 | K25: =IFERROR(J25/E25,"-") -> -0.32479059 | L25: =IFERROR(G25-F25,"-") -> -27.7142 | M25: =IFERROR(L25/F25,"-") -> -0.32563949
B26: 发电厂用电量 | C26: 万千瓦时 | D26: =香海!D28 -> 0 | E26: =香海!E28 -> 246 | F26: =[3]集团本部!G25 -> 255.8652 | G26: =香海!G28 -> 284.49844 | H26: =香海!H28 -> 284.49844 | I26: =IFERROR(H26/D26,"-") -> - | J26: =IFERROR(G26-E26,"-") -> 38.498438 | K26: =IFERROR(J26/E26,"-") -> 0.15649772 | L26: =IFERROR(G26-F26,"-") -> 28.633238 | M26: =IFERROR(L26/F26,"-") -> 0.11190751
B27: 供热厂用电量 | C27: 万千瓦时 | D27: =香海!D29 -> 0 | E27: =香海!E29 -> 1131 | F27: =[3]集团本部!G26 -> 1117.539 | G27: =香海!G29 -> 1312.0136 | H27: =香海!H29 -> 1312.0136 | I27: =IFERROR(H27/D27,"-") -> - | J27: =IFERROR(G27-E27,"-") -> 181.01356 | K27: =IFERROR(J27/E27,"-") -> 0.16004736 | L27: =IFERROR(G27-F27,"-") -> 194.47456 | M27: =IFERROR(L27/F27,"-") -> 0.17402038
B28: 外购电量 | C28: 万千瓦时 | D28: =香海!D25+供热公司!D13+主城区电锅炉!D8 -> 0 | E28: =香海!E25+供热公司!E13+主城区电锅炉!E8 -> 761.832 | F28: =香海!F25+供热公司!F13+主城区电锅炉!F8 -> 716.82671 | G28: =香海!G25+供热公司!G13+主城区电锅炉!G8 -> 691.11908 | H28: =香海!H25+供热公司!H13+主城区电锅炉!H8 -> 691.11908 | I28: =IFERROR(H28/D28,"-") -> - | J28: =IFERROR(G28-E28,"-") -> -70.712921 | K28: =IFERROR(J28/E28,"-") -> -0.092819572 | L28: =IFERROR(G28-F28,"-") -> -25.707631 | M28: =IFERROR(L28/F28,"-") -> -0.035863105
B29: 耗标煤总量 | C29: 吨 | D29: =D30+D31 -> 0 | E29: =E30+E31 -> 41037 | F29: =[3]集团本部!G28 -> 40896.557 | G29: =G30+G31 -> 47986.132 | H29: =H30+H31 -> 47986.132 | I29: =IFERROR(H29/D29,"-") -> - | J29: =IFERROR(G29-E29,"-") -> 6949.1317 | K29: =IFERROR(J29/E29,"-") -> 0.1693382 | L29: =IFERROR(G29-F29,"-") -> 7089.5748 | M29: =IFERROR(L29/F29,"-") -> 0.17335383
B30: 发电标准煤耗量 | C30: 吨 | D30: =香海!D9 -> 0 | E30: =香海!E9 -> 7329 | F30: =[3]集团本部!G29 -> 7619 | G30: =香海!G9 -> 8551.1287 | H30: =香海!H9 -> 8551.1287 | I30: =IFERROR(H30/D30,"-") -> - | J30: =IFERROR(G30-E30,"-") -> 1222.1287 | K30: =IFERROR(J30/E30,"-") -> 0.16675245 | L30: =IFERROR(G30-F30,"-") -> 932.12868 | M30: =IFERROR(L30/F30,"-") -> 0.12234265
B31: 供热标准煤耗量 | C31: 吨 | D31: =香海!D10 -> 0 | E31: =香海!E10 -> 33708 | F31: =[3]集团本部!G30 -> 33277.557 | G31: =香海!G10 -> 39435.003 | H31: =香海!H10 -> 39435.003 | I31: =IFERROR(H31/D31,"-") -> - | J31: =IFERROR(G31-E31,"-") -> 5727.0031 | K31: =IFERROR(J31/E31,"-") -> 0.16990041 | L31: =IFERROR(G31-F31,"-") -> 6157.4461 | M31: =IFERROR(L31/F31,"-") -> 0.185033
B32: 其中：煤折标煤量 | C32: 吨 | D32: =香海!D12 -> 0 | E32: =香海!E12 -> 41025.343 | F32: =[3]集团本部!G31 -> 40874.772 | G32: =香海!G12 -> 47949.704 | H32: =香海!H12 -> 47949.704 | I32: =IFERROR(H32/D32,"-") -> - | J32: =IFERROR(G32-E32,"-") -> 6924.361 | K32: =IFERROR(J32/E32,"-") -> 0.16878253 | L32: =IFERROR(G32-F32,"-") -> 7074.9319 | M32: =IFERROR(L32/F32,"-") -> 0.17308798
A33: 单耗与效率 | B33: 综合厂用电率 | C33: % | D33: =(D3-D4)/D3 -> #DIV/0! | E33: =(E3-E4)/E3 -> 0.24995726 | F33: =[3]集团本部!G32 -> 0.25043393 | G33: =(G3-G4)/G3 -> 0.2867563 | H33: =(H3-H4)/H3 -> 0.2867563 | I33: - | J33: =IFERROR(G33-E33,"-") -> 0.03679904 | K33: - | L33: =IFERROR(G33-F33,"-") -> 0.036322365 | M33: -
B34: 发电煤耗率 | C34: 克/千瓦时 | D34: =D30*100/D3 -> #DIV/0! | E34: =E30*100/E3 -> 125.30347 | F34: =[3]集团本部!G33 -> 130.82218 | G34: =G30*100/G3 -> 148.26065 | H34: =H30*100/H3 -> 148.26065 | I34: =IFERROR(H34/D34,"-") -> - | J34: =IFERROR(G34-E34,"-") -> 22.957179 | K34: =IFERROR(J34/E34,"-") -> 0.18321264 | L34: =IFERROR(G34-F34,"-") -> 17.43847 | M34: =IFERROR(L34/F34,"-") -> 0.13329904
B35: 供电煤耗率 | C35: 克/千瓦时 | D35: =D30*100/(D3-D26) -> #DIV/0! | E35: =E30*100/(E3-E26) -> 130.80493 | F35: =[3]集团本部!G34 -> 136.83375 | G35: =G30*100/(G3-G26) -> 155.95332 | H35: =H30*100/(H3-H26) -> 155.95332 | I35: =IFERROR(H35/D35,"-") -> - | J35: =IFERROR(G35-E35,"-") -> 25.148391 | K35: =IFERROR(J35/E35,"-") -> 0.19225875 | L35: =IFERROR(G35-F35,"-") -> 19.119569 | M35: =IFERROR(L35/F35,"-") -> 0.13972846
B36: 供热煤耗率 | C36: 千克/吉焦 | D36: =D31*1000/香海!D6 -> #DIV/0! | E36: =E31*1000/香海!E6 -> 40.344698 | F36: =[3]集团本部!G35 -> 39.597619 | G36: =G31*1000/香海!G6 -> 40.774927 | H36: =H31*1000/香海!H6 -> 40.774927 | I36: =IFERROR(H36/D36,"-") -> - | J36: =IFERROR(G36-E36,"-") -> 0.43022814 | K36: =IFERROR(J36/E36,"-") -> 0.010663808 | L36: =IFERROR(G36-F36,"-") -> 1.1773081 | M36: =IFERROR(L36/F36,"-") -> 0.02973179
B37: 入炉煤低位发热量 | C37: 千焦/千克 | D37: =D29*29308/D12 -> #DIV/0! | E37: =E29*29308/E12 -> 20102.835 | F37: =[3]集团本部!G36 -> 19325.017 | G37: =香海!G40 -> 19188 | H37: =香海!H40 -> 19188 | I37: =IFERROR(H37/D37,"-") -> - | J37: =IFERROR(G37-E37,"-") -> -914.83473 | K37: =IFERROR(J37/E37,"-") -> -0.045507747 | L37: =IFERROR(G37-F37,"-") -> -137.01738 | M37: =IFERROR(L37/F37,"-") -> -0.0070901557
A38: 设备利用率 | B38: 发电设备利用率 | C38: % | D38: =D3/10/8760 -> 0 | E38: =E3/10/(DAY(DATE(2026,2,0))*24) -> 0.78615591 | F38: =[3]集团本部!G37 -> 0.7827871 | G38: =G3/10/(DAY(DATE(2026,2,0))*24) -> 0.77521935 | H38: =H3/10/(DATEDIF(DATE(2026,1,1),DATE(2026,2,1),"D")*24) -> 0.77521935 | I38: - | J38: =IFERROR(G38-E38,"-") -> -0.010936559 | K38: - | L38: =IFERROR(G38-F38,"-") -> -0.0075677419 | M38: -
B39: 供热设备利用率 | C39: % | D39: =香海!D6*1000/528/(8760*3600) -> 0 | E39: =香海!E6*1000/528/((DAY(DATE(2026,2,0))*24)*3600) -> 0.59079546 | F39: =[3]集团本部!G38 -> 0.59425523 | G39: =香海!G6*1000/528/((DAY(DATE(2026,2,0))*24)*3600) -> 0.6838791 | H39: =香海!H6*1000/528/((DATEDIF(DATE(2026,1,1),DATE(2026,2,1),"D")*24)*3600) -> 0.6838791 | I39: - | J39: =IFERROR(G39-E39,"-") -> 0.093083637 | K39: - | L39: =IFERROR(G39-F39,"-") -> 0.089623876 | M39: -

Sheet 股份本部
A1: 指标类别 | B1: 项 目 | C1: 计量单位 | D1: 本年计划 | E1: 本月计划 | F1: 上年同期 | G1: 本月实际 | H1: 本年累计 | I1: 年计划 完成率 | J1: 与月计划比较 | L1: 与上年同期比较
J2: 差异 | K2: ±% | L2: 差异 | M2: ±%
A3: 产销指标 | B3: 发电量 | C3: 万千瓦时 | D3: =北海!D3 -> 0 | E3: =北海!E3 -> 7582 | F3: =[3]股份本部!G3 -> 5803.92 | G3: =北海!G3 -> 6075.36 | H3: =北海!H3 -> 6075.36 | I3: =IFERROR(H3/D3,"-") -> - | J3: =IFERROR(G3-E3,"-") -> -1506.64 | K3: =IFERROR(J3/E3,"-") -> -0.19871274 | L3: =IFERROR(G3-F3,"-") -> 271.44 | M3: =IFERROR(L3/F3,"-") -> 0.046768391
B4: 售电量 | C4: 万千瓦时 | D4: =北海!D4 -> 0 | E4: =北海!E4 -> 5231 | F4: =[3]股份本部!G4 -> 3932.5461 | G4: =北海!G4 -> 3714.5916 | H4: =北海!H4 -> 3714.5916 | I4: =IFERROR(H4/D4,"-") -> - | J4: =IFERROR(G4-E4,"-") -> -1516.4084 | K4: =IFERROR(J4/E4,"-") -> -0.28988882 | L4: =IFERROR(G4-F4,"-") -> -217.9545 | M4: =IFERROR(L4/F4,"-") -> -0.055423254
B5: 供汽量 | C5: 吨 | D5: =北海!D5 -> 0 | E5: =北海!E5 -> 29011 | F5: =[3]股份本部!G5 -> 29011 | G5: =北海!G5+天然气炉!D4 -> 35445 | H5: =北海!H5+天然气炉!F4 -> 35445 | I5: =IFERROR(H5/D5,"-") -> - | J5: =IFERROR(G5-E5,"-") -> 6434 | K5: =IFERROR(J5/E5,"-") -> 0.22177795 | L5: =IFERROR(G5-F5,"-") -> 6434 | M5: =IFERROR(L5/F5,"-") -> 0.22177795
B6: 供热量 | C6: 吉焦 | E6: =北海!E6+北海水炉!E4 -> 1548747.6 | F6: =[3]股份本部!G6 -> 1392347.6 | G6: =北海!G6+北海水炉!G4+主城区电锅炉!G6+天然气炉!D5 -> 1721380.2 | H6: =北海!H6+北海水炉!H4+主城区电锅炉!H6+天然气炉!F5 -> 1721380.2 | I6: =IFERROR(H6/D6,"-") -> - | J6: =IFERROR(G6-E6,"-") -> 172632.6 | K6: =IFERROR(J6/E6,"-") -> 0.11146594 | L6: =IFERROR(G6-F6,"-") -> 329032.6 | M6: =IFERROR(L6/F6,"-") -> 0.23631498
B7: 其中：高温水网供热量 | C7: 吉焦 | D7: =北海!D7+北海水炉!D4 -> 0 | E7: =北海!E7+北海水炉!E4 -> 1463116 | F7: =[3]股份本部!G7 -> 1306319 | G7: =北海!G7+北海水炉!G4 -> 1616316.4 | H7: =北海!H7+北海水炉!H4 -> 1616316.4 | I7: =IFERROR(H7/D7,"-") -> - | J7: =IFERROR(G7-E7,"-") -> 153200.4 | K7: =IFERROR(J7/E7,"-") -> 0.10470831 | L7: =IFERROR(G7-F7,"-") -> 309997.4 | M7: =IFERROR(L7/F7,"-") -> 0.23730605
B8: 关联交易量(蒸汽) | C8: 吨 | E8: ='[2]3.股份本部汇总表'!$M$16 -> -6183 | F8: =[3]股份本部!G8 -> 1684 | G8: =[5]售热量!$D$5 -> 1200 | H8: =[5]售热量!$D$5 -> 1200 | I8: =IFERROR(H8/D8,"-") -> - | J8: =IFERROR(G8-E8,"-") -> 7383 | K8: =IFERROR(J8/E8,"-") -> -1.1940805 | L8: =IFERROR(G8-F8,"-") -> -484 | M8: =IFERROR(L8/F8,"-") -> -0.28741093
B9: 关联交易量(高温水) | C9: 吉焦 | E9: ='[2]3.股份本部汇总表'!$M$17 -> 149928 | F9: =[3]股份本部!G9 -> 150679 | G9: =[5]售热量!$D$6 -> 198254 | H9: =[5]售热量!$D$6 -> 198254 | I9: =IFERROR(H9/D9,"-") -> - | J9: =IFERROR(G9-E9,"-") -> 48326 | K9: =IFERROR(J9/E9,"-") -> 0.32232805 | L9: =IFERROR(G9-F9,"-") -> 47575 | M9: =IFERROR(L9/F9,"-") -> 0.31573743
B10: 高温水销售量 | C10: 吉焦 | E10: ='[2]3.股份本部汇总表'!$M$25 -> 100500 | F10: =[3]股份本部!G10 -> 97005 | G10: =[5]售热量!$D$7 -> 104506 | H10: =[5]售热量!$D$7 -> 104506 | I10: =IFERROR(H10/D10,"-") -> - | J10: =IFERROR(G10-E10,"-") -> 4006 | K10: =IFERROR(J10/E10,"-") -> 0.039860697 | L10: =IFERROR(G10-F10,"-") -> 7501 | M10: =IFERROR(L10/F10,"-") -> 0.077325911
B11: 期末供暖收费面积 | C11: 平方米 | E11: ='[2]3.股份本部汇总表'!$M$19 -> 16943011 | F11: =[3]股份本部!G11 -> 16102552 | G11: =H11 -> 16314998 | H11: 16314998 | I11: =IFERROR(H11/D11,"-") -> - | J11: =IFERROR(G11-E11,"-") -> -628012.94 | K11: =IFERROR(J11/E11,"-") -> -0.037066196 | L11: =IFERROR(G11-F11,"-") -> 212445.54 | M11: =IFERROR(L11/F11,"-") -> 0.013193284
A12: 消耗指标 | B12: 生产耗原煤量 | C12: 吨 | D12: =北海!D12+北海水炉!D5 -> 0 | E12: =北海!E12+北海水炉!E5 -> 105279.22 | F12: =[3]股份本部!G12 -> 92166 | G12: =北海!G12+北海水炉!G5 -> 111116 | H12: =北海!H12+北海水炉!H5 -> 111116 | I12: =IFERROR(H12/D12,"-") -> - | J12: =IFERROR(G12-E12,"-") -> 5836.7778 | K12: =IFERROR(J12/E12,"-") -> 0.055440928 | L12: =IFERROR(G12-F12,"-") -> 18950 | M12: =IFERROR(L12/F12,"-") -> 0.20560727
B13: 锅炉耗柴油量 | C13: 吨 | D13: =北海!D24+北海水炉!D6 -> 0 | E13: =北海!E24+北海水炉!E6 -> 59 | F13: =[3]股份本部!G13 -> 58.5 | G13: =北海!G24+北海水炉!G6 -> 78.3 | H13: =北海!H24+北海水炉!H6 -> 78.3 | I13: =IFERROR(H13/D13,"-") -> - | J13: =IFERROR(G13-E13,"-") -> 19.3 | K13: =IFERROR(J13/E13,"-") -> 0.32711864 | L13: =IFERROR(G13-F13,"-") -> 19.8 | M13: =IFERROR(L13/F13,"-") -> 0.33846154
B14: 耗水量 | C14: 吨 | D14: =北海!D22+北海!D21+北海水炉!D9 -> 0 | E14: =北海!E22+北海!E21+北海水炉!E9 -> 193594 | F14: =[3]股份本部!G14 -> 221014 | G14: =北海!G22+北海!G21+北海水炉!G9+天然气炉!D8 -> 192052 | H14: =北海!H22+北海!H21+北海水炉!H9+天然气炉!F8 -> 192052 | I14: =IFERROR(H14/D14,"-") -> - | J14: =IFERROR(G14-E14,"-") -> -1542 | K14: =IFERROR(J14/E14,"-") -> -0.0079651229 | L14: =IFERROR(G14-F14,"-") -> -28962 | M14: =IFERROR(L14/F14,"-") -> -0.13104147
B15: 耗酸量 | C15: 吨 | D15: =北海!D14 -> 0 | E15: =北海!E14 -> 21 | F15: =[3]股份本部!G15 -> 14 | G15: =北海!G14 -> 6.4 | H15: =北海!H14 -> 6.4 | I15: =IFERROR(H15/D15,"-") -> - | J15: =IFERROR(G15-E15,"-") -> -14.6 | K15: =IFERROR(J15/E15,"-") -> -0.6952381 | L15: =IFERROR(G15-F15,"-") -> -7.6 | M15: =IFERROR(L15/F15,"-") -> -0.54285714
B16: 耗碱量 | C16: 吨 | D16: =北海!D13 -> 0 | E16: =北海!E13 -> 18 | F16: =[3]股份本部!G16 -> 18 | G16: =北海!G13 -> 9.7 | H16: =北海!H13 -> 9.7 | I16: =IFERROR(H16/D16,"-") -> - | J16: =IFERROR(G16-E16,"-") -> -8.3 | K16: =IFERROR(J16/E16,"-") -> -0.46111111 | L16: =IFERROR(G16-F16,"-") -> -8.3 | M16: =IFERROR(L16/F16,"-") -> -0.46111111
B17: 耗石灰石粉量 | C17: 吨 | D17: =北海!D25+北海水炉!D16 -> 0 | E17: =北海!E25+北海水炉!E16 -> 3089 | F17: =[3]股份本部!G17 -> 1891 | G17: =北海!G25+北海水炉!G16 -> 2779.29 | H17: =北海!H25+北海水炉!H16 -> 2779.29 | I17: =IFERROR(H17/D17,"-") -> - | J17: =IFERROR(G17-E17,"-") -> -309.71 | K17: =IFERROR(J17/E17,"-") -> -0.10026222 | L17: =IFERROR(G17-F17,"-") -> 888.29 | M17: =IFERROR(L17/F17,"-") -> 0.46974617
B18: 耗氨水量 | C18: 吨 | D18: =北海!D15+北海水炉!D17 -> 0 | E18: =北海!E15+北海水炉!E17 -> 595 | F18: =[3]股份本部!G18 -> 520.63 | G18: =北海!G15+北海水炉!G17 -> 631.54 | H18: =北海!H15+北海水炉!H17 -> 631.54 | I18: =IFERROR(H18/D18,"-") -> - | J18: =IFERROR(G18-E18,"-") -> 36.54 | K18: =IFERROR(J18/E18,"-") -> 0.061411765 | L18: =IFERROR(G18-F18,"-") -> 110.91 | M18: =IFERROR(L18/F18,"-") -> 0.21303037
B19: 耗阻垢剂量 | C19: 吨 | D19: =北海!D16+中水!E14 -> 0 | E19: =北海!E16 -> 1.2 | F19: =[3]股份本部!G19 -> 1.25 | G19: =北海!G16+中水!G14 -> 1.125 | H19: =北海!H16 -> 1.075 | I19: =IFERROR(H19/D19,"-") -> - | J19: =IFERROR(G19-E19,"-") -> -0.075 | K19: =IFERROR(J19/E19,"-") -> -0.0625 | L19: =IFERROR(G19-F19,"-") -> -0.125 | M19: =IFERROR(L19/F19,"-") -> -0.1
B20: 耗杀菌剂量 | C20: 吨 | D20: =北海!D17+中水!E16 -> 0 | E20: =北海!E17 -> 0 | F20: =[3]股份本部!G20 -> 0 | G20: =北海!G17+中水!G16 -> 0 | H20: =北海!H17+中水!H16 -> 0 | I20: =IFERROR(H20/D20,"-") -> - | J20: =IFERROR(G20-E20,"-") -> 0 | K20: =IFERROR(J20/E20,"-") -> - | L20: =IFERROR(G20-F20,"-") -> 0 | M20: =IFERROR(L20/F20,"-") -> -
B21: 外购电量 | C21: 万千瓦时 | D21: =北海!D26+北海水炉!D13 -> 0 | E21: =北海!E26+北海水炉!E13 -> 0 | F21: =北海!F26+北海水炉!F13 -> 0 | G21: =北海!G26+北海水炉!G13 -> 0 | H21: =北海!H26+北海水炉!H13 -> 0 | I21: =IFERROR(H21/D21,"-") -> - | J21: =IFERROR(G21-E21,"-") -> 0 | K21: =IFERROR(J21/E21,"-") -> - | L21: =IFERROR(G21-F21,"-") -> 0 | M21: =IFERROR(L21/F21,"-") -> -
B22: 耗标煤总量 | C22: 吨 | D22: =D23+D24 -> 0 | E22: =E23+E24 -> 71129 | F22: =[3]股份本部!G22 -> 62683.28 | G22: =G23+G24 -> 74474.8 | H22: =H23+H24 -> 74474.8 | I22: =IFERROR(H22/D22,"-") -> - | J22: =IFERROR(G22-E22,"-") -> 3345.7996 | K22: =IFERROR(J22/E22,"-") -> 0.047038474 | L22: =IFERROR(G22-F22,"-") -> 11791.52 | M22: =IFERROR(L22/F22,"-") -> 0.18811268
B23: 发电标准煤耗量 | C23: 吨 | D23: =北海!D8 -> 0 | E23: =北海!E8 -> 10967 | F23: =[3]股份本部!G23 -> 8517.6 | G23: =北海!G8 -> 9838.4525 | H23: =北海!H8 -> 9838.4525 | I23: =IFERROR(H23/D23,"-") -> - | J23: =IFERROR(G23-E23,"-") -> -1128.5475 | K23: =IFERROR(J23/E23,"-") -> -0.10290394 | L23: =IFERROR(G23-F23,"-") -> 1320.8525 | M23: =IFERROR(L23/F23,"-") -> 0.15507332
B24: 供热标准煤耗量 | C24: 吨 | D24: =北海!D9+北海水炉!D7 -> 0 | E24: =北海!E9+北海水炉!E7 -> 60162 | F24: =[3]股份本部!G24 -> 54165.68 | G24: =北海!G9+北海水炉!G7 -> 64636.347 | H24: =北海!H9+北海水炉!H7 -> 64636.347 | I24: =IFERROR(H24/D24,"-") -> - | J24: =IFERROR(G24-E24,"-") -> 4474.3471 | K24: =IFERROR(J24/E24,"-") -> 0.074371649 | L24: =IFERROR(G24-F24,"-") -> 10470.667 | M24: =IFERROR(L24/F24,"-") -> 0.19330815
B25: 其中：煤折标煤量 | C25: 吨 | D25: =北海!D11+北海水炉!D8 -> 0 | E25: =北海!E11+北海水炉!E8 -> 71043.031 | F25: =[3]股份本部!G25 -> 62598.04 | G25: =北海!G11+北海水炉!G8 -> 74360.706 | H25: =北海!H11+北海水炉!H8 -> 74360.706 | I25: =IFERROR(H25/D25,"-") -> - | J25: =IFERROR(G25-E25,"-") -> 3317.6752 | K25: =IFERROR(J25/E25,"-") -> 0.046699517 | L25: =IFERROR(G25-F25,"-") -> 11762.666 | M25: =IFERROR(L25/F25,"-") -> 0.1879079
A26: 单耗与效率 | B26: 综合厂用电率 | C26: % | D26: =(D3-D4)/D3 -> #DIV/0! | E26: =(E3-E4)/E3 -> 0.3100765 | F26: =[3]股份本部!G26 -> 0.32243275 | G26: =北海!G27/G3 -> 0.38858082 | H26: =北海!H27/H3 -> 0.38858082 | I26: - | J26: =IFERROR(G26-E26,"-") -> 0.078504328 | K26: - | L26: =IFERROR(G26-F26,"-") -> 0.066148072 | M26: -
B27: 发电煤耗率 | C27: 克/千瓦时 | D27: =D23*100/D3 -> #DIV/0! | E27: =E23*100/E3 -> 144.64521 | F27: =[3]股份本部!G27 -> 146.75599 | G27: =G23*100/G3 -> 161.94024 | H27: =H23*100/H3 -> 161.94024 | I27: =IFERROR(H27/D27,"-") -> - | J27: =IFERROR(G27-E27,"-") -> 17.295026 | K27: =IFERROR(J27/E27,"-") -> 0.11956861 | L27: =IFERROR(G27-F27,"-") -> 15.184253 | M27: =IFERROR(L27/F27,"-") -> 0.10346599
B28: 供电煤耗率 | C28: 克/千瓦时 | D28: =D23*100/(D3-北海!D29) -> #DIV/0! | E28: =E23*100/(E3-北海!E29) -> 151.87486 | F28: =[3]股份本部!G28 -> 153.66304 | G28: =G23*100/(G3-北海!G29) -> 172.05956 | H28: =H23*100/(H3-北海!H29) -> 172.05956 | I28: =IFERROR(H28/D28,"-") -> - | J28: =IFERROR(G28-E28,"-") -> 20.184698 | K28: =IFERROR(J28/E28,"-") -> 0.13290348 | L28: =IFERROR(G28-F28,"-") -> 18.396527 | M28: =IFERROR(L28/F28,"-") -> 0.11971992
B29: 供热煤耗率 | C29: 千克/吉焦 | D29: =D24*1000/(D6-主城区电锅炉!D6) -> #DIV/0! | E29: =E24*1000/E6 -> 38.845581 | F29: =[3]股份本部!G29 -> 38.913508 | G29: =G24*1000/(G6-主城区电锅炉!G6-天然气炉!D5) -> 37.558763 | H29: =H24*1000/(H6-主城区电锅炉!H6-天然气炉!F5) -> 37.558763 | I29: =IFERROR(H29/D29,"-") -> - | J29: =IFERROR(G29-E29,"-") -> -1.286818 | K29: =IFERROR(J29/E29,"-") -> -0.033126497 | L29: =IFERROR(G29-F29,"-") -> -1.3547447 | M29: =IFERROR(L29/F29,"-") -> -0.034814253
B30: 入炉煤低位发热量 | C30: 千焦/千克 | D30: =D22*29308/D12 -> #DIV/0! | E30: =E22*29308/E12 -> 19801.141 | F30: =[3]股份本部!G30 -> 19905.642 | G30: =('[6]26.1'!$E$40+'[6]26.1'!$E$43+北海水炉!G8)*29308/G12 -> 19613.409 | H30: =('[6]26.1'!$K$40+'[6]26.1'!$K$43+北海水炉!H8)*29308/H12 -> 19613.409 | I30: =IFERROR(H30/D30,"-") -> - | J30: =IFERROR(G30-E30,"-") -> -187.73184 | K30: =IFERROR(J30/E30,"-") -> -0.0094808596 | L30: =IFERROR(G30-F30,"-") -> -292.23228 | M30: =IFERROR(L30/F30,"-") -> -0.014680877
A31: 设备利用率 | B31: 发电设备利用率 | C31: % | D31: =D3/10/8760 -> 0 | E31: =E3/10/(DAY(DATE(2026,2,0))*24) -> 1.019086 | F31: =[3]股份本部!G31 -> 0.78009677 | G31: =G3/10/(DAY(DATE(2026,2,0))*24) -> 0.81658065 | H31: =H3/10/(DATEDIF(DATE(2026,1,1),DATE(2026,2,1),"D")*24) -> 0.81658065 | I31: - | J31: =IFERROR(G31-E31,"-") -> -0.20250538 | K31: - | L31: =IFERROR(G31-F31,"-") -> 0.036483871 | M31: -
B32: 供热设备利用率 | C32: % | D32: =D6*1000/1142.55/(8760*3600) -> 0 | E32: =E6*1000/1142.55/((DAY(DATE(2026,2,0))*24)*3600) -> 0.50609261 | F32: =[3]股份本部!G32 -> 0.45498494 | G32: =G6*1000/1142.55/((DAY(DATE(2026,2,0))*24)*3600) -> 0.56250469 | H32: =H6*1000/1142.55/((DATEDIF(DATE(2026,1,1),DATE(2026,2,1),"D")*24)*3600) -> 0.56250469 | I32: - | J32: =IFERROR(G32-E32,"-") -> 0.056412086 | K32: - | L32: =IFERROR(G32-F32,"-") -> 0.10751976 | M32: -

Sheet 北海
A1: 指标类别 | B1: 项 目 | C1: 计量单位 | D1: 本年计划 | E1: 本月计划 | F1: 上年同期 | G1: 本月实际 | H1: 本年累计 | I1: 年计划 完成率 | J1: 与月计划比较 | L1: 与上年同期比较
J2: 差异 | K2: ±% | L2: 差异 | M2: ±%
A3: 产销指标 | B3: 发电量 | C3: 万千瓦时 | E3: ='[2]5.北海热电厂（热电联产）表'!$M$7 -> 7582 | F3: =[3]北海!G3 -> 5803.92 | G3: ='[6]26.1'!$E$7/10000 -> 6075.36 | H3: ='[6]26.1'!$K$7/10000 -> 6075.36 | I3: =IFERROR(H3/D3,"-") -> - | J3: =IFERROR(G3-E3,"-") -> -1506.64 | K3: =IFERROR(J3/E3,"-") -> -0.19871274 | L3: =IFERROR(G3-F3,"-") -> 271.44 | M3: =IFERROR(L3/F3,"-") -> 0.046768391
B4: 售电量 | C4: 万千瓦时 | E4: ='[2]5.北海热电厂（热电联产）表'!$M$14 -> 5231 | F4: =[3]北海!G4 -> 3932.5461 | G4: ='[6]26.1'!$E$8/10000 -> 3714.5916 | H4: ='[6]26.1'!$K$8/10000 -> 3714.5916 | I4: =IFERROR(H4/D4,"-") -> - | J4: =IFERROR(G4-E4,"-") -> -1516.4084 | K4: =IFERROR(J4/E4,"-") -> -0.28988882 | L4: =IFERROR(G4-F4,"-") -> -217.9545 | M4: =IFERROR(L4/F4,"-") -> -0.055423254
B5: 供汽量 | C5: 吨 | E5: ='[2]5.北海热电厂（热电联产）表'!$M$9 -> 29011 | F5: =[3]北海!G5 -> 29011 | G5: ='[6]26.1'!$E$12 -> 35445 | H5: ='[6]26.1'!$K$12 -> 35445 | I5: =IFERROR(H5/D5,"-") -> - | J5: =IFERROR(G5-E5,"-") -> 6434 | K5: =IFERROR(J5/E5,"-") -> 0.22177795 | L5: =IFERROR(G5-F5,"-") -> 6434 | M5: =IFERROR(L5/F5,"-") -> 0.22177795
B6: 供热量 | C6: 吉焦 | E6: ='[2]5.北海热电厂（热电联产）表'!$M$8 -> 1196417.6 | F6: =[3]北海!G6 -> 962532.59 | G6: ='[6]26.1'!$E$9 -> 980229.19 | H6: ='[6]26.1'!$K$9 -> 980229.19 | I6: =IFERROR(H6/D6,"-") -> - | J6: =IFERROR(G6-E6,"-") -> -216188.4 | K6: =IFERROR(J6/E6,"-") -> -0.18069644 | L6: =IFERROR(G6-F6,"-") -> 17696.599 | M6: =IFERROR(L6/F6,"-") -> 0.018385454
B7: 其中：首站供热量 | C7: 吉焦 | E7: ='[2]5.北海热电厂（热电联产）表'!$M$10 -> 1110786 | F7: =[3]北海!G7 -> 876901 | G7: ='[6]26.1'!$E$11 -> 875606.4 | H7: ='[6]26.1'!$K$11 -> 875606.4 | I7: =IFERROR(H7/D7,"-") -> - | J7: =IFERROR(G7-E7,"-") -> -235179.6 | K7: =IFERROR(J7/E7,"-") -> -0.21172359 | L7: =IFERROR(G7-F7,"-") -> -1294.6 | M7: =IFERROR(L7/F7,"-") -> -0.0014763354
A8: 消耗指标 | B8: 发电耗标煤量 | C8: 吨 | E8: ='[2]5.北海热电厂（热电联产）表'!$M$30 -> 10967 | F8: =[3]北海!G8 -> 8517.6 | G8: ='[6]26.1'!$E$39 -> 9838.4525 | H8: ='[6]26.1'!$K$39 -> 9838.4525 | I8: =IFERROR(H8/D8,"-") -> - | J8: =IFERROR(G8-E8,"-") -> -1128.5475 | K8: =IFERROR(J8/E8,"-") -> -0.10290394 | L8: =IFERROR(G8-F8,"-") -> 1320.8525 | M8: =IFERROR(L8/F8,"-") -> 0.15507332
B9: 供热耗标煤量 | C9: 吨 | E9: ='[2]5.北海热电厂（热电联产）表'!$M$33 -> 46822 | F9: =[3]北海!G9 -> 37752.04 | G9: ='[6]26.1'!$E$42 -> 37010.429 | H9: ='[6]26.1'!$K$42 -> 37010.429 | I9: =IFERROR(H9/D9,"-") -> - | J9: =IFERROR(G9-E9,"-") -> -9811.5711 | K9: =IFERROR(J9/E9,"-") -> -0.20955045 | L9: =IFERROR(G9-F9,"-") -> -741.61112 | M9: =IFERROR(L9/F9,"-") -> -0.019644266
B10: 耗标煤总量 | C10: 吨 | D10: =SUM(D8:D9) -> 0 | E10: =SUM(E8:E9) -> 57789 | F10: =[3]北海!G10 -> 46269.64 | G10: =SUM(G8:G9) -> 46848.881 | H10: =SUM(H8:H9) -> 46848.881 | I10: =IFERROR(H10/D10,"-") -> - | J10: =IFERROR(G10-E10,"-") -> -10940.119 | K10: =IFERROR(J10/E10,"-") -> -0.18931144 | L10: =IFERROR(G10-F10,"-") -> 579.24136 | M10: =IFERROR(L10/F10,"-") -> 0.012518821
B11: 其中：煤折标煤量 | C11: 吨 | D11: =D10-1.4571*D24 -> 0 | E11: =E10-1.4571*E24 -> 57727.802 | F11: =F10-1.4571*F24 -> 46209.316 | G11: ='[6]26.1'!$E$40+'[6]26.1'!$E$43 -> 46747.902 | H11: ='[6]26.1'!$K$40+'[6]26.1'!$K$43 -> 46747.902 | I11: =IFERROR(H11/D11,"-") -> - | J11: =IFERROR(G11-E11,"-") -> -10979.9 | K11: =IFERROR(J11/E11,"-") -> -0.19020125 | L11: =IFERROR(G11-F11,"-") -> 538.58592 | M11: =IFERROR(L11/F11,"-") -> 0.011655354
B12: 生产耗原煤量 | C12: 吨 | E12: ='[2]5.北海热电厂（热电联产）表'!$M$26 -> 84567 | F12: =[3]北海!G12 -> 65510 | G12: ='[6]26.1'!$E$14 -> 68272 | H12: ='[6]26.1'!$K$14 -> 68272 | I12: =IFERROR(H12/D12,"-") -> - | J12: =IFERROR(G12-E12,"-") -> -16295 | K12: =IFERROR(J12/E12,"-") -> -0.19268745 | L12: =IFERROR(G12-F12,"-") -> 2762 | M12: =IFERROR(L12/F12,"-") -> 0.042161502
B13: 耗碱量 | C13: 吨 | E13: ='[2]5.北海热电厂（热电联产）表'!$M$53 -> 18 | F13: =[3]北海!G13 -> 18 | G13: ='[6]26.1'!$E$23 -> 9.7 | H13: ='[6]26.1'!$K$23 -> 9.7 | I13: =IFERROR(H13/D13,"-") -> - | J13: =IFERROR(G13-E13,"-") -> -8.3 | K13: =IFERROR(J13/E13,"-") -> -0.46111111 | L13: =IFERROR(G13-F13,"-") -> -8.3 | M13: =IFERROR(L13/F13,"-") -> -0.46111111
B14: 耗酸量 | C14: 吨 | E14: ='[2]5.北海热电厂（热电联产）表'!$M$52 -> 21 | F14: =[3]北海!G14 -> 14 | G14: ='[6]26.1'!$E$22 -> 6.4 | H14: ='[6]26.1'!$K$22 -> 6.4 | I14: =IFERROR(H14/D14,"-") -> - | J14: =IFERROR(G14-E14,"-") -> -14.6 | K14: =IFERROR(J14/E14,"-") -> -0.6952381 | L14: =IFERROR(G14-F14,"-") -> -7.6 | M14: =IFERROR(L14/F14,"-") -> -0.54285714
B15: 耗氨水量 | C15: 吨 | E15: ='[2]5.北海热电厂（热电联产）表'!$M$56 -> 496 | F15: =[3]北海!G15 -> 376.96 | G15: ='[6]26.1'!$E$26 -> 377.74 | H15: ='[6]26.1'!$K$26 -> 377.74 | I15: =IFERROR(H15/D15,"-") -> - | J15: =IFERROR(G15-E15,"-") -> -118.26 | K15: =IFERROR(J15/E15,"-") -> -0.23842742 | L15: =IFERROR(G15-F15,"-") -> 0.78 | M15: =IFERROR(L15/F15,"-") -> 0.0020691851
B16: 耗阻垢剂量 | C16: 吨 | E16: ='[2]5.北海热电厂（热电联产）表'!$M$59 -> 1.2 | F16: =[3]北海!G16 -> 1.2 | G16: ='[6]26.1'!$E$27 -> 1.075 | H16: ='[6]26.1'!$K$27 -> 1.075 | I16: =IFERROR(H16/D16,"-") -> - | J16: =IFERROR(G16-E16,"-") -> -0.125 | K16: =IFERROR(J16/E16,"-") -> -0.10416667 | L16: =IFERROR(G16-F16,"-") -> -0.125 | M16: =IFERROR(L16/F16,"-") -> -0.10416667
B17: 耗杀菌剂量 | C17: 吨 | E17: ='[2]5.北海热电厂（热电联产）表'!$M$60 -> 0 | F17: =[3]北海!G17 -> 0 | G17: ='[6]26.1'!$E$28 -> 0 | H17: ='[6]26.1'!$K$28 -> 0 | I17: =IFERROR(H17/D17,"-") -> - | J17: =IFERROR(G17-E17,"-") -> 0 | K17: =IFERROR(J17/E17,"-") -> - | L17: =IFERROR(G17-F17,"-") -> 0 | M17: =IFERROR(L17/F17,"-") -> -
B18: 耗钢球量 | C18: 吨 | E18: ='[2]5.北海热电厂（热电联产）表'!$M$61 -> 40 | F18: =[3]北海!G18 -> 25 | G18: ='[6]26.1'!$E$29 -> 28 | H18: ='[6]26.1'!$K$29 -> 28 | I18: =IFERROR(H18/D18,"-") -> - | J18: =IFERROR(G18-E18,"-") -> -12 | K18: =IFERROR(J18/E18,"-") -> -0.3 | L18: =IFERROR(G18-F18,"-") -> 3 | M18: =IFERROR(L18/F18,"-") -> 0.12
B19: 脱硫脱硝耗水量 | C19: 吨 | E19: ='[2]5.北海热电厂（热电联产）表'!$M$75 -> 17019 | F19: =[3]北海!G19 -> 37019 | G19: ='[6]26.1'!$E$65 -> 6302 | H19: ='[6]26.1'!$K$65 -> 6302 | I19: =IFERROR(H19/D19,"-") -> - | J19: =IFERROR(G19-E19,"-") -> -10717 | K19: =IFERROR(J19/E19,"-") -> -0.62970797 | L19: =IFERROR(G19-F19,"-") -> -30717 | M19: =IFERROR(L19/F19,"-") -> -0.82976309
B20: 脱硫脱硝耗电量 | C20: 千瓦时 | E20: ='[2]5.北海热电厂（热电联产）表'!$M$76*10000 -> 870000 | F20: =[3]北海!G20 -> 874260 | G20: ='[6]26.1'!$E$66 -> 1072980 | H20: ='[6]26.1'!$K$66 -> 1072980 | I20: =IFERROR(H20/D20,"-") -> - | J20: =IFERROR(G20-E20,"-") -> 202980 | K20: =IFERROR(J20/E20,"-") -> 0.23331034 | L20: =IFERROR(G20-F20,"-") -> 198720 | M20: =IFERROR(L20/F20,"-") -> 0.2273008
B21: 高温水网电厂补水量 | C21: 吨 | E21: ='[2]5.北海热电厂（热电联产）表'!$M$43 -> 57300 | F21: =[3]北海!G21 -> 64720 | G21: ='[6]26.1'!$E$64 -> 73699 | H21: ='[6]26.1'!$K$64 -> 73699 | I21: =IFERROR(H21/D21,"-") -> - | J21: =IFERROR(G21-E21,"-") -> 16399 | K21: =IFERROR(J21/E21,"-") -> 0.28619546 | L21: =IFERROR(G21-F21,"-") -> 8979 | M21: =IFERROR(L21/F21,"-") -> 0.13873609
B22: 电厂耗水量 | C22: 吨 | E22: ='[2]5.北海热电厂（热电联产）表'!$M$42 -> 125687 | F22: =[3]北海!G22 -> 145687 | G22: ='[6]26.1'!$E$20-'[6]26.1'!$E$63-'[6]26.1'!$E$64 -> 103911 | H22: ='[6]26.1'!$K$20-'[6]26.1'!$K$63-'[6]26.1'!$K$64 -> 103911 | I22: =IFERROR(H22/D22,"-") -> - | J22: =IFERROR(G22-E22,"-") -> -21776 | K22: =IFERROR(J22/E22,"-") -> -0.17325579 | L22: =IFERROR(G22-F22,"-") -> -41776 | M22: =IFERROR(L22/F22,"-") -> -0.28675173
B23: 耗再生水量 | C23: 吨 | E23: ='[2]5.北海热电厂（热电联产）表'!$M$51 -> 113909 | F23: =[3]北海!G23 -> 113909 | G23: ='[6]26.1'!$E$21 -> 121213 | H23: ='[6]26.1'!$K$21 -> 121213 | I23: =IFERROR(H23/D23,"-") -> - | J23: =IFERROR(G23-E23,"-") -> 7304 | K23: =IFERROR(J23/E23,"-") -> 0.06412136 | L23: =IFERROR(G23-F23,"-") -> 7304 | M23: =IFERROR(L23/F23,"-") -> 0.06412136
B24: 炉耗油量 | C24: 吨 | E24: ='[2]5.北海热电厂（热电联产）表'!$M$37 -> 42 | F24: =[3]北海!G24 -> 41.4 | G24: ='[6]26.1'!$E$17 -> 69.3 | H24: ='[6]26.1'!$K$17 -> 69.3 | I24: =IFERROR(H24/D24,"-") -> - | J24: =IFERROR(G24-E24,"-") -> 27.3 | K24: =IFERROR(J24/E24,"-") -> 0.65 | L24: =IFERROR(G24-F24,"-") -> 27.9 | M24: =IFERROR(L24/F24,"-") -> 0.67391304
B25: 耗石灰石粉量 | C25: 吨 | E25: ='[2]5.北海热电厂（热电联产）表'!$M$55 -> 2598 | F25: =[3]北海!G25 -> 1581 | G25: ='[6]26.1'!$E$25 -> 2045 | H25: ='[6]26.1'!$K$25 -> 2045 | I25: =IFERROR(H25/D25,"-") -> - | J25: =IFERROR(G25-E25,"-") -> -553 | K25: =IFERROR(J25/E25,"-") -> -0.21285604 | L25: =IFERROR(G25-F25,"-") -> 464 | M25: =IFERROR(L25/F25,"-") -> 0.29348514
B26: 外购电量 | C26: 万千瓦时 | E26: ='[2]5.北海热电厂（热电联产）表'!$M$70 -> 0 | F26: =[3]北海!G26 -> 0 | G26: ='[6]26.1'!$E$60/10000 -> 0 | H26: ='[6]26.1'!$K$60/10000 -> 0 | I26: =IFERROR(H26/D26,"-") -> - | J26: =IFERROR(G26-E26,"-") -> 0 | K26: =IFERROR(J26/E26,"-") -> - | L26: =IFERROR(G26-F26,"-") -> 0 | M26: =IFERROR(L26/F26,"-") -> -
B27: 综合厂用电量 | C27: 万千瓦时 | E27: ='[2]5.北海热电厂（热电联产）表'!$M$65 -> 2351 | F27: =[3]北海!G27 -> 1871.3739 | G27: ='[6]26.1'!$E$30/10000 -> 2360.7684 | H27: ='[6]26.1'!$K$30/10000 -> 2360.7684 | I27: =IFERROR(H27/D27,"-") -> - | J27: =IFERROR(G27-E27,"-") -> 9.7684 | K27: =IFERROR(J27/E27,"-") -> 0.0041549979 | L27: =IFERROR(G27-F27,"-") -> 489.3945 | M27: =IFERROR(L27/F27,"-") -> 0.26151615
B28: 非生产厂用电量 | C28: 万千瓦时 | D28: =D27-D29-D30 -> 0 | E28: ='[2]5.北海热电厂（热电联产）表'!$M$66 -> 449.16595 | F28: =F27-F29-F30 -> 454.20337 | G28: =G27-G29-G30 -> 659.32652 | H28: =H27-H29-H30 -> 659.32652 | I28: =IFERROR(H28/D28,"-") -> - | J28: =IFERROR(G28-E28,"-") -> 210.16058 | K28: =IFERROR(J28/E28,"-") -> 0.46789072 | L28: =IFERROR(G28-F28,"-") -> 205.12315 | M28: =IFERROR(L28/F28,"-") -> 0.45161079
B29: 发电厂用电量 | C29: 万千瓦时 | E29: ='[2]5.北海热电厂（热电联产）表'!M68 -> 360.9236 | F29: =[3]北海!G28 -> 260.88229 | G29: ='[6]26.1'!$E$33/10000 -> 357.3096 | H29: ='[6]26.1'!$K$33/10000 -> 357.3096 | I29: =IFERROR(H29/D29,"-") -> - | J29: =IFERROR(G29-E29,"-") -> -3.6140026 | K29: =IFERROR(J29/E29,"-") -> -0.010013207 | L29: =IFERROR(G29-F29,"-") -> 96.42731 | M29: =IFERROR(L29/F29,"-") -> 0.36961999
B30: 供热厂用电量 | C30: 万千瓦时 | E30: ='[2]5.北海热电厂（热电联产）表'!M69 -> 1540.9105 | F30: =[3]北海!G29 -> 1156.2882 | G30: ='[6]26.1'!$E$34/10000 -> 1344.1323 | H30: ='[6]26.1'!$K$34/10000 -> 1344.1323 | I30: =IFERROR(H30/D30,"-") -> - | J30: =IFERROR(G30-E30,"-") -> -196.77817 | K30: =IFERROR(J30/E30,"-") -> -0.12770254 | L30: =IFERROR(G30-F30,"-") -> 187.84404 | M30: =IFERROR(L30/F30,"-") -> 0.16245434
A31: 单耗与效率 | B31: 综合厂用电率 | C31: % | D31: =D27/D3 -> #DIV/0! | E31: =E27/E3 -> 0.3100765 | F31: =[3]北海!G30 -> 0.32243275 | G31: =G27/G3 -> 0.38858082 | H31: =H27/H3 -> 0.38858082 | I31: - | J31: =IFERROR(G31-E31,"-") -> 0.078504328 | K31: - | L31: =IFERROR(G31-F31,"-") -> 0.066148072 | M31: -
B32: 发电厂用电率 | C32: % | D32: =D29/D3 -> #DIV/0! | E32: =E29/E3 -> 0.047602691 | F32: =[3]北海!G31 -> 0.044949326 | G32: =G29/G3 -> 0.05881291 | H32: =H29/H3 -> 0.05881291 | I32: - | J32: =IFERROR(G32-E32,"-") -> 0.011210219 | K32: - | L32: =IFERROR(G32-F32,"-") -> 0.013863584 | M32: -
B33: 供热厂用电率 | C33: 千瓦时/吉焦 | D33: =D30*10000/D6 -> #DIV/0! | E33: =E30*10000/E6 -> 12.87937 | F33: =[3]北海!G32 -> 12.012977 | G33: =G30*10000/G6 -> 13.712429 | H33: =H30*10000/H6 -> 13.712429 | I33: =IFERROR(H33/D33,"-") -> - | J33: =IFERROR(G33-E33,"-") -> 0.83305884 | K33: =IFERROR(J33/E33,"-") -> 0.064681647 | L33: =IFERROR(G33-F33,"-") -> 1.6994511 | M33: =IFERROR(L33/F33,"-") -> 0.14146793
B34: 发电煤耗率 | C34: 克/千瓦时 | D34: =D8*100/D3 -> #DIV/0! | E34: =E8*100/E3 -> 144.64521 | F34: =[3]北海!G33 -> 146.75599 | G34: =G8*100/G3 -> 161.94024 | H34: =H8*100/H3 -> 161.94024 | I34: =IFERROR(H34/D34,"-") -> - | J34: =IFERROR(G34-E34,"-") -> 17.295026 | K34: =IFERROR(J34/E34,"-") -> 0.11956861 | L34: =IFERROR(G34-F34,"-") -> 15.184253 | M34: =IFERROR(L34/F34,"-") -> 0.10346599
B35: 供电煤耗率 | C35: 克/千瓦时 | D35: =D8*100/(D3-D29) -> #DIV/0! | E35: =E8*100/(E3-E29) -> 151.87486 | F35: =[3]北海!G34 -> 153.66304 | G35: =G8*100/(G3-G29) -> 172.05956 | H35: =H8*100/(H3-H29) -> 172.05956 | I35: =IFERROR(H35/D35,"-") -> - | J35: =IFERROR(G35-E35,"-") -> 20.184698 | K35: =IFERROR(J35/E35,"-") -> 0.13290348 | L35: =IFERROR(G35-F35,"-") -> 18.396527 | M35: =IFERROR(L35/F35,"-") -> 0.11971992
B36: 供热煤耗率 | C36: 千克/吉焦 | D36: =D9*1000/D6 -> #DIV/0! | E36: =E9*1000/E6 -> 39.135165 | F36: =[3]北海!G35 -> 39.22157 | G36: =G9*1000/G6 -> 37.756913 | H36: =H9*1000/H6 -> 37.756913 | I36: =IFERROR(H36/D36,"-") -> - | J36: =IFERROR(G36-E36,"-") -> -1.3782515 | K36: =IFERROR(J36/E36,"-") -> -0.035217726 | L36: =IFERROR(G36-F36,"-") -> -1.464657 | M36: =IFERROR(L36/F36,"-") -> -0.03734315
B37: 发电水耗率 | C37: 吨/万千瓦时 | D37: =((D22-D5)*(1-D45))/D3 -> #DIV/0! | E37: =((E22-E5)*(1-E45))/E3 -> 2.4197893 | F37: =[3]北海!G36 -> 3.7006775 | G37: ='[6]26.1'!$E$69 -> 2.3666308 | H37: ='[6]26.1'!$K$69 -> 2.3666308 | I37: =IFERROR(H37/D37,"-") -> - | J37: =IFERROR(G37-E37,"-") -> -0.053158567 | K37: =IFERROR(J37/E37,"-") -> -0.021968262 | L37: =IFERROR(G37-F37,"-") -> -1.3340467 | M37: =IFERROR(L37/F37,"-") -> -0.36048716
B38: 供热水耗率 | C38: 吨/吉焦 | D38: =((D22-D5)*D45+D5)/D6 -> #DIV/0! | E38: =((E22-E5)*E45+E5)/E6 -> 0.08971797 | F38: =[3]北海!G37 -> 0.12904349 | G38: ='[6]26.1'!$E$70 -> 0.091338706 | H38: ='[6]26.1'!$K$70 -> 0.091338706 | I38: =IFERROR(H38/D38,"-") -> - | J38: =IFERROR(G38-E38,"-") -> 0.0016207364 | K38: =IFERROR(J38/E38,"-") -> 0.018064792 | L38: =IFERROR(G38-F38,"-") -> -0.037704783 | M38: =IFERROR(L38/F38,"-") -> -0.29218664
B39: 入厂煤量 | C39: 吨 | D39: 0 | E39: 0 | F39: =[3]北海!G38 -> 80115 | G39: ='[6]26.1'!$E$57 -> 26761 | H39: ='[6]26.1'!$K$57 -> 26761 | I39: =IFERROR(H39/D39,"-") -> - | J39: =IFERROR(G39-E39,"-") -> 26761 | K39: =IFERROR(J39/E39,"-") -> - | L39: =IFERROR(G39-F39,"-") -> -53354 | M39: =IFERROR(L39/F39,"-") -> -0.66596767
B40: 期末库存煤量 | C40: 吨 | D40: 0 | E40: 0 | F40: =[3]北海!G39 -> 57922 | G40: =H40 -> 42846 | H40: ='[6]26.1'!$K$59 -> 42846 | I40: =IFERROR(H40/D40,"-") -> - | J40: =IFERROR(G40-E40,"-") -> 42846 | K40: =IFERROR(J40/E40,"-") -> - | L40: =IFERROR(G40-F40,"-") -> -15076 | M40: =IFERROR(L40/F40,"-") -> -0.26028107
B41: 入炉煤低位发热量 | C41: 千焦/千克 | D41: =(D10-1.4571*D24)*29308/D12 -> #DIV/0! | E41: =(E10-1.4571*E24)*29308/E12 -> 20006.461 | F41: =[3]北海!G40 -> 20673.222 | G41: ='[6]26.1'!$E$48 -> 20068.073 | H41: ='[6]26.1'!$K$48 -> 20068.073 | I41: =IFERROR(H41/D41,"-") -> - | J41: =IFERROR(G41-E41,"-") -> 61.612131 | K41: =IFERROR(J41/E41,"-") -> 0.0030796116 | L41: =IFERROR(G41-F41,"-") -> -605.14819 | M41: =IFERROR(L41/F41,"-") -> -0.02927208
B42: 入厂煤低位发热量 | C42: 千焦/千克 | D42: 0 | E42: 0 | F42: =[3]北海!G41 -> 20158.763 | G42: ='[6]26.1'!$E$49 -> 20159.494 | H42: ='[6]26.1'!$K$49 -> 20159.494 | I42: =IFERROR(H42/D42,"-") -> - | J42: =IFERROR(G42-E42,"-") -> 20159.494 | K42: =IFERROR(J42/E42,"-") -> - | L42: =IFERROR(G42-F42,"-") -> 0.73062519 | M42: =IFERROR(L42/F42,"-") -> 3.6243553e-05
B43: 总热效率 | C43: % | D43: =(D6*1000+D4*36000)/(D10*7000*4.1868) -> #DIV/0! | E43: =(E6*1000+E4*36000)/(E10*7000*4.1868) -> 0.81759983 | F43: =[3]北海!G42 -> 0.81420489 | G43: =(G6*1000+G4*36000)/(G10*7000*4.1868) -> 0.81131213 | H43: =(H6*1000+H4*36000)/(H10*7000*4.1868) -> 0.81131213 | I43: - | J43: =IFERROR(G43-E43,"-") -> -0.0062877047 | K43: - | L43: =IFERROR(G43-F43,"-") -> -0.002892764 | M43: -
B44: 热电比 | C44: % | D44: =D6*100/(D4*3600) -> #DIV/0! | E44: =E6*100/(E4*3600) -> 6.3532445 | F44: =[3]北海!G43 -> 6.7989073 | G44: =G6*100/(G4*3600) -> 7.3301702 | H44: =H6*100/(H4*3600) -> 7.3301702 | I44: - | J44: =IFERROR(G44-E44,"-") -> 0.9769257 | K44: - | L44: =IFERROR(G44-F44,"-") -> 0.53126288 | M44: -
B45: 热分摊比 | C45: % | D45: =D9/D10 -> #DIV/0! | E45: =E9/E10 -> 0.8102234 | F45: =[3]北海!G44 -> 0.81591385 | G45: ='[6]26.1'!$E$54 -> 0.789996 | H45: ='[6]26.1'!$K$54 -> 0.789996 | I45: - | J45: =IFERROR(G45-E45,"-") -> -0.020227399 | K45: - | L45: =IFERROR(G45-F45,"-") -> -0.025917848 | M45: -
A46: 设备利用率 | B46: 发电设备利用率 | C46: % | D46: =D3/10/8760 -> 0 | E46: =E3/10/(DAY(DATE(2026,2,0))*24) -> 1.019086 | F46: =[3]北海!G45 -> 0.78009677 | G46: =G3/10/(DAY(DATE(2026,2,0))*24) -> 0.81658065 | H46: =H3/10/(DATEDIF(DATE(2026,1,1),DATE(2026,2,1),"D")*24) -> 0.81658065 | I46: - | J46: =IFERROR(G46-E46,"-") -> -0.20250538 | K46: - | L46: =IFERROR(G46-F46,"-") -> 0.036483871 | M46: -
B47: 供热设备利用率 | C47: % | D47: =D6*1000/577/(8760*3600) -> 0 | E47: =E6*1000/577/((DAY(DATE(2026,2,0))*24)*3600) -> 0.77416145 | F47: =[3]北海!G46 -> 0.62282236 | G47: =G6*1000/577/((DAY(DATE(2026,2,0))*24)*3600) -> 0.63427323 | H47: =H6*1000/577/((DATEDIF(DATE(2026,1,1),DATE(2026,2,1),"D")*24)*3600) -> 0.63427323 | I47: - | J47: =IFERROR(G47-E47,"-") -> -0.13988822 | K47: - | L47: =IFERROR(G47-F47,"-") -> 0.011450872 | M47: -

Sheet 北海水炉
A1: 指标类别 | B1: 项 目 | C1: 计量单位 | D1: 本年计划 | E1: 本月计划 | F1: 上年同期 | G1: 本月实际 | H1: 本年累计 | I1: 年计划 完成率 | J1: 与月计划比较 | L1: 与上年同期比较
J2: 差异 | K2: ±% | L2: 差异 | M2: ±%
A3: 产销指标 | B3: 装机总容量 | C3: 兆瓦 | D3: =3*116 -> 348 | E3: =3*116 -> 348 | F3: 348 | G3: ='[7]26.1'!$D$3 -> 348 | H3: ='[7]26.1'!$I$3 -> 348 | I3: =IFERROR(H3/D3,"-") -> 1 | J3: =IFERROR(G3-E3,"-") -> 0 | K3: =IFERROR(J3/E3,"-") -> 0 | L3: =IFERROR(G3-F3,"-") -> 0 | M3: =IFERROR(L3/F3,"-") -> 0
B4: 供热量 | C4: 吉焦 | E4: ='[2]6.北海热电厂（水炉）表'!$M$8 -> 352330 | F4: =[3]北海水炉!$G$4 -> 429418 | G4: ='[7]26.1'!$D$8 -> 740710 | H4: ='[7]26.1'!$I$8 -> 740710 | I4: =IFERROR(H4/D4,"-") -> - | J4: =IFERROR(G4-E4,"-") -> 388380 | K4: =IFERROR(J4/E4,"-") -> 1.1023188 | L4: =IFERROR(G4-F4,"-") -> 311292 | M4: =IFERROR(L4/F4,"-") -> 0.72491605
A5: 消耗指标 | B5: 生产耗原煤量 | C5: 吨 | E5: ='[2]6.北海热电厂（水炉）表'!$M$26 -> 20712.222 | F5: =[3]北海水炉!G5 -> 26656 | G5: ='[7]26.1'!$D$10 -> 42844 | H5: ='[7]26.1'!$I$10 -> 42844 | I5: =IFERROR(H5/D5,"-") -> - | J5: =IFERROR(G5-E5,"-") -> 22131.778 | K5: =IFERROR(J5/E5,"-") -> 1.0685371 | L5: =IFERROR(G5-F5,"-") -> 16188 | M5: =IFERROR(L5/F5,"-") -> 0.60729292
B6: 耗油量 | C6: 吨 | E6: ='[2]6.北海热电厂（水炉）表'!$M$37 -> 17 | F6: =[3]北海水炉!G6 -> 17.1 | G6: ='[7]26.1'!$D$11 -> 9 | H6: ='[7]26.1'!$I$11 -> 9 | I6: =IFERROR(H6/D6,"-") -> - | J6: =IFERROR(G6-E6,"-") -> -8 | K6: =IFERROR(J6/E6,"-") -> -0.47058824 | L6: =IFERROR(G6-F6,"-") -> -8.1 | M6: =IFERROR(L6/F6,"-") -> -0.47368421
B7: 耗标煤总量 | C7: 吨 | E7: ='[2]6.北海热电厂（水炉）表'!$M$29 -> 13340 | F7: =[3]北海水炉!G7 -> 16413.64 | G7: ='[7]26.1'!$D$12 -> 27625.918 | H7: ='[7]26.1'!$I$12 -> 27625.918 | I7: =IFERROR(H7/D7,"-") -> - | J7: =IFERROR(G7-E7,"-") -> 14285.918 | K7: =IFERROR(J7/E7,"-") -> 1.0709084 | L7: =IFERROR(G7-F7,"-") -> 11212.278 | M7: =IFERROR(L7/F7,"-") -> 0.68310736
B8: 其中：煤折标煤量 | C8: 吨 | D8: =D7-1.4571*D6 -> 0 | E8: =E7-1.4571*E6 -> 13315.229 | F8: =F7-1.4571*F6 -> 16388.724 | G8: ='[7]26.1'!$D$13 -> 27612.804 | H8: ='[7]26.1'!$I$13 -> 27612.804 | I8: =IFERROR(H8/D8,"-") -> - | J8: =IFERROR(G8-E8,"-") -> 14297.575 | K8: =IFERROR(J8/E8,"-") -> 1.0737761 | L8: =IFERROR(G8-F8,"-") -> 11224.081 | M8: =IFERROR(L8/F8,"-") -> 0.68486607
B9: 电厂耗水量 | C9: 吨 | E9: ='[2]6.北海热电厂（水炉）表'!$M$42 -> 10607 | F9: =[3]北海水炉!G9 -> 10607 | G9: ='[7]26.1'!$D$15 -> 14442 | H9: ='[7]26.1'!$I$15 -> 14442 | I9: =IFERROR(H9/D9,"-") -> - | J9: =IFERROR(G9-E9,"-") -> 3835 | K9: =IFERROR(J9/E9,"-") -> 0.36155369 | L9: =IFERROR(G9-F9,"-") -> 3835 | M9: =IFERROR(L9/F9,"-") -> 0.36155369
B10: 其中：耗再生水量 | C10: 吨 | E10: ='[2]6.北海热电厂（水炉）表'!$M$51 -> 2800 | F10: =[3]北海水炉!G10 -> 2800 | G10: ='[7]26.1'!$D$16 -> 300 | H10: ='[7]26.1'!$I$16 -> 300 | I10: =IFERROR(H10/D10,"-") -> - | J10: =IFERROR(G10-E10,"-") -> -2500 | K10: =IFERROR(J10/E10,"-") -> -0.89285714 | L10: =IFERROR(G10-F10,"-") -> -2500 | M10: =IFERROR(L10/F10,"-") -> -0.89285714
B11: 耗电量 | C11: 万千瓦时 | E11: ='[2]6.北海热电厂（水炉）表'!$M$64 -> 259.02715 | F11: =[3]北海水炉!G11 -> 302.79476 | G11: ='[7]26.1'!$D$17/10000 -> 508.89136 | H11: ='[7]26.1'!$I$17/10000 -> 508.89136 | I11: =IFERROR(H11/D11,"-") -> - | J11: =IFERROR(G11-E11,"-") -> 249.86421 | K11: =IFERROR(J11/E11,"-") -> 0.96462558 | L11: =IFERROR(G11-F11,"-") -> 206.0966 | M11: =IFERROR(L11/F11,"-") -> 0.68064784
B12: 其中：耗厂用电量 | C12: 万千瓦时 | D12: =D11-D13 -> 0 | E12: ='[2]6.北海热电厂（水炉）表'!$M$69 -> 259.02715 | F12: =[3]北海水炉!G12 -> 302.79476 | G12: ='[7]26.1'!$D$18/10000 -> 508.89136 | H12: ='[7]26.1'!$I$18/10000 -> 508.89136 | I12: =IFERROR(H12/D12,"-") -> - | J12: =IFERROR(G12-E12,"-") -> 249.86421 | K12: =IFERROR(J12/E12,"-") -> 0.96462558 | L12: =IFERROR(G12-F12,"-") -> 206.0966 | M12: =IFERROR(L12/F12,"-") -> 0.68064784
B13: 耗外购电量 | C13: 万千瓦时 | E13: ='[2]6.北海热电厂（水炉）表'!$M$70 -> 0 | F13: =[3]北海水炉!G13 -> 0 | G13: ='[7]26.1'!$D$19/10000 -> 0 | H13: ='[7]26.1'!$I$19/10000 -> 0 | I13: =IFERROR(H13/D13,"-") -> - | J13: =IFERROR(G13-E13,"-") -> 0 | K13: =IFERROR(J13/E13,"-") -> - | L13: =IFERROR(G13-F13,"-") -> 0 | M13: =IFERROR(L13/F13,"-") -> -
B14: 脱硫脱硝耗水量 | C14: 吨 | E14: ='[2]6.北海热电厂（水炉）表'!$M$75 -> 6963 | F14: =[3]北海水炉!G14 -> 6963 | G14: ='[7]26.1'!$D$20 -> 13000 | H14: ='[7]26.1'!$I$20 -> 13000 | I14: =IFERROR(H14/D14,"-") -> - | J14: =IFERROR(G14-E14,"-") -> 6037 | K14: =IFERROR(J14/E14,"-") -> 0.86701135 | L14: =IFERROR(G14-F14,"-") -> 6037 | M14: =IFERROR(L14/F14,"-") -> 0.86701135
B15: 脱硫脱硝耗电量 | C15: 千瓦时 | E15: ='[2]6.北海热电厂（水炉）表'!$M$76*10000 -> 37019 | F15: =[3]北海水炉!G15 -> 367085 | G15: ='[7]26.1'!$D$21 -> 571020.4 | H15: ='[7]26.1'!$I$21 -> 571020.4 | I15: =IFERROR(H15/D15,"-") -> - | J15: =IFERROR(G15-E15,"-") -> 534001.4 | K15: =IFERROR(J15/E15,"-") -> 14.425063 | L15: =IFERROR(G15-F15,"-") -> 203935.4 | M15: =IFERROR(L15/F15,"-") -> 0.55555362
B16: 耗石灰石粉量 | C16: 吨 | E16: ='[2]6.北海热电厂（水炉）表'!$M$55 -> 491 | F16: =[3]北海水炉!G16 -> 310 | G16: ='[7]26.1'!$D$22 -> 734.29 | H16: ='[7]26.1'!$I$22 -> 734.29 | I16: =IFERROR(H16/D16,"-") -> - | J16: =IFERROR(G16-E16,"-") -> 243.29 | K16: =IFERROR(J16/E16,"-") -> 0.49549898 | L16: =IFERROR(G16-F16,"-") -> 424.29 | M16: =IFERROR(L16/F16,"-") -> 1.3686774
B17: 耗氨水量 | C17: 吨 | E17: ='[2]6.北海热电厂（水炉）表'!$M$56 -> 99 | F17: =[3]北海水炉!G17 -> 143.67 | G17: ='[7]26.1'!$D$23 -> 253.8 | H17: ='[7]26.1'!$I$23 -> 253.8 | I17: =IFERROR(H17/D17,"-") -> - | J17: =IFERROR(G17-E17,"-") -> 154.8 | K17: =IFERROR(J17/E17,"-") -> 1.5636364 | L17: =IFERROR(G17-F17,"-") -> 110.13 | M17: =IFERROR(L17/F17,"-") -> 0.76654834
A18: 单耗与效率 | B18: 供热用电率 | C18: 千瓦时/吉焦 | D18: =D11*10000/D4 -> #DIV/0! | E18: =E11*10000/E4 -> 7.3518334 | F18: =[3]北海水炉!G18 -> 7.0512824 | G18: ='[7]26.1'!$D$24 -> 6.8703185 | H18: ='[7]26.1'!$I$24 -> 6.8703185 | I18: =IFERROR(H18/D18,"-") -> - | J18: =IFERROR(G18-E18,"-") -> -0.48151495 | K18: =IFERROR(J18/E18,"-") -> -0.0654959 | L18: =IFERROR(G18-F18,"-") -> -0.18096396 | M18: =IFERROR(L18/F18,"-") -> -0.025663978
B19: 供热煤耗率 | C19: 千克/吉焦 | D19: =D7*1000/D4 -> #DIV/0! | E19: =E7*1000/E4 -> 37.862231 | F19: =[3]北海水炉!G19 -> 38.22299 | G19: ='[7]26.1'!$D$25 -> 37.296537 | H19: ='[7]26.1'!$I$25 -> 37.296537 | I19: =IFERROR(H19/D19,"-") -> - | J19: =IFERROR(G19-E19,"-") -> -0.56569398 | K19: =IFERROR(J19/E19,"-") -> -0.014940852 | L19: =IFERROR(G19-F19,"-") -> -0.92645274 | M19: =IFERROR(L19/F19,"-") -> -0.024238102
B20: 入炉煤低位发热量 | C20: 千焦/千克 | D20: =D7/D5*29308 -> #DIV/0! | E20: =(E7-E6*1.4571)*29308/E5 -> 18841.182 | F20: =[3]北海水炉!G20 -> 18019.23 | G20: ='[7]26.1'!$D$28 -> 18888.901 | H20: ='[7]26.1'!$I$28 -> 18888.901 | I20: =IFERROR(H20/D20,"-") -> - | J20: =IFERROR(G20-E20,"-") -> 47.719292 | K20: =IFERROR(J20/E20,"-") -> 0.0025327123 | L20: =IFERROR(G20-F20,"-") -> 869.67049 | M20: =IFERROR(L20/F20,"-") -> 0.048263465
B21: 锅炉热效率 | C21: % | D21: =D4/(D7*29.308) -> #DIV/0! | E21: =E4/(E7*29.308) -> 0.90117184 | F21: =[3]北海水炉!G21 -> 0.89266634 | G21: ='[7]26.1'!$D$30 -> 0.91484033 | H21: ='[7]26.1'!$I$30 -> 0.91484033 | I21: - | J21: =IFERROR(G21-E21,"-") -> 0.013668494 | K21: - | L21: =IFERROR(G21-F21,"-") -> 0.022173993 | M21: -
A22: 设备利用率 | B22: 锅炉设备利用率 | C22: % | D22: =D4/3.6/D3/(365*24) -> 0 | E22: =E4/3.6/E3/(DAY(DATE(2026,2,0))*24) -> 0.37800274 | F22: =[3]北海水炉!G22 -> 0.4607078 | G22: ='[7]26.1'!$D$31 -> 0.79468228 | H22: ='[7]26.1'!$I$31 -> 0.79468228 | I22: - | J22: =IFERROR(G22-E22,"-") -> 0.41667954 | K22: - | L22: =IFERROR(G22-F22,"-") -> 0.33397448 | M22: -

Sheet 香海
A1: 指标类别 | B1: 项 目 | C1: 计量单位 | D1: 本年计划 | E1: 本月计划 | F1: 上年同期 | G1: 本月实际 | H1: 本年累计 | I1: 年计划 完成率 | J1: 与月计划比较 | L1: 与上年同期比较
J2: 差异 | K2: ±% | L2: 差异 | M2: ±%
A3: 产销指标 | B3: 发电量 | C3: 万千瓦时 | E3: ='[2]8.香海热电厂表'!$M$7 -> 5849 | F3: =[3]香海!G3 -> 5823.936 | G3: ='[6]26.1'!$F$7/10000 -> 5767.632 | H3: ='[6]26.1'!$L$7/10000 -> 5767.632 | I3: =IFERROR(H3/D3,"-") -> - | J3: =IFERROR(G3-E3,"-") -> -81.368 | K3: =IFERROR(J3/E3,"-") -> -0.013911438 | L3: =IFERROR(G3-F3,"-") -> -56.304 | M3: =IFERROR(L3/F3,"-") -> -0.0096676887
B4: 售电量 | C4: 万千瓦时 | E4: ='[2]8.香海热电厂表'!$M$14 -> 4387 | F4: =[3]香海!G4 -> 4365.4248 | G4: ='[6]26.1'!$F$8/10000 -> 4113.7272 | H4: ='[6]26.1'!$L$8/10000 -> 4113.7272 | I4: =IFERROR(H4/D4,"-") -> - | J4: =IFERROR(G4-E4,"-") -> -273.2728 | K4: =IFERROR(J4/E4,"-") -> -0.062291498 | L4: =IFERROR(G4-F4,"-") -> -251.6976 | M4: =IFERROR(L4/F4,"-") -> -0.057657069
B5: 供汽量 | C5: 吨 | E5: ='[2]8.香海热电厂表'!$M$9 -> 65000 | F5: =[3]香海!G5 -> 64839 | G5: ='[6]26.1'!$F$12 -> 77888 | H5: ='[6]26.1'!$L$12 -> 77888 | I5: =IFERROR(H5/D5,"-") -> - | J5: =IFERROR(G5-E5,"-") -> 12888 | K5: =IFERROR(J5/E5,"-") -> 0.19827692 | L5: =IFERROR(G5-F5,"-") -> 13049 | M5: =IFERROR(L5/F5,"-") -> 0.20125233
B6: 供热量 | C6: 吉焦 | E6: ='[2]8.香海热电厂表'!$M$8 -> 835500.11 | F6: =[3]香海!G6 -> 840392.89 | G6: ='[6]26.1'!$F$9 -> 967138.54 | H6: ='[6]26.1'!$L$9 -> 967138.54 | I6: =IFERROR(H6/D6,"-") -> - | J6: =IFERROR(G6-E6,"-") -> 131638.43 | K6: =IFERROR(J6/E6,"-") -> 0.15755645 | L6: =IFERROR(G6-F6,"-") -> 126745.66 | M6: =IFERROR(L6/F6,"-") -> 0.15081714
B7: 其中：低真空供热量 | C7: 吉焦 | E7: ='[2]8.香海热电厂表'!$M$11 -> 222082 | F7: =[3]香海!G7 -> 217507 | G7: ='[6]26.1'!$F$10 -> 264848 | H7: ='[6]26.1'!$L$10 -> 264848 | I7: =IFERROR(H7/D7,"-") -> - | J7: =IFERROR(G7-E7,"-") -> 42766 | K7: =IFERROR(J7/E7,"-") -> 0.19256851 | L7: =IFERROR(G7-F7,"-") -> 47341 | M7: =IFERROR(L7/F7,"-") -> 0.21765277
B8: 首站供热量 | C8: 吉焦 | E8: ='[2]8.香海热电厂表'!$M$10 -> 421558 | F8: =[3]香海!G8 -> 431501 | G8: ='[6]26.1'!$F$11 -> 472389 | H8: ='[6]26.1'!$L$11 -> 472389 | I8: =IFERROR(H8/D8,"-") -> - | J8: =IFERROR(G8-E8,"-") -> 50831 | K8: =IFERROR(J8/E8,"-") -> 0.1205789 | L8: =IFERROR(G8-F8,"-") -> 40888 | M8: =IFERROR(L8/F8,"-") -> 0.094757602
A9: 消耗指标 | B9: 发电耗标煤量 | C9: 吨 | E9: ='[2]8.香海热电厂表'!$M$30 -> 7329 | F9: =[3]香海!G9 -> 7619 | G9: ='[6]26.1'!$F$39 -> 8551.1287 | H9: ='[6]26.1'!$L$39 -> 8551.1287 | I9: =IFERROR(H9/D9,"-") -> - | J9: =IFERROR(G9-E9,"-") -> 1222.1287 | K9: =IFERROR(J9/E9,"-") -> 0.16675245 | L9: =IFERROR(G9-F9,"-") -> 932.12868 | M9: =IFERROR(L9/F9,"-") -> 0.12234265
B10: 供热耗标煤量 | C10: 吨 | E10: ='[2]8.香海热电厂表'!$M$33 -> 33708 | F10: =[3]香海!G10 -> 33277.557 | G10: ='[6]26.1'!$F$42 -> 39435.003 | H10: ='[6]26.1'!$L$42 -> 39435.003 | I10: =IFERROR(H10/D10,"-") -> - | J10: =IFERROR(G10-E10,"-") -> 5727.0031 | K10: =IFERROR(J10/E10,"-") -> 0.16990041 | L10: =IFERROR(G10-F10,"-") -> 6157.4461 | M10: =IFERROR(L10/F10,"-") -> 0.185033
B11: 耗标煤总量 | C11: 吨 | E11: ='[2]8.香海热电厂表'!$M$29 -> 41037 | F11: =[3]香海!G11 -> 40896.557 | G11: ='[6]26.1'!$F$38 -> 47986.132 | H11: =SUM(H9:H10) -> 47986.132 | I11: =IFERROR(H11/D11,"-") -> - | J11: =IFERROR(G11-E11,"-") -> 6949.1317 | K11: =IFERROR(J11/E11,"-") -> 0.1693382 | L11: =IFERROR(G11-F11,"-") -> 7089.5748 | M11: =IFERROR(L11/F11,"-") -> 0.17335383
B12: 其中：煤折标煤量 | C12: 吨 | D12: =D11-1.4571*D23 -> 0 | E12: =E11-1.4571*E23 -> 41025.343 | F12: =F11-1.4571*F23 -> 40874.7 | G12: ='[6]26.1'!$F$40+'[6]26.1'!$F$43 -> 47949.704 | H12: ='[6]26.1'!$L$40+'[6]26.1'!$L$43 -> 47949.704 | I12: =IFERROR(H12/D12,"-") -> - | J12: =IFERROR(G12-E12,"-") -> 6924.361 | K12: =IFERROR(J12/E12,"-") -> 0.16878253 | L12: =IFERROR(G12-F12,"-") -> 7075.0038 | M12: =IFERROR(L12/F12,"-") -> 0.17309005
B13: 生产耗原煤量 | C13: 吨 | E13: ='[2]8.香海热电厂表'!$M$26 -> 59828 | F13: =[3]香海!G13 -> 61990 | G13: ='[6]26.1'!$F$14 -> 73239 | H13: ='[6]26.1'!$L$14 -> 73239 | I13: =IFERROR(H13/D13,"-") -> - | J13: =IFERROR(G13-E13,"-") -> 13411 | K13: =IFERROR(J13/E13,"-") -> 0.22415926 | L13: =IFERROR(G13-F13,"-") -> 11249 | M13: =IFERROR(L13/F13,"-") -> 0.18146475
B14: 耗碱量 | C14: 吨 | E14: ='[2]8.香海热电厂表'!$M$53 -> 37 | F14: =[3]香海!G14 -> 37 | G14: ='[6]26.1'!$F$23 -> 32 | H14: ='[6]26.1'!$L$23 -> 32 | I14: =IFERROR(H14/D14,"-") -> - | J14: =IFERROR(G14-E14,"-") -> -5 | K14: =IFERROR(J14/E14,"-") -> -0.13513514 | L14: =IFERROR(G14-F14,"-") -> -5 | M14: =IFERROR(L14/F14,"-") -> -0.13513514
B15: 耗酸量 | C15: 吨 | E15: ='[2]8.香海热电厂表'!$M$52 -> 46 | F15: =[3]香海!G15 -> 46 | G15: ='[6]26.1'!$F$22 -> 40 | H15: ='[6]26.1'!$L$22 -> 40 | I15: =IFERROR(H15/D15,"-") -> - | J15: =IFERROR(G15-E15,"-") -> -6 | K15: =IFERROR(J15/E15,"-") -> -0.13043478 | L15: =IFERROR(G15-F15,"-") -> -6 | M15: =IFERROR(L15/F15,"-") -> -0.13043478
B16: 耗氨水量 | C16: 吨 | E16: ='[2]8.香海热电厂表'!$M$56 -> 130 | F16: =[3]香海!G16 -> 113 | G16: ='[6]26.1'!$F$26 -> 201 | H16: ='[6]26.1'!$L$26 -> 201 | I16: =IFERROR(H16/D16,"-") -> - | J16: =IFERROR(G16-E16,"-") -> 71 | K16: =IFERROR(J16/E16,"-") -> 0.54615385 | L16: =IFERROR(G16-F16,"-") -> 88 | M16: =IFERROR(L16/F16,"-") -> 0.77876106
B17: 耗阻垢剂量 | C17: 吨 | E17: ='[2]8.香海热电厂表'!$M$59 -> 0.9 | F17: =[3]香海!G17 -> 1 | G17: ='[6]26.1'!$F$27 -> 1 | H17: ='[6]26.1'!$L$27 -> 1 | I17: =IFERROR(H17/D17,"-") -> - | J17: =IFERROR(G17-E17,"-") -> 0.1 | K17: =IFERROR(J17/E17,"-") -> 0.11111111 | L17: =IFERROR(G17-F17,"-") -> 0 | M17: =IFERROR(L17/F17,"-") -> 0
B18: 耗杀菌剂量 | C18: 吨 | E18: ='[2]8.香海热电厂表'!$M$60 -> 0 | F18: =[3]香海!G18 -> 0 | G18: ='[6]26.1'!$F$28 -> 0 | H18: ='[6]26.1'!$L$28 -> 0 | I18: =IFERROR(H18/D18,"-") -> - | J18: =IFERROR(G18-E18,"-") -> 0 | K18: =IFERROR(J18/E18,"-") -> - | L18: =IFERROR(G18-F18,"-") -> 0 | M18: =IFERROR(L18/F18,"-") -> -
B19: 脱硫脱硝耗水量 | C19: 吨 | E19: ='[2]8.香海热电厂表'!$M$75 -> 25000 | F19: =[3]香海!G19 -> 25240 | G19: ='[6]26.1'!$F$65 -> 32849 | H19: ='[6]26.1'!$L$65 -> 32849 | I19: =IFERROR(H19/D19,"-") -> - | J19: =IFERROR(G19-E19,"-") -> 7849 | K19: =IFERROR(J19/E19,"-") -> 0.31396 | L19: =IFERROR(G19-F19,"-") -> 7609 | M19: =IFERROR(L19/F19,"-") -> 0.30146593
B20: 脱硫脱硝耗电量 | C20: 千瓦时 | E20: ='[2]8.香海热电厂表'!$M$76*10000 -> 1080000 | F20: =[3]香海!G20 -> 1075554 | G20: ='[6]26.1'!$F$66 -> 1283190 | H20: ='[6]26.1'!$L$66 -> 1283190 | I20: =IFERROR(H20/D20,"-") -> - | J20: =IFERROR(G20-E20,"-") -> 203190 | K20: =IFERROR(J20/E20,"-") -> 0.18813889 | L20: =IFERROR(G20-F20,"-") -> 207636 | M20: =IFERROR(L20/F20,"-") -> 0.19305028
B21: 高温水、低真空电厂补水量 | C21: 吨 | E21: ='[2]8.香海热电厂表'!$M$43 -> 25000 | F21: =[3]香海!G21 -> 26263 | G21: ='[6]26.1'!$F$63+'[6]26.1'!$F$64 -> 25920 | H21: ='[6]26.1'!$L$63+'[6]26.1'!$L$64 -> 25920 | I21: =IFERROR(H21/D21,"-") -> - | J21: =IFERROR(G21-E21,"-") -> 920 | K21: =IFERROR(J21/E21,"-") -> 0.0368 | L21: =IFERROR(G21-F21,"-") -> -343 | M21: =IFERROR(L21/F21,"-") -> -0.013060199
B22: 电厂耗水量 | C22: 吨 | E22: ='[2]8.香海热电厂表'!$M$42 -> 165000 | F22: =[3]香海!G22 -> 162989 | G22: ='[6]26.1'!$F$20-'[6]26.1'!$F$63-'[6]26.1'!$F$64 -> 168854 | H22: ='[6]26.1'!$L$20-'[6]26.1'!$L$63-'[6]26.1'!$L$64 -> 168854 | I22: =IFERROR(H22/D22,"-") -> - | J22: =IFERROR(G22-E22,"-") -> 3854 | K22: =IFERROR(J22/E22,"-") -> 0.023357576 | L22: =IFERROR(G22-F22,"-") -> 5865 | M22: =IFERROR(L22/F22,"-") -> 0.035984023
B23: 炉耗油量 | C23: 吨 | E23: ='[2]8.香海热电厂表'!$M$37 -> 8 | F23: =[3]香海!G23 -> 15 | G23: ='[6]26.1'!$F$17 -> 25 | H23: ='[6]26.1'!$L$17 -> 25 | I23: =IFERROR(H23/D23,"-") -> - | J23: =IFERROR(G23-E23,"-") -> 17 | K23: =IFERROR(J23/E23,"-") -> 2.125 | L23: =IFERROR(G23-F23,"-") -> 10 | M23: =IFERROR(L23/F23,"-") -> 0.66666667
B24: 耗石灰石粉量 | C24: 吨 | E24: ='[2]8.香海热电厂表'!$M$55 -> 925 | F24: =[3]香海!G24 -> 840 | G24: ='[6]26.1'!$F$25 -> 854 | H24: ='[6]26.1'!$L$25 -> 854 | I24: =IFERROR(H24/D24,"-") -> - | J24: =IFERROR(G24-E24,"-") -> -71 | K24: =IFERROR(J24/E24,"-") -> -0.076756757 | L24: =IFERROR(G24-F24,"-") -> 14 | M24: =IFERROR(L24/F24,"-") -> 0.016666667
B25: 外购电量 | C25: 万千瓦时 | E25: ='[2]8.香海热电厂表'!$M$70 -> 0 | F25: =[3]香海!G25 -> 0 | G25: ='[6]26.1'!$F$60/10000 -> 0 | H25: ='[6]26.1'!$L$60/10000 -> 0 | I25: =IFERROR(H25/D25,"-") -> - | J25: =IFERROR(G25-E25,"-") -> 0 | K25: =IFERROR(J25/E25,"-") -> - | L25: =IFERROR(G25-F25,"-") -> 0 | M25: =IFERROR(L25/F25,"-") -> -
B26: 综合厂用电量 | C26: 万千瓦时 | E26: ='[2]8.香海热电厂表'!$M$65 -> 1462 | F26: =[3]香海!G26 -> 1458.5112 | G26: ='[6]26.1'!$F$30/10000 -> 1653.9048 | H26: ='[6]26.1'!$L$30/10000 -> 1653.9048 | I26: =IFERROR(H26/D26,"-") -> - | J26: =IFERROR(G26-E26,"-") -> 191.9048 | K26: =IFERROR(J26/E26,"-") -> 0.13126183 | L26: =IFERROR(G26-F26,"-") -> 195.3936 | M26: =IFERROR(L26/F26,"-") -> 0.13396784
B27: 非生产厂用电量 | C27: 万千瓦时 | D27: =D26-D28-D29 -> 0 | E27: =E26-E28-E29 -> 85 | F27: =F26-F28-F29 -> 85.107 | G27: =G26-G28-G29 -> 57.3928 | H27: =H26-H28-H29 -> 57.3928 | I27: =IFERROR(H27/D27,"-") -> - | J27: =IFERROR(G27-E27,"-") -> -27.6072 | K27: =IFERROR(J27/E27,"-") -> -0.32479059 | L27: =IFERROR(G27-F27,"-") -> -27.7142 | M27: =IFERROR(L27/F27,"-") -> -0.32563949
B28: 发电厂用电量 | C28: 万千瓦时 | E28: ='[2]8.香海热电厂表'!$M$68 -> 246 | F28: =[3]香海!G27 -> 255.8652 | G28: ='[6]26.1'!$F$33/10000 -> 284.49844 | H28: ='[6]26.1'!$L$33/10000 -> 284.49844 | I28: =IFERROR(H28/D28,"-") -> - | J28: =IFERROR(G28-E28,"-") -> 38.498438 | K28: =IFERROR(J28/E28,"-") -> 0.15649772 | L28: =IFERROR(G28-F28,"-") -> 28.633238 | M28: =IFERROR(L28/F28,"-") -> 0.11190751
B29: 供热厂用电量 | C29: 万千瓦时 | E29: ='[2]8.香海热电厂表'!$M$69 -> 1131 | F29: =[3]香海!G28 -> 1117.539 | G29: ='[6]26.1'!$F$34/10000 -> 1312.0136 | H29: ='[6]26.1'!$L$34/10000 -> 1312.0136 | I29: =IFERROR(H29/D29,"-") -> - | J29: =IFERROR(G29-E29,"-") -> 181.01356 | K29: =IFERROR(J29/E29,"-") -> 0.16004736 | L29: =IFERROR(G29-F29,"-") -> 194.47456 | M29: =IFERROR(L29/F29,"-") -> 0.17402038
A30: 单耗与效率 | B30: 综合厂用电率 | C30: % | D30: =D26/D3 -> #DIV/0! | E30: =E26/E3 -> 0.24995726 | F30: =[3]香海!G29 -> 0.25043393 | G30: =G26/G3 -> 0.2867563 | H30: =H26/H3 -> 0.2867563 | I30: - | J30: =IFERROR(G30-E30,"-") -> 0.03679904 | K30: - | L30: =IFERROR(G30-F30,"-") -> 0.036322365 | M30: -
B31: 发电厂用电率 | C31: % | D31: =D28/D3 -> #DIV/0! | E31: =E28/E3 -> 0.042058472 | F31: =[3]香海!G30 -> 0.043933381 | G31: =G28/G3 -> 0.049326732 | H31: =H28/H3 -> 0.049326732 | I31: - | J31: =IFERROR(G31-E31,"-") -> 0.0072682605 | K31: - | L31: =IFERROR(G31-F31,"-") -> 0.0053933509 | M31: -
B32: 供热厂用电率 | C32: 千瓦时/吉焦 | D32: =D29*10000/D6 -> #DIV/0! | E32: =E29*10000/E6 -> 13.536803 | F32: =[3]香海!G31 -> 13.297816 | G32: =G29*10000/G6 -> 13.565932 | H32: =H29*10000/H6 -> 13.565932 | I32: =IFERROR(H32/D32,"-") -> - | J32: =IFERROR(G32-E32,"-") -> 0.029129388 | K32: =IFERROR(J32/E32,"-") -> 0.0021518662 | L32: =IFERROR(G32-F32,"-") -> 0.26811589 | M32: =IFERROR(L32/F32,"-") -> 0.020162401
B33: 发电煤耗率 | C33: 克/千瓦时 | D33: =D9*100/D3 -> #DIV/0! | E33: =E9*100/E3 -> 125.30347 | F33: =[3]香海!G32 -> 130.82218 | G33: =G9*100/G3 -> 148.26065 | H33: =H9*100/H3 -> 148.26065 | I33: =IFERROR(H33/D33,"-") -> - | J33: =IFERROR(G33-E33,"-") -> 22.957179 | K33: =IFERROR(J33/E33,"-") -> 0.18321264 | L33: =IFERROR(G33-F33,"-") -> 17.43847 | M33: =IFERROR(L33/F33,"-") -> 0.13329904
B34: 供电煤耗率 | C34: 克/千瓦时 | D34: =D9*100/(D3-D28) -> #DIV/0! | E34: =E9*100/(E3-E28) -> 130.80493 | F34: =[3]香海!G33 -> 136.83375 | G34: =G9*100/(G3-G28) -> 155.95332 | H34: =H9*100/(H3-H28) -> 155.95332 | I34: =IFERROR(H34/D34,"-") -> - | J34: =IFERROR(G34-E34,"-") -> 25.148391 | K34: =IFERROR(J34/E34,"-") -> 0.19225875 | L34: =IFERROR(G34-F34,"-") -> 19.119569 | M34: =IFERROR(L34/F34,"-") -> 0.13972846
B35: 供热煤耗率 | C35: 千克/吉焦 | D35: =D10*1000/D6 -> #DIV/0! | E35: =E10*1000/E6 -> 40.344698 | F35: =[3]香海!G34 -> 39.597619 | G35: =G10*1000/G6 -> 40.774927 | H35: =H10*1000/H6 -> 40.774927 | I35: =IFERROR(H35/D35,"-") -> - | J35: =IFERROR(G35-E35,"-") -> 0.43022814 | K35: =IFERROR(J35/E35,"-") -> 0.010663808 | L35: =IFERROR(G35-F35,"-") -> 1.1773081 | M35: =IFERROR(L35/F35,"-") -> 0.02973179
B36: 发电水耗率 | C36: 吨/万千瓦时 | D36: =((D22-D5)*(1-D44))/D3 -> #DIV/0! | E36: =((E22-E5)*(1-E44))/E3 -> 3.0534267 | F36: =[3]香海!G35 -> 3.2485018 | G36: ='[6]26.1'!$F$69 -> 2.8105367 | H36: ='[6]26.1'!$L$69 -> 2.8105367 | I36: =IFERROR(H36/D36,"-") -> - | J36: =IFERROR(G36-E36,"-") -> -0.24289002 | K36: =IFERROR(J36/E36,"-") -> -0.0795467 | L36: =IFERROR(G36-F36,"-") -> -0.43796515 | M36: =IFERROR(L36/F36,"-") -> -0.13482066
B37: 供热水耗率 | C37: 吨/吉焦 | D37: =((D22-D5)*D44+D5)/D6 -> #DIV/0! | E37: =((E22-E5)*E44+E5)/E6 -> 0.1761107 | F37: =[3]香海!G36 -> 0.17547975 | G37: ='[6]26.1'!$F$70 -> 0.1578304 | H37: ='[6]26.1'!$L$70 -> 0.1578304 | I37: =IFERROR(H37/D37,"-") -> - | J37: =IFERROR(G37-E37,"-") -> -0.018280302 | K37: =IFERROR(J37/E37,"-") -> -0.10380007 | L37: =IFERROR(G37-F37,"-") -> -0.017649354 | M37: =IFERROR(L37/F37,"-") -> -0.10057772
B38: 入厂煤量 | C38: 吨 | D38: 0 | E38: 0 | F38: =[3]香海!G37 -> 62372 | G38: ='[6]26.1'!$F$57 -> 66608 | H38: ='[6]26.1'!$L$57 -> 66608 | I38: =IFERROR(H38/D38,"-") -> - | J38: =IFERROR(G38-E38,"-") -> 66608 | K38: =IFERROR(J38/E38,"-") -> - | L38: =IFERROR(G38-F38,"-") -> 4236 | M38: =IFERROR(L38/F38,"-") -> 0.06791509
B39: 期末库存煤量 | C39: 吨 | D39: 0 | E39: 0 | F39: =[3]香海!G38 -> 10148 | G39: =H39 -> 11815 | H39: ='[6]26.1'!$L$59 -> 11815 | I39: =IFERROR(H39/D39,"-") -> - | J39: =IFERROR(G39-E39,"-") -> 11815 | K39: =IFERROR(J39/E39,"-") -> - | L39: =IFERROR(G39-F39,"-") -> 1667 | M39: =IFERROR(L39/F39,"-") -> 0.16426882
B40: 入炉煤低位发热量 | C40: 千焦/千克 | D40: =D11/D13*29308 -> #DIV/0! | E40: =(E11-1.4571*E23)*29308/E13 -> 20097.124 | F40: =[3]香海!G39 -> 19325.017 | G40: ='[6]26.1'!$F$48 -> 19188 | H40: ='[6]26.1'!$L$48 -> 19188 | I40: =IFERROR(H40/D40,"-") -> - | J40: =IFERROR(G40-E40,"-") -> -909.1244 | K40: =IFERROR(J40/E40,"-") -> -0.045236541 | L40: =IFERROR(G40-F40,"-") -> -137.01738 | M40: =IFERROR(L40/F40,"-") -> -0.0070901557
B41: 入厂煤低位发热量 | C41: 千焦/千克 | D41: 0 | E41: 0 | F41: =[3]香海!G40 -> 20066 | G41: ='[6]26.1'!$F$49 -> 19277 | H41: ='[6]26.1'!$L$49 -> 19277 | I41: =IFERROR(H41/D41,"-") -> - | J41: =IFERROR(G41-E41,"-") -> 19277 | K41: =IFERROR(J41/E41,"-") -> - | L41: =IFERROR(G41-F41,"-") -> -789 | M41: =IFERROR(L41/F41,"-") -> -0.039320243
B42: 总热效率 | C42: % | D42: =(D6*1000+D4*36000)/(D11*7000*4.1868) -> #DIV/0! | E42: =(E6*1000+E4*36000)/(E11*7000*4.1868) -> 0.82600435 | F42: =[3]香海!G41 -> 0.83227506 | G42: =(G6*1000+G4*36000)/(G11*7000*4.1868) -> 0.79299328 | H42: =(H6*1000+H4*36000)/(H11*7000*4.1868) -> 0.79299328 | I42: - | J42: =IFERROR(G42-E42,"-") -> -0.03301107 | K42: - | L42: =IFERROR(G42-F42,"-") -> -0.039281778 | M42: -
B43: 热电比 | C43: % | D43: =D6*100/(D4*3600) -> #DIV/0! | E43: =E6*100/(E4*3600) -> 5.2902522 | F43: =[3]香海!G42 -> 5.3475316 | G43: =G6*100/(G4*3600) -> 6.5305642 | H43: =H6*100/(H4*3600) -> 6.5305642 | I43: - | J43: =IFERROR(G43-E43,"-") -> 1.240312 | K43: - | L43: =IFERROR(G43-F43,"-") -> 1.1830326 | M43: -
B44: 热分摊比 | C44: % | D44: =D10/D11 -> #DIV/0! | E44: =E10/E11 -> 0.82140507 | F44: =[3]香海!G43 -> 0.8137007 | G44: ='[6]26.1'!$F$54 -> 0.8218 | H44: ='[6]26.1'!$L$54 -> 0.8218 | I44: - | J44: =IFERROR(G44-E44,"-") -> 0.00039492653 | K44: - | L44: =IFERROR(G44-F44,"-") -> 0.0080993016 | M44: -
A45: 设备利用率 | B45: 发电设备利用率 | C45: % | D45: =D3/10/8760 -> 0 | E45: =E3/10/(DAY(DATE(2026,2,0))*24) -> 0.78615591 | F45: =[3]香海!G44 -> 0.7827871 | G45: =G3/10/(DAY(DATE(2026,2,0))*24) -> 0.77521935 | H45: =H3/10/(DATEDIF(DATE(2026,1,1),DATE(2026,2,1),"D")*24) -> 0.77521935 | I45: - | J45: =IFERROR(G45-E45,"-") -> -0.010936559 | K45: - | L45: =IFERROR(G45-F45,"-") -> -0.0075677419 | M45: -
B46: 供热设备利用率 | C46: % | D46: =D6*1000/528/(8760*3600) -> 0 | E46: =E6*1000/528/((DAY(DATE(2026,2,0))*24)*3600) -> 0.59079546 | F46: =[3]香海!G45 -> 0.59425523 | G46: =G6*1000/528/((DAY(DATE(2026,2,0))*24)*3600) -> 0.6838791 | H46: =H6*1000/528/((DATEDIF(DATE(2026,1,1),DATE(2026,2,1),"D")*24)*3600) -> 0.6838791 | I46: - | J46: =IFERROR(G46-E46,"-") -> 0.093083637 | K46: - | L46: =IFERROR(G46-F46,"-") -> 0.089623876 | M46: -

Sheet 供热公司
A1: 指标类别 | B1: 项 目 | C1: 计量单位 | D1: 本年计划 | E1: 本月计划 | F1: 上年同期 | G1: 本月实际 | H1: 本年累计 | I1: 本采暖期 累计 | J1: 与月计划比较 | L1: 与上年同期比较
J2: 差异 | K2: ±% | L2: 差异 | M2: ±%
A3: 产销指标 | B3: 期末供暖收费面积 | C3: 米2 | E3: ='[2]9.供热公司表'!$M$19 -> 22900000 | F3: =[3]供热公司!$G$3 -> 22156949 | G3: ='[8]26.1'!$E$4 -> 22941300 | H3: ='[8]26.1'!$I$4 -> 22941300 | I3: ='[8]26.1'!$M$4 -> 22941300 | J3: =IFERROR(G3-E3,"-") -> 41300.05 | K3: =IFERROR(J3/E3,"-") -> 0.0018034956 | L3: =IFERROR(G3-F3,"-") -> 784350.65 | M3: =IFERROR(L3/F3,"-") -> 0.035399758
B4: 本期平均供暖面积 | C4: 米2 | E4: =E3 -> 22900000 | F4: =F3 -> 22156949 | G4: ='[8]26.1'!$E$5 -> 22941300 | H4: ='[8]26.1'!$I$5 -> 22941300 | I4: ='[8]26.1'!$M$5 -> 22929639 | J4: =IFERROR(G4-E4,"-") -> 41300.05 | K4: =IFERROR(J4/E4,"-") -> 0.0018034956 | L4: =IFERROR(G4-F4,"-") -> 784350.65 | M4: =IFERROR(L4/F4,"-") -> 0.035399758
B5: 高温水销售量 | C5: 吉焦 | E5: ='[2]9.供热公司表'!$M$25 -> 430000 | F5: =[3]供热公司!$G$5 -> 414571 | G5: ='[8]26.1'!$E$6 -> 463052 | H5: ='[8]26.1'!$I$6 -> 463052 | I5: ='[8]26.1'!$M$6 -> 932904 | J5: =IFERROR(G5-E5,"-") -> 33052 | K5: =IFERROR(J5/E5,"-") -> 0.076865116 | L5: =IFERROR(G5-F5,"-") -> 48481 | M5: =IFERROR(L5/F5,"-") -> 0.11694257
A6: 消耗指标 | B6: 总耗热量 | C6: 吉焦 | D6: =北海!D6+香海!D6+北海水炉!D4 -> 0 | E6: =北海!E6+香海!E6+北海水炉!E4 -> 2384247.7 | F6: =[3]供热公司!G6 -> 2232343.5 | G6: =北海!G6+北海水炉!G4+香海!G6+天然气炉!D5 -> 2688077.7 | H6: =北海!H6+北海水炉!H4+香海!H6+天然气炉!F5 -> 2688077.7 | I6: =G6+[4]供热公司!$I$6 -> 13656243 | J6: =IFERROR(G6-E6,"-") -> 303830.03 | K6: =IFERROR(J6/E6,"-") -> 0.12743224 | L6: =IFERROR(G6-F6,"-") -> 455734.25 | M6: =IFERROR(L6/F6,"-") -> 0.2041506
B7: 各热力站耗热量 | C7: 吉焦 | E7: ='[2]9.供热公司表'!$M$63 -> 1460000 | F7: =[3]供热公司!G7 -> 1341930.8 | G7: ='[8]26.1'!$E$7 -> 1715360.3 | H7: ='[8]26.1'!$I$7 -> 1715360.3 | I7: ='[8]26.1'!$M$7 -> 3593872.1 | J7: =IFERROR(G7-E7,"-") -> 255360.29 | K7: =IFERROR(J7/E7,"-") -> 0.17490431 | L7: =IFERROR(G7-F7,"-") -> 373429.52 | M7: =IFERROR(L7/F7,"-") -> 0.27827779
B8: 其中：供暖耗汽量 | C8: 吨 | E8: 0 | F8: =[3]供热公司!G8 -> 35238 | G8: ='[8]26.1'!$E$8 -> 41737.2 | H8: ='[8]26.1'!$I$8 -> 41737.2 | I8: ='[8]26.1'!$M$8 -> 89426.2 | J8: =IFERROR(G8-E8,"-") -> 41737.2 | K8: =IFERROR(J8/E8,"-") -> - | L8: =IFERROR(G8-F8,"-") -> 6499.2 | M8: =IFERROR(L8/F8,"-") -> 0.18443726
B9: 低真空供暖耗热量 | C9: 吉焦 | E9: 0 | F9: =[3]供热公司!G9 -> 168815 | G9: ='[8]26.1'!$E$9 -> 207628 | H9: ='[8]26.1'!$I$9 -> 207628 | I9: ='[8]26.1'!$M$9 -> 433803 | J9: =IFERROR(G9-E9,"-") -> 207628 | K9: =IFERROR(J9/E9,"-") -> - | L9: =IFERROR(G9-F9,"-") -> 38813 | M9: =IFERROR(L9/F9,"-") -> 0.2299144
B10: 水源热泵供暖耗热量 | C10: 吉焦 | E10: 0 | F10: =[3]供热公司!G10 -> 0 | G10: 0 | H10: 0 | I10: 0 | J10: =IFERROR(G10-E10,"-") -> 0 | K10: =IFERROR(J10/E10,"-") -> - | L10: =IFERROR(G10-F10,"-") -> 0 | M10: =IFERROR(L10/F10,"-") -> -
B11: 高温水供暖耗热量 | C11: 吉焦 | E11: 0 | F11: =[3]供热公司!G11 -> 1076268 | G11: ='[8]26.1'!$E$10 -> 1392369 | H11: ='[8]26.1'!$I$10 -> 1392369 | I11: ='[8]26.1'!$M$10 -> 2915084 | J11: =IFERROR(G11-E11,"-") -> 1392369 | K11: =IFERROR(J11/E11,"-") -> - | L11: =IFERROR(G11-F11,"-") -> 316101 | M11: =IFERROR(L11/F11,"-") -> 0.29370101
B12: 热网耗水量 | C12: 吨 | E12: ='[2]9.供热公司表'!$M$41+北海!E21+香海!E21 -> 192296.81 | F12: =[3]供热公司!G12 -> 229323 | G12: ='[8]26.1'!$E$11 -> 201190 | H12: ='[8]26.1'!$I$11 -> 201190 | I12: ='[8]26.1'!$M$11 -> 663921 | J12: =IFERROR(G12-E12,"-") -> 8893.1905 | K12: =IFERROR(J12/E12,"-") -> 0.046247208 | L12: =IFERROR(G12-F12,"-") -> -28133 | M12: =IFERROR(L12/F12,"-") -> -0.12267849
B13: 外购电量 | C13: 万千瓦时 | E13: ='[2]9.供热公司表'!$M$64 -> 750 | F13: =[3]供热公司!G13 -> 704.99471 | G13: ='[8]26.1'!$E$12 -> 677.83508 | H13: ='[8]26.1'!$I$12 -> 677.83508 | I13: ='[8]26.1'!$M$12 -> 1772.5204 | J13: =IFERROR(G13-E13,"-") -> -72.164921 | K13: =IFERROR(J13/E13,"-") -> -0.096219894 | L13: =IFERROR(G13-F13,"-") -> -27.159631 | M13: =IFERROR(L13/F13,"-") -> -0.038524589
A14: 单耗与效率 | B14: 供暖热耗率 | C14: 吉焦/米2 | D14: =D7/D4 -> #DIV/0! | E14: =E7/E4 -> 0.063755459 | F14: =F7/F4 -> 0.06056478 | G14: ='[8]26.1'!$E$13 -> 0.074771713 | H14: ='[8]26.1'!$I$13 -> 0.074771713 | I14: ='[8]26.1'!$M$13 -> 0.15673479 | J14: =IFERROR(G14-E14,"-") -> 0.011016254 | K14: =IFERROR(J14/E14,"-") -> 0.17278919 | L14: =IFERROR(G14-F14,"-") -> 0.014206932 | M14: =IFERROR(L14/F14,"-") -> 0.23457416
B15: 供暖汽耗率 | C15: 吨/米2 | D15: =D8/1331836.77 -> 0 | E15: =E8/1357966.36 -> 0 | F15: =[3]供热公司!$G$15 -> 0.025572468 | G15: ='[8]26.1'!$E$14 -> 0.031159649 | H15: ='[8]26.1'!$I$14 -> 0.031159649 | I15: ='[8]26.1'!$M$14 -> 0.06650333 | J15: =IFERROR(G15-E15,"-") -> 0.031159649 | K15: =IFERROR(J15/E15,"-") -> - | L15: =IFERROR(G15-F15,"-") -> 0.0055871812 | M15: =IFERROR(L15/F15,"-") -> 0.21848424
B16: 供暖水耗率 | C16: 千克/米2 | D16: =D12*1000/D4 -> #DIV/0! | E16: =E12*1000/E4 -> 8.3972406 | F16: =F12*1000/F4 -> 10.349936 | G16: ='[8]26.1'!$E$15 -> 8.7697733 | H16: ='[8]26.1'!$I$15 -> 8.7697733 | I16: ='[8]26.1'!$M$15 -> 28.954708 | J16: =IFERROR(G16-E16,"-") -> 0.37253268 | K16: =IFERROR(J16/E16,"-") -> 0.044363702 | L16: =IFERROR(G16-F16,"-") -> -1.5801624 | M16: =IFERROR(L16/F16,"-") -> -0.15267364
B17: 供暖电耗率 | C17: 千瓦时/米2 | D17: =D13*10000/D4 -> #DIV/0! | E17: =E13*10000/E4 -> 0.32751092 | F17: =F13*10000/F4 -> 0.31818221 | G17: ='[8]26.1'!$E$16 -> 0.29546498 | H17: ='[8]26.1'!$I$16 -> 0.29546498 | I17: ='[8]26.1'!$M$16 -> 0.77302587 | J17: =IFERROR(G17-E17,"-") -> -0.032045936 | K17: =IFERROR(J17/E17,"-") -> -0.097846923 | L17: =IFERROR(G17-F17,"-") -> -0.022717228 | M17: =IFERROR(L17/F17,"-") -> -0.071396914
A18: 供暖质量 | B18: 管网循环水总量 | C18: 吨/小时 | D18: 0 | E18: 0 | F18: 0 | G18: 0 | H18: 0 | I18: 0 | J18: =IFERROR(G18-E18,"-") -> 0 | K18: 0 | L18: =IFERROR(G18-F18,"-") -> 0 | M18: 0
B19: 管网失水量 | C19: 吨/小时 | D19: 0 | E19: 0 | F19: 0 | G19: 0 | H19: 0 | I19: 0 | J19: =IFERROR(G19-E19,"-") -> 0 | K19: 0 | L19: =IFERROR(G19-F19,"-") -> 0 | M19: 0
B20: 管网失水率 | C20: % | D20: 0 | E20: 0 | F20: 0 | G20: 0 | H20: 0 | I20: 0 | J20: =IFERROR(G20-E20,"-") -> 0 | K20: 0 | L20: =IFERROR(G20-F20,"-") -> 0 | M20: 0
B21: 本月内最高气温 | C21: ℃ | D21: 0 | E21: 0 | F21: =[3]供热公司!G21 -> 7 | G21: ='[8]26.1'!$E$20 -> 7 | H21: 0 | I21: 0 | J21: =IFERROR(G21-E21,"-") -> 7 | K21: 0 | L21: =IFERROR(G21-F21,"-") -> 0 | M21: =IFERROR(L21/F21,"-") -> 0
B22: 本月内最低气温 | C22: ℃ | D22: 0 | E22: 0 | F22: =[3]供热公司!G22 -> -10 | G22: ='[8]26.1'!$E$21 -> -14 | H22: 0 | I22: 0 | J22: =IFERROR(G22-E22,"-") -> -14 | K22: 0 | L22: =IFERROR(G22-F22,"-") -> -4 | M22: =IFERROR(L22/F22,"-") -> 0.4
B23: 本月平均气温 | C23: ℃ | D23: 0 | E23: 0 | F23: =[3]供热公司!G23 -> 2.8 -3.1 | G23: ='[8]26.1'!$E$22 -> -0.4 -5.6 | H23: 0 | I23: 0 | J23: =IFERROR(G23-E23,"-") -> - | K23: 0 | L23: =IFERROR(G23-F23,"-") -> - | M23: =IFERROR(L23/F23,"-") -> -
B24: 蒸汽平均焓 | C24: 千焦/千克 | D24: =(D7-D9-D10-D11)*1000/D8 -> #DIV/0! | E24: =(E7-E9-E10-E11)*1000/E8 -> #DIV/0! | F24: =[3]供热公司!G24 -> 2748.39 | G24: ='[8]26.1'!$E$23 -> 2764.04 | H24: ='[8]26.1'!$I$23 -> 2764.04 | I24: ='[8]26.1'!$M$23 -> 2739.5229 | J24: =IFERROR(G24-E24,"-") -> - | K24: =IFERROR(J24/E24,"-") -> - | L24: =IFERROR(G24-F24,"-") -> 15.65 | M24: =IFERROR(L24/F24,"-") -> 0.0056942428
B25: 实际检测户数（室温） | C25: 户 | D25: 0 | E25: 0 | F25: =[3]供热公司!G25 -> 2043 | G25: ='[8]26.1'!$E$24 -> 948 | H25: ='[8]26.1'!$I$24 -> 948 | I25: ='[8]26.1'!$M$24 -> 1889 | J25: =IFERROR(G25-E25,"-") -> 948 | K25: 0 | L25: =IFERROR(G25-F25,"-") -> -1095 | M25: =IFERROR(L25/F25,"-") -> -0.53597651
B26: 检测合格户数 | C26: 户 | D26: 0 | E26: 0 | F26: =[3]供热公司!G26 -> 2043 | G26: ='[8]26.1'!$E$25 -> 729 | H26: ='[8]26.1'!$I$25 -> 729 | I26: ='[8]26.1'!$M$25 -> 1670 | J26: =IFERROR(G26-E26,"-") -> 729 | K26: 0 | L26: =IFERROR(G26-F26,"-") -> -1314 | M26: =IFERROR(L26/F26,"-") -> -0.64317181
B27: 用户室温合格率 | C27: % | D27: 0 | E27: 0 | F27: =[3]供热公司!G27 -> 1 | G27: ='[8]26.1'!$E$26 -> 0.76898734 | H27: ='[8]26.1'!$I$26 -> 0.76898734 | I27: ='[8]26.1'!$M$26 -> 0.88406564 | J27: =IFERROR(G27-E27,"-") -> 0.76898734 | K27: - | L27: =IFERROR(G27-F27,"-") -> -0.23101266 | M27: -
B28: 用户报修次数 | C28: 次 | D28: 0 | E28: 0 | F28: =[3]供热公司!G28 -> 2917 | G28: ='[8]26.1'!$E$27 -> 8002 | H28: ='[8]26.1'!$I$27 -> 8002 | I28: ='[8]26.1'!$M$27 -> 27856 | J28: =IFERROR(G28-E28,"-") -> 8002 | K28: 0 | L28: =IFERROR(G28-F28,"-") -> 5085 | M28: =IFERROR(L28/F28,"-") -> 1.7432293
B29: 24小时处理次数 | C29: 次 | D29: 0 | E29: 0 | F29: =[3]供热公司!G29 -> 2917 | G29: ='[8]26.1'!$E$28 -> 8002 | H29: ='[8]26.1'!$I$28 -> 8002 | I29: ='[8]26.1'!$M$28 -> 27856 | J29: =IFERROR(G29-E29,"-") -> 8002 | K29: 0 | L29: =IFERROR(G29-F29,"-") -> 5085 | M29: =IFERROR(L29/F29,"-") -> 1.7432293
B30: 用户报修处理及时率 | C30: % | D30: 0 | E30: 0 | F30: =[3]供热公司!G30 -> 1 | G30: ='[8]26.1'!$E$29 -> 1 | H30: ='[8]26.1'!$I$29 -> 1 | I30: ='[8]26.1'!$M$29 -> 1 | J30: =IFERROR(G30-E30,"-") -> 1 | K30: - | L30: =IFERROR(G30-F30,"-") -> 0 | M30: -
B31: 本月供暖小时数 | C31: 小时 | D31: 0 | E31: 0 | F31: =[3]供热公司!G31 -> 744 | G31: ='[8]26.1'!$E$30 -> 744 | H31: ='[8]26.1'!$I$30 -> 744 | I31: ='[8]26.1'!$M$30 -> 2068.76 | J31: =IFERROR(G31-E31,"-") -> 744 | K31: 0 | L31: =IFERROR(G31-F31,"-") -> 0 | M31: =IFERROR(L31/F31,"-") -> 0
B32: 应按期结案总数 | C32: 件 | D32: 0 | E32: 0 | F32: =[3]供热公司!G32 -> 43 | G32: ='[8]26.1'!$E$31 -> 52 | H32: ='[8]26.1'!$I$31 -> 52 | I32: ='[8]26.1'!$M$31 -> 173 | J32: =IFERROR(G32-E32,"-") -> 52 | K32: 0 | L32: =IFERROR(G32-F32,"-") -> 9 | M32: =IFERROR(L32/F32,"-") -> 0.20930233
B33: 按期结案总数 | C33: 件 | D33: 0 | E33: 0 | F33: =[3]供热公司!G33 -> 43 | G33: ='[8]26.1'!$E$32 -> 52 | H33: ='[8]26.1'!$I$32 -> 52 | I33: ='[8]26.1'!$M$32 -> 173 | J33: =IFERROR(G33-E33,"-") -> 52 | K33: 0 | L33: =IFERROR(G33-F33,"-") -> 9 | M33: =IFERROR(L33/F33,"-") -> 0.20930233
B34: 信访处结率 | C34: % | D34: 0 | E34: 0 | F34: =[3]供热公司!G34 -> 1 | G34: ='[8]26.1'!$E$33 -> 1 | H34: ='[8]26.1'!$I$33 -> 1 | I34: ='[8]26.1'!$M$33 -> 1 | J34: =IFERROR(G34-E34,"-") -> 1 | K34: - | L34: =IFERROR(G34-F34,"-") -> 0 | M34: -

Sheet 金州
A1: 指标类别 | B1: 项 目 | C1: 计量单位 | D1: 本年计划 | E1: 本月计划 | F1: 上年同期 | G1: 本月实际 | H1: 本年累计 | I1: 年计划 完成率 | J1: 与月计划比较 | L1: 与上年同期比较
J2: 差异 | K2: ±% | L2: 差异 | M2: ±%
A3: 产销指标 | B3: 发电量 | C3: 万千瓦时 | E3: ='[2]11.金州热电表'!$M$7 -> 2300 | F3: =[3]金州!G3 -> 2213.064 | G3: ='[6]26.1'!$H$7/10000 -> 2264.16 | H3: ='[6]26.1'!$N$7/10000 -> 2264.16 | I3: =IFERROR(H3/D3,"-") -> - | J3: =IFERROR(G3-E3,"-") -> -35.84 | K3: =IFERROR(J3/E3,"-") -> -0.015582609 | L3: =IFERROR(G3-F3,"-") -> 51.096 | M3: =IFERROR(L3/F3,"-") -> 0.023088352
B4: 售电量 | C4: 万千瓦时 | E4: ='[2]11.金州热电表'!$M$14 -> 1620 | F4: =[3]金州!G4 -> 1552.32 | G4: ='[6]26.1'!$H$8/10000 -> 1564.2792 | H4: ='[6]26.1'!$N$8/10000 -> 1564.2792 | I4: =IFERROR(H4/D4,"-") -> - | J4: =IFERROR(G4-E4,"-") -> -55.7208 | K4: =IFERROR(J4/E4,"-") -> -0.034395556 | L4: =IFERROR(G4-F4,"-") -> 11.9592 | M4: =IFERROR(L4/F4,"-") -> 0.0077040816
B5: 供热量 | C5: 吉焦 | E5: ='[2]11.金州热电表'!$M$8 -> 513000 | F5: =[3]金州!G5 -> 491140 | G5: ='[6]26.1'!$H$9 -> 570124 | H5: ='[6]26.1'!$N$9 -> 570124 | I5: =IFERROR(H5/D5,"-") -> - | J5: =IFERROR(G5-E5,"-") -> 57124 | K5: =IFERROR(J5/E5,"-") -> 0.11135283 | L5: =IFERROR(G5-F5,"-") -> 78984 | M5: =IFERROR(L5/F5,"-") -> 0.16081769
B6: 其中：低真空供热量 | C6: 吉焦 | E6: ='[2]11.金州热电表'!$M$11 -> 103000 | F6: =[3]金州!G6 -> 103249 | G6: ='[6]26.1'!$H$10 -> 113115 | H6: ='[6]26.1'!$N$10 -> 113115 | I6: =IFERROR(H6/D6,"-") -> - | J6: =IFERROR(G6-E6,"-") -> 10115 | K6: =IFERROR(J6/E6,"-") -> 0.098203883 | L6: =IFERROR(G6-F6,"-") -> 9866 | M6: =IFERROR(L6/F6,"-") -> 0.095555405
B7: 高温水销售量 | C7: 吉焦 | E7: ='[2]11.金州热电表'!$M$25 -> 9980 | F7: =[3]金州!G7 -> 9073 | G7: =[5]售热量!$D$23 -> 19518 | H7: =[5]售热量!$D$23 -> 19518 | I7: =IFERROR(H7/D7,"-") -> - | J7: =IFERROR(G7-E7,"-") -> 9538 | K7: =IFERROR(J7/E7,"-") -> 0.95571142 | L7: =IFERROR(G7-F7,"-") -> 10445 | M7: =IFERROR(L7/F7,"-") -> 1.1512179
B8: 期末供暖收费面积 | C8: 平方米 | E8: ='[2]11.金州热电表'!$M$19 -> 6555000 | F8: =[3]金州!G8 -> 6547599 | G8: ='[6]26.1'!$H$13 -> 6337791.7 | H8: ='[6]26.1'!$N$13 -> 6337791.7 | I8: =IFERROR(H8/D8,"-") -> - | J8: =IFERROR(G8-E8,"-") -> -217208.35 | K8: =IFERROR(J8/E8,"-") -> -0.033136285 | L8: =IFERROR(G8-F8,"-") -> -209807.35 | M8: =IFERROR(L8/F8,"-") -> -0.032043402
A9: 消耗指标 | B9: 发电耗标煤量 | C9: 吨 | E9: ='[2]11.金州热电表'!$M$30 -> 4754 | F9: =[3]金州!G9 -> 4614 | G9: ='[6]26.1'!$H$39 -> 5645 | H9: ='[6]26.1'!$N$39 -> 5645 | I9: =IFERROR(H9/D9,"-") -> - | J9: =IFERROR(G9-E9,"-") -> 891 | K9: =IFERROR(J9/E9,"-") -> 0.18742112 | L9: =IFERROR(G9-F9,"-") -> 1031 | M9: =IFERROR(L9/F9,"-") -> 0.22345037
B10: 供热耗标煤量 | C10: 吨 | E10: ='[2]11.金州热电表'!$M$33 -> 20319 | F10: =[3]金州!G10 -> 19444 | G10: ='[6]26.1'!$H$42 -> 22565 | H10: ='[6]26.1'!$N$42 -> 22565 | I10: =IFERROR(H10/D10,"-") -> - | J10: =IFERROR(G10-E10,"-") -> 2246 | K10: =IFERROR(J10/E10,"-") -> 0.11053694 | L10: =IFERROR(G10-F10,"-") -> 3121 | M10: =IFERROR(L10/F10,"-") -> 0.16051224
B11: 耗标煤总量 | C11: 吨 | E11: ='[2]11.金州热电表'!$M$29 -> 25073 | F11: =[3]金州!G11 -> 24058 | G11: =SUM(G9:G10) -> 28210 | H11: =SUM(H9:H10) -> 28210 | I11: =IFERROR(H11/D11,"-") -> - | J11: =IFERROR(G11-E11,"-") -> 3137 | K11: =IFERROR(J11/E11,"-") -> 0.12511467 | L11: =IFERROR(G11-F11,"-") -> 4152 | M11: =IFERROR(L11/F11,"-") -> 0.17258292
B12: 其中：煤折标煤量 | C12: 吨 | D12: =D11-1.4571*D23 -> 0 | E12: =E11-1.4571*E23 -> 25051.143 | F12: =F11-1.4571*F23 -> 24034.686 | G12: ='[6]26.1'!$H$40+'[6]26.1'!$H$43 -> 28190 | H12: ='[6]26.1'!$N$40+'[6]26.1'!$N$43 -> 28190 | I12: =IFERROR(H12/D12,"-") -> - | J12: =IFERROR(G12-E12,"-") -> 3138.8565 | K12: =IFERROR(J12/E12,"-") -> 0.12529793 | L12: =IFERROR(G12-F12,"-") -> 4155.3136 | M12: =IFERROR(L12/F12,"-") -> 0.1728882
B13: 生产耗原煤量 | C13: 吨 | E13: ='[2]11.金州热电表'!$M$26 -> 34620 | F13: =[3]金州!G13 -> 34632 | G13: ='[6]26.1'!$H$14 -> 39301 | H13: ='[6]26.1'!$N$14 -> 39301 | I13: =IFERROR(H13/D13,"-") -> - | J13: =IFERROR(G13-E13,"-") -> 4681 | K13: =IFERROR(J13/E13,"-") -> 0.13521086 | L13: =IFERROR(G13-F13,"-") -> 4669 | M13: =IFERROR(L13/F13,"-") -> 0.13481751
B14: 耗碱量 | C14: 吨 | E14: ='[2]11.金州热电表'!$M$53 -> 10 | F14: =[3]金州!G14 -> 11 | G14: ='[6]26.1'!$H$23 -> 10 | H14: ='[6]26.1'!$N$23 -> 10 | I14: =IFERROR(H14/D14,"-") -> - | J14: =IFERROR(G14-E14,"-") -> 0 | K14: =IFERROR(J14/E14,"-") -> 0 | L14: =IFERROR(G14-F14,"-") -> -1 | M14: =IFERROR(L14/F14,"-") -> -0.090909091
B15: 耗酸量 | C15: 吨 | E15: ='[2]11.金州热电表'!$M$52 -> 14 | F15: =[3]金州!G15 -> 16.5 | G15: ='[6]26.1'!$H$22 -> 15 | H15: ='[6]26.1'!$N$22 -> 15 | I15: =IFERROR(H15/D15,"-") -> - | J15: =IFERROR(G15-E15,"-") -> 1 | K15: =IFERROR(J15/E15,"-") -> 0.071428571 | L15: =IFERROR(G15-F15,"-") -> -1.5 | M15: =IFERROR(L15/F15,"-") -> -0.090909091
B16: 耗氨水量 | C16: 吨 | E16: ='[2]11.金州热电表'!$M$56 -> 384 | F16: =[3]金州!G16 -> 427 | G16: ='[6]26.1'!$H$26 -> 319 | H16: ='[6]26.1'!$N$26 -> 319 | I16: =IFERROR(H16/D16,"-") -> - | J16: =IFERROR(G16-E16,"-") -> -65 | K16: =IFERROR(J16/E16,"-") -> -0.16927083 | L16: =IFERROR(G16-F16,"-") -> -108 | M16: =IFERROR(L16/F16,"-") -> -0.2529274
B17: 耗水质稳定剂量 | C17: 吨 | E17: ='[2]11.金州热电表'!$M$59 -> 2 | F17: =[3]金州!G17 -> 2 | G17: ='[6]26.1'!$H$27 -> 1 | H17: ='[6]26.1'!$N$27 -> 1 | I17: =IFERROR(H17/D17,"-") -> - | J17: =IFERROR(G17-E17,"-") -> -1 | K17: =IFERROR(J17/E17,"-") -> -0.5 | L17: =IFERROR(G17-F17,"-") -> -1 | M17: =IFERROR(L17/F17,"-") -> -0.5
B18: 耗杀菌剂量 | C18: 吨 | E18: ='[2]11.金州热电表'!$M$60 -> 0 | F18: =[3]金州!G18 -> 0 | G18: ='[6]26.1'!$H$28 -> 0 | H18: ='[6]26.1'!$N$28 -> 0 | I18: =IFERROR(H18/D18,"-") -> - | J18: =IFERROR(G18-E18,"-") -> 0 | K18: =IFERROR(J18/E18,"-") -> - | L18: =IFERROR(G18-F18,"-") -> 0 | M18: =IFERROR(L18/F18,"-") -> -
B19: 脱硫脱硝耗水量 | C19: 吨 | E19: ='[2]11.金州热电表'!$M$75 -> 18000 | F19: =[3]金州!G19 -> 20020 | G19: ='[6]26.1'!$H$65 -> 23814 | H19: ='[6]26.1'!$N$65 -> 23814 | I19: =IFERROR(H19/D19,"-") -> - | J19: =IFERROR(G19-E19,"-") -> 5814 | K19: =IFERROR(J19/E19,"-") -> 0.323 | L19: =IFERROR(G19-F19,"-") -> 3794 | M19: =IFERROR(L19/F19,"-") -> 0.18951049
B20: 脱硫脱硝耗电量 | C20: 千瓦时 | E20: ='[2]11.金州热电表'!$M$76*10000 -> 650000 | F20: =[3]金州!G20 -> 691699 | G20: ='[6]26.1'!$H$66 -> 754606 | H20: ='[6]26.1'!$N$66 -> 754606 | I20: =IFERROR(H20/D20,"-") -> - | J20: =IFERROR(G20-E20,"-") -> 104606 | K20: =IFERROR(J20/E20,"-") -> 0.16093231 | L20: =IFERROR(G20-F20,"-") -> 62907 | M20: =IFERROR(L20/F20,"-") -> 0.090945628
B21: 耗水量 | C21: 吨 | E21: ='[2]11.金州热电表'!$M$41 -> 108630.4 | F21: =[3]金州!G21 -> 125994 | G21: ='[6]26.1'!$H$20 -> 94794 | H21: ='[6]26.1'!$N$20 -> 94794 | I21: =IFERROR(H21/D21,"-") -> - | J21: =IFERROR(G21-E21,"-") -> -13836.4 | K21: =IFERROR(J21/E21,"-") -> -0.12737134 | L21: =IFERROR(G21-F21,"-") -> -31200 | M21: =IFERROR(L21/F21,"-") -> -0.24763084
B22: 其中：热网耗水量 | C22: 吨 | E22: ='[2]11.金州热电表'!$M$43+'[2]11.金州热电表'!$M$47 -> 53630.4 | F22: =[3]金州!G22 -> 64121 | G22: ='[6]26.1'!$H$62 -> 40661 | H22: ='[6]26.1'!$N$62 -> 40661 | I22: =IFERROR(H22/D22,"-") -> - | J22: =IFERROR(G22-E22,"-") -> -12969.4 | K22: =IFERROR(J22/E22,"-") -> -0.24182926 | L22: =IFERROR(G22-F22,"-") -> -23460 | M22: =IFERROR(L22/F22,"-") -> -0.36587078
B23: 炉耗油量 | C23: 吨 | E23: ='[2]11.金州热电表'!$M$37 -> 15 | F23: =[3]金州!G23 -> 16 | G23: ='[6]26.1'!$H$17 -> 14 | H23: ='[6]26.1'!$N$17 -> 14 | I23: =IFERROR(H23/D23,"-") -> - | J23: =IFERROR(G23-E23,"-") -> -1 | K23: =IFERROR(J23/E23,"-") -> -0.066666667 | L23: =IFERROR(G23-F23,"-") -> -2 | M23: =IFERROR(L23/F23,"-") -> -0.125
B24: 耗石灰石粉量 | C24: 吨 | E24: ='[2]11.金州热电表'!$M$55 -> 574 | F24: =[3]金州!G24 -> 638 | G24: ='[6]26.1'!$H$25 -> 702 | H24: ='[6]26.1'!$N$25 -> 702 | I24: =IFERROR(H24/D24,"-") -> - | J24: =IFERROR(G24-E24,"-") -> 128 | K24: =IFERROR(J24/E24,"-") -> 0.22299652 | L24: =IFERROR(G24-F24,"-") -> 64 | M24: =IFERROR(L24/F24,"-") -> 0.10031348
B25: 外购电量 | C25: 万千瓦时 | E25: ='[2]11.金州热电表'!$M$70 -> 189 | F25: =[3]金州!G25 -> 199 | G25: ='[6]26.1'!$H$60/10000 -> 182.8619 | H25: ='[6]26.1'!$N$60/10000 -> 182.8619 | I25: =IFERROR(H25/D25,"-") -> - | J25: =IFERROR(G25-E25,"-") -> -6.1381 | K25: =IFERROR(J25/E25,"-") -> -0.03247672 | L25: =IFERROR(G25-F25,"-") -> -16.1381 | M25: =IFERROR(L25/F25,"-") -> -0.08109598
B26: 其中：热网耗电量 | C26: 万千瓦时 | E26: ='[2]11.金州热电表'!$M$73 -> 189 | F26: =[3]金州!G26 -> 199 | G26: ='[6]26.1'!$H$61/10000 -> 182.8619 | H26: ='[6]26.1'!$N$61/10000 -> 182.8619 | I26: =IFERROR(H26/D26,"-") -> - | J26: =IFERROR(G26-E26,"-") -> -6.1381 | K26: =IFERROR(J26/E26,"-") -> -0.03247672 | L26: =IFERROR(G26-F26,"-") -> -16.1381 | M26: =IFERROR(L26/F26,"-") -> -0.08109598
B27: 综合厂用电量 | C27: 万千瓦时 | E27: ='[2]11.金州热电表'!$M$65 -> 680 | F27: =[3]金州!G27 -> 660.744 | G27: ='[6]26.1'!$H$30/10000 -> 699.8808 | H27: ='[6]26.1'!$N$30/10000 -> 699.8808 | I27: =IFERROR(H27/D27,"-") -> - | J27: =IFERROR(G27-E27,"-") -> 19.8808 | K27: =IFERROR(J27/E27,"-") -> 0.029236471 | L27: =IFERROR(G27-F27,"-") -> 39.1368 | M27: =IFERROR(L27/F27,"-") -> 0.059231412
B28: 发电厂用电量 | C28: 万千瓦时 | E28: ='[2]11.金州热电表'!$M$68 -> 127 | F28: =[3]金州!G28 -> 126.7349 | G28: ='[6]26.1'!$H$33/10000 -> 140.0555 | H28: ='[6]26.1'!$N$33/10000 -> 140.0555 | I28: =IFERROR(H28/D28,"-") -> - | J28: =IFERROR(G28-E28,"-") -> 13.0555 | K28: =IFERROR(J28/E28,"-") -> 0.10279921 | L28: =IFERROR(G28-F28,"-") -> 13.3206 | M28: =IFERROR(L28/F28,"-") -> 0.10510601
B29: 供热厂用电量 | C29: 万千瓦时 | E29: ='[2]11.金州热电表'!$M$69 -> 533 | F29: =[3]金州!G29 -> 534.0091 | G29: ='[6]26.1'!$H$34/10000 -> 559.8253 | H29: ='[6]26.1'!$N$34/10000 -> 559.8253 | I29: =IFERROR(H29/D29,"-") -> - | J29: =IFERROR(G29-E29,"-") -> 26.8253 | K29: =IFERROR(J29/E29,"-") -> 0.050328893 | L29: =IFERROR(G29-F29,"-") -> 25.8162 | M29: =IFERROR(L29/F29,"-") -> 0.04834412
A30: 单耗与效率 | B30: 综合厂用电率 | C30: % | D30: =D27/D3 -> #DIV/0! | E30: =E27/E3 -> 0.29565217 | F30: =[3]金州!G30 -> 0.29856525 | G30: =G27/G3 -> 0.30911278 | H30: =H27/H3 -> 0.30911278 | I30: - | J30: =IFERROR(G30-E30,"-") -> 0.01346061 | K30: - | L30: =IFERROR(G30-F30,"-") -> 0.010547536 | M30: -
B31: 发电厂用电率 | C31: % | D31: =D28/D3 -> #DIV/0! | E31: =E28/E3 -> 0.055217391 | F31: =[3]金州!G31 -> 0.057266713 | G31: =G28/G3 -> 0.061857598 | H31: =H28/H3 -> 0.061857598 | I31: - | J31: =IFERROR(G31-E31,"-") -> 0.0066402071 | K31: - | L31: =IFERROR(G31-F31,"-") -> 0.0045908858 | M31: -
B32: 供热厂用电率 | C32: 千瓦时/吉焦 | D32: =D29*10000/D5 -> #DIV/0! | E32: =E29*10000/E5 -> 10.389864 | F32: =[3]金州!G32 -> 10.872849 | G32: =G29*10000/G5 -> 9.8193603 | H32: =H29*10000/H5 -> 9.8193603 | I32: =IFERROR(H32/D32,"-") -> - | J32: =IFERROR(G32-E32,"-") -> -0.5705032 | K32: =IFERROR(J32/E32,"-") -> -0.054909595 | L32: =IFERROR(G32-F32,"-") -> -1.0534885 | M32: =IFERROR(L32/F32,"-") -> -0.096891674
B33: 发电煤耗率 | C33: 克/千瓦时 | D33: =D9*100/D3 -> #DIV/0! | E33: =E9*100/E3 -> 206.69565 | F33: =[3]金州!G33 -> 208.48923 | G33: =G9*100/G3 -> 249.31984 | H33: =H9*100/H3 -> 249.31984 | I33: =IFERROR(H33/D33,"-") -> - | J33: =IFERROR(G33-E33,"-") -> 42.624184 | K33: =IFERROR(J33/E33,"-") -> 0.20621713 | L33: =IFERROR(G33-F33,"-") -> 40.83061 | M33: =IFERROR(L33/F33,"-") -> 0.19584039
B34: 供电煤耗率 | C34: 克/千瓦时 | D34: =D9*100/(D3-D28) -> #DIV/0! | E34: =E9*100/(E3-E28) -> 218.77589 | F34: =[3]金州!G34 -> 221.15399 | G34: =G9*100/(G3-G28) -> 265.75905 | H34: =H9*100/(H3-H28) -> 265.75905 | I34: =IFERROR(H34/D34,"-") -> - | J34: =IFERROR(G34-E34,"-") -> 46.983167 | K34: =IFERROR(J34/E34,"-") -> 0.21475478 | L34: =IFERROR(G34-F34,"-") -> 44.605065 | M34: =IFERROR(L34/F34,"-") -> 0.20169234
B35: 供热煤耗率 | C35: 千克/吉焦 | D35: =D10*1000/D5 -> #DIV/0! | E35: =E10*1000/E5 -> 39.608187 | F35: =[3]金州!G35 -> 39.589526 | G35: =G10*1000/G5 -> 39.579109 | H35: =H10*1000/H5 -> 39.579109 | I35: =IFERROR(H35/D35,"-") -> - | J35: =IFERROR(G35-E35,"-") -> -0.029078028 | K35: =IFERROR(J35/E35,"-") -> -0.00073414187 | L35: =IFERROR(G35-F35,"-") -> -0.010417302 | M35: =IFERROR(L35/F35,"-") -> -0.00026313277
B36: 发电水耗率 | C36: 吨/万千瓦时 | D36: =((D21-D22)*(1-D44))/D3 -> #DIV/0! | E36: =((E21-E22)*(1-E44))/E3 -> 4.5340649 | F36: =[3]金州!G36 -> 5.361981 | G36: =((G21-G22)*(1-G44))/G3 -> 4.7842718 | H36: =((H21-H22)*(1-H44))/H3 -> 4.7842718 | I36: =IFERROR(H36/D36,"-") -> - | J36: =IFERROR(G36-E36,"-") -> 0.2502069 | K36: =IFERROR(J36/E36,"-") -> 0.055183793 | L36: =IFERROR(G36-F36,"-") -> -0.57770921 | M36: =IFERROR(L36/F36,"-") -> -0.10774175
B37: 供热水耗率 | C37: 吨/吉焦 | D37: =((D21-D22)*D44+D22)/D5 -> #DIV/0! | E37: =((E21-E22)*E44+E22)/E5 -> 0.191427 | F37: =[3]金州!G37 -> 0.23237283 | G37: =((G21-G22)*G44+G22)/G5 -> 0.14726909 | H37: =((H21-H22)*H44+H22)/H5 -> 0.14726909 | I37: =IFERROR(H37/D37,"-") -> - | J37: =IFERROR(G37-E37,"-") -> -0.044157909 | K37: =IFERROR(J37/E37,"-") -> -0.23067754 | L37: =IFERROR(G37-F37,"-") -> -0.085103741 | M37: =IFERROR(L37/F37,"-") -> -0.36623791
B38: 入厂煤量 | C38: 吨 | D38: 0 | E38: 0 | F38: =[3]金州!G38 -> 23611.8 | G38: ='[6]26.1'!$H$57 -> 4890.18 | H38: ='[6]26.1'!$N$57 -> 4890.18 | I38: =IFERROR(H38/D38,"-") -> - | J38: =IFERROR(G38-E38,"-") -> 4890.18 | K38: 0 | L38: =IFERROR(G38-F38,"-") -> -18721.62 | M38: =IFERROR(L38/F38,"-") -> -0.79289254
B39: 期末库存煤量 | C39: 吨 | D39: 0 | E39: 0 | F39: =[3]金州!G39 -> 13468.56 | G39: =H39 -> 28612.66 | H39: ='[6]26.1'!$N$59 -> 28612.66 | I39: =IFERROR(H39/D39,"-") -> - | J39: =IFERROR(G39-E39,"-") -> 28612.66 | K39: 0 | L39: =IFERROR(G39-F39,"-") -> 15144.1 | M39: =IFERROR(L39/F39,"-") -> 1.1244038
B40: 入炉煤低位发热量 | C40: 千焦/千克 | D40: =D11/D13*29308 -> #DIV/0! | E40: =(E11-1.4571*E23)*29308/E13 -> 21207.363 | F40: =[3]金州!G40 -> 20340.084 | G40: ='[6]26.1'!$H$48 -> 21022.176 | H40: ='[6]26.1'!$N$48 -> 21022.176 | I40: =IFERROR(H40/D40,"-") -> - | J40: =IFERROR(G40-E40,"-") -> -185.18767 | K40: =IFERROR(J40/E40,"-") -> -0.0087322348 | L40: =IFERROR(G40-F40,"-") -> 682.09178 | M40: =IFERROR(L40/F40,"-") -> 0.033534364
B41: 入厂煤低位发热量 | C41: 千焦/千克 | D41: 0 | E41: 0 | F41: =[3]金州!G41 -> 21020.9 | G41: ='[6]26.1'!$H$49 -> 20991.6 | H41: ='[6]26.1'!$N$49 -> 20991.6 | I41: =IFERROR(H41/D41,"-") -> - | J41: =IFERROR(G41-E41,"-") -> 20991.6 | K41: 0 | L41: =IFERROR(G41-F41,"-") -> -29.3 | M41: =IFERROR(L41/F41,"-") -> -0.0013938509
B42: 总热效率 | C42: % | D42: =(D5*1000+D4*36000)/(D11*7000*4.1868) -> #DIV/0! | E42: =(E5*1000+E4*36000)/(E11*7000*4.1868) -> 0.77748653 | F42: =[3]金州!G42 -> 0.77582938 | G42: =(G5*1000+G4*36000)/(G11*7000*4.1868) -> 0.75769564 | H42: =(H5*1000+H4*36000)/(H11*7000*4.1868) -> 0.75769564 | I42: - | J42: =IFERROR(G42-E42,"-") -> -0.019790886 | K42: - | L42: =IFERROR(G42-F42,"-") -> -0.018133743 | M42: -
B43: 热电比 | C43: % | D43: =D5*100/(D4*3600) -> #DIV/0! | E43: =E5*100/(E4*3600) -> 8.7962963 | F43: =[3]金州!G43 -> 8.7886375 | G43: =G5*100/(G4*3600) -> 10.12401 | H43: =H5*100/(H4*3600) -> 10.12401 | I43: - | J43: =IFERROR(G43-E43,"-") -> 1.3277134 | K43: - | L43: =IFERROR(G43-F43,"-") -> 1.3353722 | M43: -
B44: 热分摊比 | C44: % | D44: =D10/D11 -> #DIV/0! | E44: =E10/E11 -> 0.81039365 | F44: =[3]金州!G44 -> 0.80821348 | G44: =G10/G11 -> 0.79989365 | H44: =H10/H11 -> 0.79989365 | I44: - | J44: =IFERROR(G44-E44,"-") -> -0.010499996 | K44: - | L44: =IFERROR(G44-F44,"-") -> -0.0083198293 | M44: 0
B45: 供暖热耗率 | C45: 吉焦/米2 | D45: =(D5-D7)/D8 -> #DIV/0! | E45: =(E5-E7)/E8 -> 0.076738368 | F45: =[3]金州!G45 -> 0.073625004 | G45: =(G5-G7)/G8 -> 0.086876633 | H45: =(H5-H7)/H8 -> 0.086876633 | I45: =IFERROR(H45/D45,"-") -> - | J45: =IFERROR(G45-E45,"-") -> 0.010138265 | K45: =IFERROR(J45/E45,"-") -> 0.13211469 | L45: =IFERROR(G45-F45,"-") -> 0.01325163 | M45: =IFERROR(L45/F45,"-") -> 0.17998817
B46: 供暖水耗率 | C46: 千克/米2 | D46: =D22*1000/D8 -> #DIV/0! | E46: =E22*1000/E8 -> 8.1816018 | F46: =F22*1000/F8 -> 9.7930554 | G46: =G22*1000/G8 -> 6.4156416 | H46: =H22*1000/H8 -> 6.4156416 | I46: =IFERROR(H46/D46,"-") -> - | J46: =IFERROR(G46-E46,"-") -> -1.7659602 | K46: =IFERROR(J46/E46,"-") -> -0.21584529 | L46: =IFERROR(G46-F46,"-") -> -3.3774138 | M46: =IFERROR(L46/F46,"-") -> -0.34487845
B47: 供暖电耗率 | C47: 千瓦时/米2 | D47: =D26*10000/D8 -> #DIV/0! | E47: =E26*10000/E8 -> 0.28832952 | F47: =F26*10000/F8 -> 0.3039282 | G47: =G26*10000/G8 -> 0.28852621 | H47: =H26*10000/H8 -> 0.28852621 | I47: =IFERROR(H47/D47,"-") -> - | J47: =IFERROR(G47-E47,"-") -> 0.00019668983 | K47: =IFERROR(J47/E47,"-") -> 0.00068217029 | L47: =IFERROR(G47-F47,"-") -> -0.015401994 | M47: =IFERROR(L47/F47,"-") -> -0.050676422
A48: 设备利用率 | B48: 发电设备利用率 | C48: % | D48: =D3/3.6/8760 -> 0 | E48: =E3/3.6/(DAY(DATE(2026,2,0))*24) -> 0.85872162 | F48: =[3]金州!G46 -> 0.82626344 | G48: =G3/3.6/(DAY(DATE(2026,2,0))*24) -> 0.8453405 | H48: =H3/3.6/(DATEDIF(DATE(2026,1,1),DATE(2026,2,1),"D")*24) -> 0.8453405 | I48: - | J48: =IFERROR(G48-E48,"-") -> -0.013381123 | K48: - | L48: =IFERROR(G48-F48,"-") -> 0.019077061 | M48: -
B49: 供热设备利用率 | C49: % | D49: =D5*1000/414/(8760*3600) -> 0 | E49: =E5*1000/414/((DAY(DATE(2026,2,0))*24)*3600) -> 0.4626383 | F49: =[3]金州!G47 -> 0.44292432 | G49: =G5*1000/414/((DAY(DATE(2026,2,0))*24)*3600) -> 0.51415439 | H49: =H5*1000/414/((DATEDIF(DATE(2026,1,1),DATE(2026,2,1),"D")*24)*3600) -> 0.51415439 | I49: - | J49: =IFERROR(G49-E49,"-") -> 0.051516083 | K49: - | L49: =IFERROR(G49-F49,"-") -> 0.071230066 | M49: -

Sheet 北方
A1: 指标类别 | B1: 项 目 | C1: 计量单位 | D1: 本年计划 | E1: 本月计划 | F1: 上年同期 | G1: 本月实际 | H1: 本年累计 | I1: 年计划 完成率 | J1: 与月计划比较 | L1: 与上年同期比较
J2: 差异 | K2: ±% | L2: 差异 | M2: ±%
A3: 产销指标 | B3: 发电量 | C3: 万千瓦时 | E3: ='[2]12.北方热电表'!$M$7 -> 1221 | F3: =[3]北方!G3 -> 1203.51 | G3: ='[6]26.1'!$I$7/10000 -> 1535.29 | H3: ='[6]26.1'!$O$7/10000 -> 1535.29 | I3: =IFERROR(H3/D3,"-") -> - | J3: =IFERROR(G3-E3,"-") -> 314.29 | K3: =IFERROR(J3/E3,"-") -> 0.25740377 | L3: =IFERROR(G3-F3,"-") -> 331.78 | M3: =IFERROR(L3/F3,"-") -> 0.27567698
B4: 售电量 | C4: 万千瓦时 | E4: ='[2]12.北方热电表'!$M$14 -> 892 | F4: =[3]北方!G4 -> 873.576 | G4: ='[6]26.1'!$I$8/10000 -> 1115.0964 | H4: ='[6]26.1'!$O$8/10000 -> 1115.0964 | I4: =IFERROR(H4/D4,"-") -> - | J4: =IFERROR(G4-E4,"-") -> 223.0964 | K4: =IFERROR(J4/E4,"-") -> 0.25010807 | L4: =IFERROR(G4-F4,"-") -> 241.5204 | M4: =IFERROR(L4/F4,"-") -> 0.27647325
B5: 供热量 | C5: 吉焦 | E5: ='[2]12.北方热电表'!$M$8 -> 261000 | F5: =[3]北方!G5 -> 250183.46 | G5: ='[6]26.1'!$I$9 -> 292094.32 | H5: ='[6]26.1'!$O$9 -> 292094.32 | I5: =IFERROR(H5/D5,"-") -> - | J5: =IFERROR(G5-E5,"-") -> 31094.32 | K5: =IFERROR(J5/E5,"-") -> 0.11913533 | L5: =IFERROR(G5-F5,"-") -> 41910.86 | M5: =IFERROR(L5/F5,"-") -> 0.16752051
B6: 高温水销售量 | C6: 吉焦 | E6: ='[2]12.北方热电表'!$M$25 -> 4500 | F6: =[3]北方!G6 -> 4203 | G6: =[5]售热量!$D$24 -> 6898.5 | H6: =[5]售热量!$D$24 -> 6898.5 | I6: =IFERROR(H6/D6,"-") -> - | J6: =IFERROR(G6-E6,"-") -> 2398.5 | K6: =IFERROR(J6/E6,"-") -> 0.533 | L6: =IFERROR(G6-F6,"-") -> 2695.5 | M6: =IFERROR(L6/F6,"-") -> 0.64132762
B7: 期末供暖收费面积 | C7: 平方米 | E7: ='[2]12.北方热电表'!$M$19 -> 3038545 | F7: =[3]北方!G7 -> 3008545.2 | G7: ='[6]26.1'!$I$13 -> 2993404 | H7: ='[6]26.1'!$O$13 -> 2993404 | I7: =IFERROR(H7/D7,"-") -> - | J7: =IFERROR(G7-E7,"-") -> -45141 | K7: =IFERROR(J7/E7,"-") -> -0.014856124 | L7: =IFERROR(G7-F7,"-") -> -15141.17 | M7: =IFERROR(L7/F7,"-") -> -0.0050327215
A8: 消耗指标 | B8: 发电耗标煤量 | C8: 吨 | E8: ='[2]12.北方热电表'!$M$30 -> 2555.142 | F8: =[3]北方!G8 -> 2665.5297 | G8: ='[6]26.1'!$I$39 -> 3561.819 | H8: ='[6]26.1'!$O$39 -> 3561.819 | I8: =IFERROR(H8/D8,"-") -> - | J8: =IFERROR(G8-E8,"-") -> 1006.677 | K8: =IFERROR(J8/E8,"-") -> 0.39398083 | L8: =IFERROR(G8-F8,"-") -> 896.28929 | M8: =IFERROR(L8/F8,"-") -> 0.33625185
B9: 供热耗标煤量 | C9: 吨 | E9: ='[2]12.北方热电表'!$M$33 -> 10257.058 | F9: =[3]北方!G9 -> 9965.1143 | G9: ='[6]26.1'!$I$42 -> 11290.529 | H9: ='[6]26.1'!$O$42 -> 11290.529 | I9: =IFERROR(H9/D9,"-") -> - | J9: =IFERROR(G9-E9,"-") -> 1033.4707 | K9: =IFERROR(J9/E9,"-") -> 0.10075703 | L9: =IFERROR(G9-F9,"-") -> 1325.4143 | M9: =IFERROR(L9/F9,"-") -> 0.13300543
B10: 耗标煤总量 | C10: 吨 | E10: ='[2]12.北方热电表'!$M$29 -> 12812.2 | F10: =[3]北方!G10 -> 12630.644 | G10: =SUM(G8:G9) -> 14852.348 | H10: =SUM(H8:H9) -> 14852.348 | I10: =IFERROR(H10/D10,"-") -> - | J10: =IFERROR(G10-E10,"-") -> 2040.1476 | K10: =IFERROR(J10/E10,"-") -> 0.15923476 | L10: =IFERROR(G10-F10,"-") -> 2221.7036 | M10: =IFERROR(L10/F10,"-") -> 0.17589789
B11: 其中：煤折标煤量 | C11: 吨 | D11: =D10-1.4571*D23 -> 0 | E11: =E10-1.4571*E23 -> 12802 | F11: =F10-1.4571*F23 -> 12617.822 | G11: ='[6]26.1'!$I$40+'[6]26.1'!$I$43 -> 14852.062 | H11: ='[6]26.1'!$O$40+'[6]26.1'!$O$43 -> 14852.062 | I11: =IFERROR(H11/D11,"-") -> - | J11: =IFERROR(G11-E11,"-") -> 2050.0616 | K11: =IFERROR(J11/E11,"-") -> 0.16013604 | L11: =IFERROR(G11-F11,"-") -> 2234.2404 | M11: =IFERROR(L11/F11,"-") -> 0.17707022
B12: 生产耗原煤量 | C12: 吨 | E12: ='[2]12.北方热电表'!$M$26 -> 17650 | F12: =[3]北方!G12 -> 17767.37 | G12: ='[6]26.1'!$I$14 -> 20654.19 | H12: ='[6]26.1'!$O$14 -> 20654.19 | I12: =IFERROR(H12/D12,"-") -> - | J12: =IFERROR(G12-E12,"-") -> 3004.19 | K12: =IFERROR(J12/E12,"-") -> 0.17020907 | L12: =IFERROR(G12-F12,"-") -> 2886.82 | M12: =IFERROR(L12/F12,"-") -> 0.16247875
B13: 耗碱量 | C13: 吨 | E13: ='[2]12.北方热电表'!$M$53 -> 21 | F13: =[3]北方!G13 -> 7.12 | G13: ='[6]26.1'!$I$23 -> 2.3 | H13: ='[6]26.1'!$O$23 -> 2.3 | I13: =IFERROR(H13/D13,"-") -> - | J13: =IFERROR(G13-E13,"-") -> -18.7 | K13: =IFERROR(J13/E13,"-") -> -0.89047619 | L13: =IFERROR(G13-F13,"-") -> -4.82 | M13: =IFERROR(L13/F13,"-") -> -0.67696629
B14: 耗酸量 | C14: 吨 | E14: ='[2]12.北方热电表'!$M$52 -> 18 | F14: =[3]北方!G14 -> 6.72 | G14: ='[6]26.1'!$I$22 -> 2.31 | H14: ='[6]26.1'!$O$22 -> 2.31 | I14: =IFERROR(H14/D14,"-") -> - | J14: =IFERROR(G14-E14,"-") -> -15.69 | K14: =IFERROR(J14/E14,"-") -> -0.87166667 | L14: =IFERROR(G14-F14,"-") -> -4.41 | M14: =IFERROR(L14/F14,"-") -> -0.65625
B15: 耗氨水量 | C15: 吨 | E15: ='[2]12.北方热电表'!$M$56 -> 345 | F15: =[3]北方!G15 -> 386.346 | G15: ='[6]26.1'!$I$26 -> 74.273 | H15: ='[6]26.1'!$O$26 -> 74.273 | I15: =IFERROR(H15/D15,"-") -> - | J15: =IFERROR(G15-E15,"-") -> -270.727 | K15: =IFERROR(J15/E15,"-") -> -0.78471594 | L15: =IFERROR(G15-F15,"-") -> -312.073 | M15: =IFERROR(L15/F15,"-") -> -0.80775522
B16: 耗阻垢剂量 | C16: 吨 | E16: ='[2]12.北方热电表'!$M$59 -> 0.1 | F16: =[3]北方!G16 -> 0.119 | G16: ='[6]26.1'!$I$27 -> 0.05 | H16: ='[6]26.1'!$O$27 -> 0.05 | I16: =IFERROR(H16/D16,"-") -> - | J16: =IFERROR(G16-E16,"-") -> -0.05 | K16: =IFERROR(J16/E16,"-") -> -0.5 | L16: =IFERROR(G16-F16,"-") -> -0.069 | M16: =IFERROR(L16/F16,"-") -> -0.57983193
B17: 耗杀菌剂量 | C17: 吨 | E17: ='[2]12.北方热电表'!$M$60 -> 0 | F17: =[3]北方!G17 -> 0 | G17: ='[6]26.1'!$I$28 -> 0 | H17: ='[6]26.1'!$O$28 -> 0 | I17: =IFERROR(H17/D17,"-") -> - | J17: =IFERROR(G17-E17,"-") -> 0 | K17: =IFERROR(J17/E17,"-") -> - | L17: =IFERROR(G17-F17,"-") -> 0 | M17: =IFERROR(L17/F17,"-") -> -
B18: 脱硫脱硝耗水量 | C18: 吨 | E18: ='[2]12.北方热电表'!$M$75 -> 7400 | F18: =[3]北方!G18 -> 7487 | G18: ='[6]26.1'!$I$65 -> 7404 | H18: ='[6]26.1'!$O$65 -> 7404 | I18: =IFERROR(H18/D18,"-") -> - | J18: =IFERROR(G18-E18,"-") -> 4 | K18: =IFERROR(J18/E18,"-") -> 0.00054054054 | L18: =IFERROR(G18-F18,"-") -> -83 | M18: =IFERROR(L18/F18,"-") -> -0.011085882
B19: 脱硫脱硝耗电量 | C19: 千瓦时 | E19: ='[2]12.北方热电表'!$M$76*10000 -> 440000 | F19: =[3]北方!G19 -> 441012 | G19: ='[6]26.1'!$I$66 -> 619963 | H19: ='[6]26.1'!$O$66 -> 619963 | I19: =IFERROR(H19/D19,"-") -> - | J19: =IFERROR(G19-E19,"-") -> 179963 | K19: =IFERROR(J19/E19,"-") -> 0.40900682 | L19: =IFERROR(G19-F19,"-") -> 178951 | M19: =IFERROR(L19/F19,"-") -> 0.40577354
B20: 耗水量 | C20: 吨 | E20: ='[2]12.北方热电表'!$M$41 -> 38400 | F20: =[3]北方!G20 -> 43108.9 | G20: ='[6]26.1'!$I$20 -> 34653 | H20: ='[6]26.1'!$O$20 -> 34653 | I20: =IFERROR(H20/D20,"-") -> - | J20: =IFERROR(G20-E20,"-") -> -3747 | K20: =IFERROR(J20/E20,"-") -> -0.097578125 | L20: =IFERROR(G20-F20,"-") -> -8455.9 | M20: =IFERROR(L20/F20,"-") -> -0.19615207
B21: 其中：耗井水量 | C21: 吨 | E21: ='[2]12.北方热电表'!$M$51 -> 0 | F21: =[3]北方!G21 -> 21789.9 | G21: ='[6]26.1'!$I$21 -> 11538 | H21: ='[6]26.1'!$O$21 -> 11538 | I21: =IFERROR(H21/D21,"-") -> - | J21: =IFERROR(G21-E21,"-") -> 11538 | K21: =IFERROR(J21/E21,"-") -> - | L21: =IFERROR(G21-F21,"-") -> -10251.9 | M21: =IFERROR(L21/F21,"-") -> -0.47048862
B22: 热网耗水量 | C22: 吨 | E22: ='[2]12.北方热电表'!$M$43+'[2]12.北方热电表'!$M$47 -> 28400 | F22: =[3]北方!G22 -> 32644 | G22: ='[6]26.1'!$I$62 -> 22885 | H22: ='[6]26.1'!$O$62 -> 22885 | I22: =IFERROR(H22/D22,"-") -> - | J22: =IFERROR(G22-E22,"-") -> -5515 | K22: =IFERROR(J22/E22,"-") -> -0.19419014 | L22: =IFERROR(G22-F22,"-") -> -9759 | M22: =IFERROR(L22/F22,"-") -> -0.29895233
B23: 炉耗油量 | C23: 吨 | E23: ='[2]12.北方热电表'!$M$37 -> 7 | F23: =[3]北方!G23 -> 8.8 | G23: ='[6]26.1'!$I$17 -> 0.2 | H23: ='[6]26.1'!$O$17 -> 0.2 | I23: =IFERROR(H23/D23,"-") -> - | J23: =IFERROR(G23-E23,"-") -> -6.8 | K23: =IFERROR(J23/E23,"-") -> -0.97142857 | L23: =IFERROR(G23-F23,"-") -> -8.6 | M23: =IFERROR(L23/F23,"-") -> -0.97727273
B24: 耗石灰石量 | C24: 吨 | E24: ='[2]12.北方热电表'!$M$54 -> 830 | F24: =[3]北方!G24 -> 837.04 | G24: ='[6]26.1'!$I$24 -> 601.88 | H24: ='[6]26.1'!$O$24 -> 601.88 | I24: =IFERROR(H24/D24,"-") -> - | J24: =IFERROR(G24-E24,"-") -> -228.12 | K24: =IFERROR(J24/E24,"-") -> -0.27484337 | L24: =IFERROR(G24-F24,"-") -> -235.16 | M24: =IFERROR(L24/F24,"-") -> -0.28094237
B25: 耗石灰石粉量 | C25: 吨 | E25: ='[2]12.北方热电表'!$M$55 -> 270 | F25: =[3]北方!G25 -> 299.42 | G25: ='[6]26.1'!$I$25 -> 364.38 | H25: ='[6]26.1'!$O$25 -> 364.38 | I25: =IFERROR(H25/D25,"-") -> - | J25: =IFERROR(G25-E25,"-") -> 94.38 | K25: =IFERROR(J25/E25,"-") -> 0.34955556 | L25: =IFERROR(G25-F25,"-") -> 64.96 | M25: =IFERROR(L25/F25,"-") -> 0.21695278
B26: 外购电量 | C26: 万千瓦时 | E26: ='[2]12.北方热电表'!$M$70 -> 98 | F26: =[3]北方!G26 -> 100.3755 | G26: ='[6]26.1'!$I$60/10000 -> 102.7192 | H26: ='[6]26.1'!$O$60/10000 -> 102.7192 | I26: =IFERROR(H26/D26,"-") -> - | J26: =IFERROR(G26-E26,"-") -> 4.7192 | K26: =IFERROR(J26/E26,"-") -> 0.048155102 | L26: =IFERROR(G26-F26,"-") -> 2.3437 | M26: =IFERROR(L26/F26,"-") -> 0.023349323
B27: 其中：热网耗电量 | C27: 万千瓦时 | E27: ='[2]12.北方热电表'!$M$73 -> 98 | F27: =[3]北方!G27 -> 100.3755 | G27: ='[6]26.1'!$I$61/10000 -> 102.7192 | H27: ='[6]26.1'!$O$61/10000 -> 102.7192 | I27: =IFERROR(H27/D27,"-") -> - | J27: =IFERROR(G27-E27,"-") -> 4.7192 | K27: =IFERROR(J27/E27,"-") -> 0.048155102 | L27: =IFERROR(G27-F27,"-") -> 2.3437 | M27: =IFERROR(L27/F27,"-") -> 0.023349323
B28: 综合厂用电量 | C28: 万千瓦时 | E28: ='[2]12.北方热电表'!$M$65 -> 329 | F28: =[3]北方!G28 -> 329.934 | G28: ='[6]26.1'!$I$30/10000 -> 420.1936 | H28: ='[6]26.1'!$O$30/10000 -> 420.1936 | I28: =IFERROR(H28/D28,"-") -> - | J28: =IFERROR(G28-E28,"-") -> 91.1936 | K28: =IFERROR(J28/E28,"-") -> 0.27718419 | L28: =IFERROR(G28-F28,"-") -> 90.2596 | M28: =IFERROR(L28/F28,"-") -> 0.27356865
B29: 发电厂用电量 | C29: 万千瓦时 | E29: ='[2]12.北方热电表'!$M$68 -> 69.4 | F29: =[3]北方!G29 -> 69.628189 | G29: ='[6]26.1'!$I$33/10000 -> 100.76882 | H29: ='[6]26.1'!$O$33/10000 -> 100.76882 | I29: =IFERROR(H29/D29,"-") -> - | J29: =IFERROR(G29-E29,"-") -> 31.368819 | K29: =IFERROR(J29/E29,"-") -> 0.45200028 | L29: =IFERROR(G29-F29,"-") -> 31.14063 | M29: =IFERROR(L29/F29,"-") -> 0.44724171
B30: 供热厂用电量 | C30: 万千瓦时 | E30: ='[2]12.北方热电表'!$M$69 -> 259.6 | F30: =[3]北方!G30 -> 260.30581 | G30: ='[6]26.1'!$I$34/10000 -> 319.42478 | H30: ='[6]26.1'!$O$34/10000 -> 319.42478 | I30: =IFERROR(H30/D30,"-") -> - | J30: =IFERROR(G30-E30,"-") -> 59.824781 | K30: =IFERROR(J30/E30,"-") -> 0.23044985 | L30: =IFERROR(G30-F30,"-") -> 59.11897 | M30: =IFERROR(L30/F30,"-") -> 0.22711352
A31: 单耗与效率 | B31: 综合厂用电率 | C31: % | D31: =D28/D3 -> #DIV/0! | E31: =E28/E3 -> 0.26945127 | F31: =[3]北方!G31 -> 0.27414313 | G31: =G28/G3 -> 0.27369005 | H31: =H28/H3 -> 0.27369005 | I31: - | J31: =IFERROR(G31-E31,"-") -> 0.0042387826 | K31: - | L31: =IFERROR(G31-F31,"-") -> -0.0004530793 | M31: -
B32: 发电厂用电率 | C32: % | D32: =D29/D3 -> #DIV/0! | E32: =E29/E3 -> 0.056838657 | F32: =[3]北方!G32 -> 0.057854267 | G32: =G29/G3 -> 0.065635039 | H32: =H29/H3 -> 0.065635039 | I32: - | J32: =IFERROR(G32-E32,"-") -> 0.0087963822 | K32: - | L32: =IFERROR(G32-F32,"-") -> 0.0077807721 | M32: -
B33: 供热厂用电率 | C33: 千瓦时/吉焦 | D33: =D30*10000/D5 -> #DIV/0! | E33: =E30*10000/E5 -> 9.9463602 | F33: =[3]北方!G33 -> 10.404597 | G33: =G30*10000/G5 -> 10.935672 | H33: =H30*10000/H5 -> 10.935672 | I33: =IFERROR(H33/D33,"-") -> - | J33: =IFERROR(G33-E33,"-") -> 0.9893123 | K33: =IFERROR(J33/E33,"-") -> 0.099464757 | L33: =IFERROR(G33-F33,"-") -> 0.53107532 | M33: =IFERROR(L33/F33,"-") -> 0.051042372
B34: 发电煤耗率 | C34: 克/千瓦时 | D34: =D8*100/D3 -> #DIV/0! | E34: =E8*100/E3 -> 209.26634 | F34: =[3]北方!G34 -> 221.47964 | G34: =G8*100/G3 -> 231.99649 | H34: =H8*100/H3 -> 231.99649 | I34: =IFERROR(H34/D34,"-") -> - | J34: =IFERROR(G34-E34,"-") -> 22.730154 | K34: =IFERROR(J34/E34,"-") -> 0.1086183 | L34: =IFERROR(G34-F34,"-") -> 10.516849 | M34: =IFERROR(L34/F34,"-") -> 0.047484494
B35: 供电煤耗率 | C35: 克/千瓦时 | D35: =D8*100/(D3-D29) -> #DIV/0! | E35: =E8*100/(E3-E29) -> 221.87756 | F35: =[3]北方!G35 -> 235.08003 | G35: =G8*100/(G3-G29) -> 248.29323 | H35: =H8*100/(H3-H29) -> 248.29323 | I35: =IFERROR(H35/D35,"-") -> - | J35: =IFERROR(G35-E35,"-") -> 26.415667 | K35: =IFERROR(J35/E35,"-") -> 0.11905515 | L35: =IFERROR(G35-F35,"-") -> 13.213202 | M35: =IFERROR(L35/F35,"-") -> 0.05620725
B36: 供热煤耗率 | C36: 千克/吉焦 | D36: =D9*1000/D5 -> #DIV/0! | E36: =E9*1000/E5 -> 39.299073 | F36: =[3]北方!G36 -> 39.831228 | G36: =G9*1000/G5 -> 38.653708 | H36: =H9*1000/H5 -> 38.653708 | I36: =IFERROR(H36/D36,"-") -> - | J36: =IFERROR(G36-E36,"-") -> -0.64536446 | K36: =IFERROR(J36/E36,"-") -> -0.016421875 | L36: =IFERROR(G36-F36,"-") -> -1.1775192 | M36: =IFERROR(L36/F36,"-") -> -0.029562714
B37: 发电水耗率 | C37: 吨/万千瓦时 | D37: =((D20-D22)*(1-D45))/D3 -> #DIV/0! | E37: =((E20-E22)*(1-E45))/E3 -> 1.6333365 | F37: =[3]北方!G37 -> 1.835031 | G37: =((G20-G22)*(1-G45))/G3 -> 1.838184 | H37: =((H20-H22)*(1-H45))/H3 -> 1.838184 | I37: =IFERROR(H37/D37,"-") -> - | J37: =IFERROR(G37-E37,"-") -> 0.20484747 | K37: =IFERROR(J37/E37,"-") -> 0.12541658 | L37: =IFERROR(G37-F37,"-") -> 0.0031529682 | M37: =IFERROR(L37/F37,"-") -> 0.0017182098
B38: 供热水耗率 | C38: 吨/吉焦 | D38: =((D20-D22)*D45+D22)/D5 -> #DIV/0! | E38: =((E20-E22)*E45+E22)/E5 -> 0.13948543 | F38: =[3]北方!G38 -> 0.16348172 | G38: =((G20-G22)*G45+G22)/G5 -> 0.10897458 | H38: =((H20-H22)*H45+H22)/H5 -> 0.10897458 | I38: =IFERROR(H38/D38,"-") -> - | J38: =IFERROR(G38-E38,"-") -> -0.03051085 | K38: =IFERROR(J38/E38,"-") -> -0.21873863 | L38: =IFERROR(G38-F38,"-") -> -0.054507142 | M38: =IFERROR(L38/F38,"-") -> -0.3334143
B39: 入厂煤量 | C39: 吨 | D39: 0 | E39: 0 | F39: =[3]北方!G39 -> 27004.62 | G39: ='[6]26.1'!$I$57 -> 17015.74 | H39: ='[6]26.1'!$O$57 -> 17015.74 | I39: =IFERROR(H39/D39,"-") -> - | J39: =IFERROR(G39-E39,"-") -> 17015.74 | K39: =IFERROR(J39/E39,"-") -> - | L39: =IFERROR(G39-F39,"-") -> -9988.88 | M39: =IFERROR(L39/F39,"-") -> -0.36989523
B40: 期末库存煤量 | C40: 吨 | D40: 0 | E40: 0 | F40: =[3]北方!G40 -> 17683.45 | G40: =H40 -> 20225.95 | H40: ='[6]26.1'!$O$59 -> 20225.95 | I40: =IFERROR(H40/D40,"-") -> - | J40: =IFERROR(G40-E40,"-") -> 20225.95 | K40: =IFERROR(J40/E40,"-") -> - | L40: =IFERROR(G40-F40,"-") -> 2542.5 | M40: =IFERROR(L40/F40,"-") -> 0.1437785
B41: 入炉煤低位发热量 | C41: 千焦/千克 | D41: =D10/D12*29308 -> #DIV/0! | E41: =(E10-1.4571*E23)*29308/E12 -> 21257.848 | F41: =[3]北方!G41 -> 20814.024 | G41: ='[6]26.1'!$I$48 -> 21074.863 | H41: ='[6]26.1'!$O$48 -> 21074.863 | I41: =IFERROR(H41/D41,"-") -> - | J41: =IFERROR(G41-E41,"-") -> -182.98517 | K41: =IFERROR(J41/E41,"-") -> -0.0086078876 | L41: =IFERROR(G41-F41,"-") -> 260.83899 | M41: =IFERROR(L41/F41,"-") -> 0.012531887
B42: 入厂煤低位发热量 | C42: 千焦/千克 | D42: 0 | E42: 0 | F42: =[3]北方!G42 -> 20903.818 | G42: ='[6]26.1'!$I$49 -> 20480 | H42: ='[6]26.1'!$O$49 -> 20480 | I42: =IFERROR(H42/D42,"-") -> - | J42: =IFERROR(G42-E42,"-") -> 20480 | K42: =IFERROR(J42/E42,"-") -> - | L42: =IFERROR(G42-F42,"-") -> -423.8184 | M42: =IFERROR(L42/F42,"-") -> -0.020274688
B43: 总热效率 | C43: % | D43: =(D5*1000+D4*36000)/(D10*7000*4.1868) -> #DIV/0! | E43: =(E5*1000+E4*36000)/(E10*7000*4.1868) -> 0.78060195 | F43: =[3]北方!G43 -> 0.7608106 | G43: =(G5*1000+G4*36000)/(G10*7000*4.1868) -> 0.76326205 | H43: =(H5*1000+H4*36000)/(H10*7000*4.1868) -> 0.76326205 | I43: - | J43: =IFERROR(G43-E43,"-") -> -0.017339904 | K43: - | L43: =IFERROR(G43-F43,"-") -> 0.0024514543 | M43: -
B44: 热电比 | C44: % | D44: =D5*100/(D4*3600) -> #DIV/0! | E44: =E5*100/(E4*3600) -> 8.1278027 | F44: =[3]北方!G44 -> 7.9552787 | G44: =G5*100/(G4*3600) -> 7.2762598 | H44: =H5*100/(H4*3600) -> 7.2762598 | I44: - | J44: =IFERROR(G44-E44,"-") -> -0.85154289 | K44: - | L44: =IFERROR(G44-F44,"-") -> -0.67901891 | M44: -
B45: 热分摊比 | C45: % | D45: =D9/D10 -> #DIV/0! | E45: =E9/E10 -> 0.80056961 | F45: =[3]北方!G45 -> 0.78896328 | G45: =G9/G10 -> 0.76018478 | H45: =H9/H10 -> 0.76018478 | I45: - | J45: =IFERROR(G45-E45,"-") -> -0.04038483 | K45: - | L45: =IFERROR(G45-F45,"-") -> -0.028778497 | M45: -
B46: 供暖热耗率 | C46: 吉焦/米2 | D46: 0.2785279 | E46: =(E5-E6)/E7 -> 0.084415403 | F46: =[3]北方!G46 -> 0.062314188 | G46: =(G5-G6)/G7 -> 0.095274751 | H46: =(H5-H6)/H7 -> 0.095274751 | I46: =IFERROR(H46/D46,"-") -> 0.34206538 | J46: =IFERROR(G46-E46,"-") -> 0.010859348 | K46: =IFERROR(J46/E46,"-") -> 0.12864178 | L46: =IFERROR(G46-F46,"-") -> 0.032960562 | M46: =IFERROR(L46/F46,"-") -> 0.52894154
B47: 供暖水耗率 | C47: 千克/米2 | D47: =D22*1000/D7 -> #DIV/0! | E47: =E22*1000/E7 -> 9.3465787 | F47: =F22*1000/F7 -> 10.850427 | G47: =G22*1000/G7 -> 7.6451425 | H47: =H22*1000/H7 -> 7.6451425 | I47: =IFERROR(H47/D47,"-") -> - | J47: =IFERROR(G47-E47,"-") -> -1.7014363 | K47: =IFERROR(J47/E47,"-") -> -0.1820384 | L47: =IFERROR(G47-F47,"-") -> -3.2052846 | M47: =IFERROR(L47/F47,"-") -> -0.29540631
B48: 供暖电耗率 | C48: 千瓦时/米2 | D48: =D27*10000/D7 -> #DIV/0! | E48: =E27*10000/E7 -> 0.32252279 | F48: =F27*10000/F7 -> 0.33363468 | G48: =G27*10000/G7 -> 0.34315181 | H48: =H27*10000/H7 -> 0.34315181 | I48: =IFERROR(H48/D48,"-") -> - | J48: =IFERROR(G48-E48,"-") -> 0.020629023 | K48: =IFERROR(J48/E48,"-") -> 0.063961445 | L48: =IFERROR(G48-F48,"-") -> 0.0095171315 | M48: =IFERROR(L48/F48,"-") -> 0.028525606
A49: 设备利用率 | B49: 发电设备利用率 | C49: % | D49: =D3/3.28/8760 -> 0 | E49: =E3/3.28/(DAY(DATE(2026,2,0))*24) -> 0.50034422 | F49: =[3]北方!G47 -> 0.40849014 | G49: =G3/3.28/(DAY(DATE(2026,2,0))*24) -> 0.6291347 | H49: =H3/3.28/(DATEDIF(DATE(2026,1,1),DATE(2026,2,1),"D")*24) -> 0.6291347 | I49: =IFERROR(H49/D49,"-") -> - | J49: =IFERROR(G49-E49,"-") -> 0.12879049 | K49: - | L49: =IFERROR(G49-F49,"-") -> 0.22064456 | M49: -
B50: 供热设备利用率 | C50: % | D50: =D5*1000/130/(8760*3600) -> 0 | E50: =E5*1000/130/((DAY(DATE(2026,2,0))*24)*3600) -> 0.74958644 | F50: =[3]北方!G48 -> 0.71852156 | G50: =G5*1000/130/((DAY(DATE(2026,2,0))*24)*3600) -> 0.83888866 | H50: =H5*1000/130/((DATEDIF(DATE(2026,1,1),DATE(2026,2,1),"D")*24)*3600) -> 0.83888866 | I50: =IFERROR(H50/D50,"-") -> - | J50: =IFERROR(G50-E50,"-") -> 0.089302224 | K50: - | L50: =IFERROR(G50-F50,"-") -> 0.1203671 | M50: -

Sheet 金普
A1: 指标类别 | B1: 项 目 | C1: 计量单位 | D1: 本年计划 | E1: 本月计划 | F1: 上年同期 | G1: 本月实际 | H1: 本年累计 | I1: 年计划 完成率 | J1: 与月计划比较 | L1: 与上年同期比较
J2: 差异 | K2: ±% | L2: 差异 | M2: ±%
A3: 产销指标 | B3: 装机总容量 | C3: 兆瓦 | D3: =99+63 -> 162 | E3: =99+63 -> 162 | F3: =[3]金普!G3 -> 162 | G3: ='[7]26.1'!E3+'[7]26.1'!F3 -> 162 | H3: ='[7]26.1'!$J$3 -> 162 | I3: =IFERROR(H3/D3,"-") -> 1 | J3: =IFERROR(G3-E3,"-") -> 0 | K3: =IFERROR(J3/E3,"-") -> 0 | L3: =IFERROR(G3-F3,"-") -> 0 | M3: =IFERROR(L3/F3,"-") -> 0
B4: 期末供热面积 | C4: 平方米 | E4: ='[2]13.金普热电表'!$M$19+E5 -> 1796212 | F4: =[3]金普!G4 -> 1759025.2 | G4: ='[7]26.1'!E4+'[7]26.1'!F4 -> 1769458.5 | H4: ='[7]26.1'!$J$4 -> 1769458.5 | I4: =IFERROR(H4/D4,"-") -> - | J4: =IFERROR(G4-E4,"-") -> -26753.46 | K4: =IFERROR(J4/E4,"-") -> -0.014894378 | L4: =IFERROR(G4-F4,"-") -> 10433.29 | M4: =IFERROR(L4/F4,"-") -> 0.0059312906
B5: 其中：高温水面积 | C5: 平方米 | E5: 55000 | F5: =[3]金普!G5 -> 55000 | G5: ='[7]26.1'!E5+'[7]26.1'!F5 -> 55000 | H5: ='[7]26.1'!$J$5 -> 55000 | I5: =IFERROR(H5/D5,"-") -> - | J5: =IFERROR(G5-E5,"-") -> 0 | K5: =IFERROR(J5/E5,"-") -> 0 | L5: =IFERROR(G5-F5,"-") -> 0 | M5: =IFERROR(L5/F5,"-") -> 0
B6: 实际平均供热面积 | C6: 平方米 | D6: =D4 -> 0 | E6: =E4 -> 1796212 | F6: =[3]金普!G6 -> 1759025.2 | G6: ='[7]26.1'!E6+'[7]26.1'!F6 -> 1769458.5 | H6: ='[7]26.1'!$J$6 -> 1769458.5 | I6: =IFERROR(H6/D6,"-") -> - | J6: =IFERROR(G6-E6,"-") -> -26753.46 | K6: =IFERROR(J6/E6,"-") -> -0.014894378 | L6: =IFERROR(G6-F6,"-") -> 10433.29 | M6: =IFERROR(L6/F6,"-") -> 0.0059312906
B7: 供热量 | C7: 吉焦 | E7: ='[2]13.金普热电表'!$M$8 -> 152729.48 | F7: =[3]金普!G7 -> 148201.19 | G7: ='[7]26.1'!E8 -> 156456.25 | H7: ='[7]26.1'!$J$8 -> 156456.25 | I7: =IFERROR(H7/D7,"-") -> - | J7: =IFERROR(G7-E7,"-") -> 3726.7698 | K7: =IFERROR(J7/E7,"-") -> 0.024401116 | L7: =IFERROR(G7-F7,"-") -> 8255.0579 | M7: =IFERROR(L7/F7,"-") -> 0.055701697
B8: 高温水销售量 | C8: 吉焦 | E8: ='[2]13.金普热电表'!$M$25 -> 3989.7 | F8: =[3]金普!G8 -> 4030 | G8: ='[7]26.1'!E9 -> 4030 | H8: ='[7]26.1'!$J$9 -> 4030 | I8: =IFERROR(H8/D8,"-") -> - | J8: =IFERROR(G8-E8,"-") -> 40.3 | K8: =IFERROR(J8/E8,"-") -> 0.01010101 | L8: =IFERROR(G8-F8,"-") -> 0 | M8: =IFERROR(L8/F8,"-") -> 0
A9: 消耗指标 | B9: 生产耗原煤量 | C9: 吨 | E9: ='[2]13.金普热电表'!$M$26 -> 12684.95 | F9: =[3]金普!G9 -> 12005 | G9: ='[7]26.1'!E10 -> 12660 | H9: ='[7]26.1'!$J$10 -> 12660 | I9: =IFERROR(H9/D9,"-") -> - | J9: =IFERROR(G9-E9,"-") -> -24.95 | K9: =IFERROR(J9/E9,"-") -> -0.0019668978 | L9: =IFERROR(G9-F9,"-") -> 655 | M9: =IFERROR(L9/F9,"-") -> 0.0545606
B10: 耗标煤总量 | C10: 吨 | E10: ='[2]13.金普热电表'!$M$29 -> 7651.591 | F10: =[3]金普!G10 -> 7223.8293 | G10: ='[7]26.1'!E12 -> 7626.19 | H10: ='[7]26.1'!$J$12 -> 7626.19 | I10: =IFERROR(H10/D10,"-") -> - | J10: =IFERROR(G10-E10,"-") -> -25.400993 | K10: =IFERROR(J10/E10,"-") -> -0.0033197008 | L10: =IFERROR(G10-F10,"-") -> 402.36071 | M10: =IFERROR(L10/F10,"-") -> 0.05569909
B11: 耗水量 | C11: 吨 | E11: ='[2]13.金普热电表'!$M$41 -> 19720 | F11: =[3]金普!G11 -> 23200 | G11: ='[7]26.1'!E15 -> 22828 | H11: ='[7]26.1'!$J$15 -> 22828 | I11: =IFERROR(H11/D11,"-") -> - | J11: =IFERROR(G11-E11,"-") -> 3108 | K11: =IFERROR(J11/E11,"-") -> 0.15760649 | L11: =IFERROR(G11-F11,"-") -> -372 | M11: =IFERROR(L11/F11,"-") -> -0.016034483
B12: 外购电量 | C12: 万千瓦时 | E12: ='[2]13.金普热电表'!$M$70 -> 166.91781 | F12: =[3]金普!G12 -> 172.08337 | G12: ='[7]26.1'!$E$17/10000 -> 178.77141 | H12: ='[7]26.1'!$J$17/10000 -> 178.77141 | I12: =IFERROR(H12/D12,"-") -> - | J12: =IFERROR(G12-E12,"-") -> 11.853598 | K12: =IFERROR(J12/E12,"-") -> 0.071014575 | L12: =IFERROR(G12-F12,"-") -> 6.688041 | M12: =IFERROR(L12/F12,"-") -> 0.038865121
B13: 耗氧化镁量 | C13: 吨 | E13: ='[2]13.金普热电表'!$M$57 -> 61.48875 | F13: =[3]金普!G13 -> 64.725 | G13: ='[7]26.1'!$E$22 -> 43.975 | H13: ='[7]26.1'!$J$22 -> 43.975 | I13: =IFERROR(H13/D13,"-") -> - | J13: =IFERROR(G13-E13,"-") -> -17.51375 | K13: =IFERROR(J13/E13,"-") -> -0.28482853 | L13: =IFERROR(G13-F13,"-") -> -20.75 | M13: =IFERROR(L13/F13,"-") -> -0.3205871
B14: 耗脱硝剂量 | C14: 吨 | E14: ='[2]13.金普热电表'!$M$58 -> 22.99 | F14: =[3]金普!G14 -> 24.825 | G14: ='[7]26.1'!$E$23 -> 28.64 | H14: ='[7]26.1'!$J$23 -> 28.64 | I14: =IFERROR(H14/D14,"-") -> - | J14: =IFERROR(G14-E14,"-") -> 5.65 | K14: =IFERROR(J14/E14,"-") -> 0.24575903 | L14: =IFERROR(G14-F14,"-") -> 3.815 | M14: =IFERROR(L14/F14,"-") -> 0.15367573
A15: 单耗与 利用率 | B15: 供热用电率 | C15: 千瓦时/吉焦 | D15: =D12*10000/D7 -> #DIV/0! | E15: =E12*10000/E7 -> 10.928985 | F15: =F12*10000/F7 -> 11.61147 | G15: =G12*10000/G7 -> 11.426288 | H15: =H12*10000/H7 -> 11.426288 | I15: =IFERROR(H15/D15,"-") -> - | J15: =IFERROR(G15-E15,"-") -> 0.49730302 | K15: =IFERROR(J15/E15,"-") -> 0.045503132 | L15: =IFERROR(G15-F15,"-") -> -0.18518242 | M15: =IFERROR(L15/F15,"-") -> -0.015948232
B16: 供热煤耗率 | C16: 千克/吉焦 | D16: =D10*1000/D7 -> #DIV/0! | E16: =E10*1000/E7 -> 50.098979 | F16: =F10*1000/F7 -> 48.743395 | G16: =G10*1000/G7 -> 48.743275 | H16: =H10*1000/H7 -> 48.743275 | I16: =IFERROR(H16/D16,"-") -> - | J16: =IFERROR(G16-E16,"-") -> -1.3557039 | K16: =IFERROR(J16/E16,"-") -> -0.027060511 | L16: =IFERROR(G16-F16,"-") -> -0.00012039278 | M16: =IFERROR(L16/F16,"-") -> -2.4699301e-06
B17: 入厂煤量 | C17: 吨 | D17: 0 | E17: 0 | F17: =[3]金普!$G$17 -> 12984 | G17: ='[7]26.1'!$E$26 -> 9596 | H17: ='[7]26.1'!$J$26 -> 9596 | I17: =IFERROR(H17/D17,"-") -> - | J17: =IFERROR(G17-E17,"-") -> 9596 | K17: =IFERROR(J17/E17,"-") -> - | L17: =IFERROR(G17-F17,"-") -> -3388 | M17: =IFERROR(L17/F17,"-") -> -0.26093654
B18: 期末库存煤量 | C18: 吨 | D18: 0 | E18: 0 | F18: =[3]金普!G18 -> 8180.7 | G18: =H18 -> 9505.7 | H18: ='[7]26.1'!$J$27 -> 9505.7 | I18: =IFERROR(H18/D18,"-") -> - | J18: =IFERROR(G18-E18,"-") -> 9505.7 | K18: =IFERROR(J18/E18,"-") -> - | L18: =IFERROR(G18-F18,"-") -> 1325 | M18: =IFERROR(L18/F18,"-") -> 0.16196658
B19: 入炉煤低位发热量 | C19: 千焦/千克 | D19: =D10/D9*29308 -> #DIV/0! | E19: =E10*29308/E9 -> 17678.653 | F19: =F10/F9*29308 -> 17635.651 | G19: =G10/G9*29308 -> 17654.69 | H19: =H10/H9*29308 -> 17654.69 | I19: =IFERROR(H19/D19,"-") -> - | J19: =IFERROR(G19-E19,"-") -> -23.962868 | K19: =IFERROR(J19/E19,"-") -> -0.0013554691 | L19: =IFERROR(G19-F19,"-") -> 19.039218 | M19: =IFERROR(L19/F19,"-") -> 0.0010795869
B20: 锅炉热效率 | C20: % | D20: =D7*1000/(D9*D19) -> #DIV/0! | E20: =E7*1000/(E9*E19) -> 0.68105932 | F20: =F7/(F10*29.308) -> 0.7 | G20: =G7/(G10*29.308) -> 0.70000173 | H20: =H7/(H10*29.308) -> 0.70000173 | I20: - | J20: =IFERROR(G20-E20,"-") -> 0.018942404 | K20: - | L20: =IFERROR(G20-F20,"-") -> 1.7289553e-06 | M20: -
B21: 锅炉设备利用率 | C21: % | D21: =D7/3.6/D3/8760 -> 0 | E21: =E7/3.6/E3/(DAY(DATE(2026,2,0))*24) -> 0.3519917 | F21: =[3]金普!$G$21 -> 0.34155547 | G21: =G7/3.6/G3/(DAY(DATE(2026,2,0))*24) -> 0.36058069 | H21: =H7/3.6/H3/(DATEDIF(DATE(2026,1,1),DATE(2026,2,1),"D")*24) -> 0.36058069 | I21: - | J21: =IFERROR(G21-E21,"-") -> 0.0085889904 | K21: - | L21: =IFERROR(G21-F21,"-") -> 0.019025219 | M21: -
B22: 供暖热耗率 | C22: 吉焦/平方米 | D22: =(D7-D8)/D6 -> #DIV/0! | E22: =E7/E6 -> 0.085028649 | F22: =F7/F6 -> 0.084251884 | G22: =G7/G6 -> 0.08842041 | H22: =H7/H6 -> 0.08842041 | I22: =IFERROR(H22/D22,"-") -> - | J22: =IFERROR(G22-E22,"-") -> 0.003391761 | K22: =IFERROR(J22/E22,"-") -> 0.039889625 | L22: =IFERROR(G22-F22,"-") -> 0.0041685258 | M22: =IFERROR(L22/F22,"-") -> 0.049476944
B23: 供暖水耗率 | C23: 千克/米2 | D23: =D11*1000/D4 -> #DIV/0! | E23: =E11*1000/E4 -> 10.97866 | F23: =F11*1000/F4 -> 13.189123 | G23: =G11*1000/G4 -> 12.901122 | H23: =H11*1000/H4 -> 12.901122 | I23: =IFERROR(H23/D23,"-") -> - | J23: =IFERROR(G23-E23,"-") -> 1.9224622 | K23: =IFERROR(J23/E23,"-") -> 0.17510901 | L23: =IFERROR(G23-F23,"-") -> -0.28800106 | M23: =IFERROR(L23/F23,"-") -> -0.021836256
B24: 供暖电耗率 | C24: 千瓦时/米2 | D24: =D12*10000/D4 -> #DIV/0! | E24: =E12*10000/E4 -> 0.92927679 | F24: =F12*10000/F4 -> 0.97828823 | G24: =G12*10000/G4 -> 1.010317 | H24: =H12*10000/H4 -> 1.010317 | I24: =IFERROR(H24/D24,"-") -> - | J24: =IFERROR(G24-E24,"-") -> 0.08104024 | K24: =IFERROR(J24/E24,"-") -> 0.08720786 | L24: =IFERROR(G24-F24,"-") -> 0.032028807 | M24: =IFERROR(L24/F24,"-") -> 0.032739642
B25: 单位面积耗标准煤量 | C25: 千克/平方米 | D25: =D10*1000/D6 -> #DIV/0! | E25: =E10*1000/E6 -> 4.2598485 | F25: =F10*1000/F6 -> 4.1067229 | G25: =G10*1000/G6 -> 4.3099004 | H25: =H10*1000/H6 -> 4.3099004 | I25: =IFERROR(H25/D25,"-") -> - | J25: =IFERROR(G25-E25,"-") -> 0.050051861 | K25: =IFERROR(J25/E25,"-") -> 0.011749681 | L25: =IFERROR(G25-F25,"-") -> 0.20317746 | M25: =IFERROR(L25/F25,"-") -> 0.049474352
B26: 单位面积耗电量 | C26: 千瓦时/平方米 | D26: =D12*10000/D6 -> #DIV/0! | E26: =E12*10000/E6 -> 0.92927679 | F26: =F12*10000/F6 -> 0.97828823 | G26: =G12*10000/G6 -> 1.010317 | H26: =H12*10000/H6 -> 1.010317 | I26: =IFERROR(H26/D26,"-") -> - | J26: =IFERROR(G26-E26,"-") -> 0.08104024 | K26: =IFERROR(J26/E26,"-") -> 0.08720786 | L26: =IFERROR(G26-F26,"-") -> 0.032028807 | M26: =IFERROR(L26/F26,"-") -> 0.032739642
B27: 单位面积耗水量 | C27: 千克/平方米 | D27: =D11*1000/D6 -> #DIV/0! | E27: =E11*1000/E6 -> 10.97866 | F27: =F11*1000/F6 -> 13.189123 | G27: =G11*1000/G6 -> 12.901122 | H27: =H11*1000/H6 -> 12.901122 | I27: =IFERROR(H27/D27,"-") -> - | J27: =IFERROR(G27-E27,"-") -> 1.9224622 | K27: =IFERROR(J27/E27,"-") -> 0.17510901 | L27: =IFERROR(G27-F27,"-") -> -0.28800106 | M27: =IFERROR(L27/F27,"-") -> -0.021836256

Sheet 庄河
A1: 指标类别 | B1: 项 目 | C1: 计量单位 | D1: 本年计划 | E1: 本月计划 | F1: 上年同期 | G1: 本月实际 | H1: 本年累计 | I1: 年计划 完成率 | J1: 与月计划比较 | L1: 与上年同期比较
J2: 差异 | K2: ±% | L2: 差异 | M2: ±%
A3: 产销指标 | B3: 装机总容量 | C3: 兆瓦 | D3: 14 | E3: ='[2]14.庄河环海表'!$M$5 -> 14 | F3: =[3]庄河!$G$3 -> 263 | G3: ='[7]26.1'!$G$3 -> 14 | H3: ='[7]26.1'!$L$3 -> 14 | I3: =IFERROR(H3/D3,"-") -> 1 | J3: =IFERROR(G3-E3,"-") -> 0 | K3: =IFERROR(J3/E3,"-") -> 0 | L3: =IFERROR(G3-F3,"-") -> -249 | M3: =IFERROR(L3/F3,"-") -> -0.94676806
B4: 期末供热面积 | C4: 平方米 | E4: ='[2]14.庄河环海表'!$M$19 -> 2350000 | F4: =[3]庄河!$G4 -> 2343649 | G4: ='[7]26.1'!$G$4 -> 2309228.9 | H4: ='[7]26.1'!$L$4 -> 2309228.9 | I4: =IFERROR(H4/D4,"-") -> - | J4: =IFERROR(G4-E4,"-") -> -40771.07 | K4: =IFERROR(J4/E4,"-") -> -0.017349391 | L4: =IFERROR(G4-F4,"-") -> -34420.04 | M4: =IFERROR(L4/F4,"-") -> -0.014686517
B5: 实际平均供热面积 | C5: 平方米 | D5: =D4 -> 0 | E5: =E4 -> 2350000 | F5: =[3]庄河!$G5 -> 2343649 | G5: ='[7]26.1'!$G$6 -> 2309228.9 | H5: ='[7]26.1'!$L$6 -> 2309228.9 | I5: =IFERROR(H5/D5,"-") -> - | J5: =IFERROR(G5-E5,"-") -> -40771.07 | K5: =IFERROR(J5/E5,"-") -> -0.017349391 | L5: =IFERROR(G5-F5,"-") -> -34420.04 | M5: =IFERROR(L5/F5,"-") -> -0.014686517
B6: 供热量 | C6: 吉焦 | E6: ='[2]14.庄河环海表'!$M$8 -> 186430 | F6: =[3]庄河!$G6 -> 233098.96 | G6: ='[7]26.1'!$G$8 -> 255718.26 | H6: ='[7]26.1'!$L$8 -> 255718.26 | I6: =IFERROR(H6/D6,"-") -> - | J6: =IFERROR(G6-E6,"-") -> 69288.259 | K6: =IFERROR(J6/E6,"-") -> 0.37165831 | L6: =IFERROR(G6-F6,"-") -> 22619.298 | M6: =IFERROR(L6/F6,"-") -> 0.097037317
B7: 外购热量 | C7: 吉焦 | E7: ='[2]14.庄河环海表'!$M$40 -> 181300 | F7: 0 | G7: ='[7]26.1'!$G$36 -> 249708 | H7: ='[7]26.1'!$L$36 -> 249708 | I7: =IFERROR(H7/D7,"-") -> - | J7: =IFERROR(G7-E7,"-") -> 68408 | K7: =IFERROR(J7/E7,"-") -> 0.37731936 | L7: =IFERROR(G7-F7,"-") -> 249708 | M7: =IFERROR(L7/F7,"-") -> -
A8: 消耗指标 | B8: 生产耗原煤量 | C8: 吨 | E8: ='[2]14.庄河环海表'!$M$26 -> 446 | F8: =[3]庄河!$G7 -> 13706.4 | G8: ='[7]26.1'!$G$10 -> 513 | H8: ='[7]26.1'!$L$10 -> 513 | I8: =IFERROR(H8/D8,"-") -> - | J8: =IFERROR(G8-E8,"-") -> 67 | K8: =IFERROR(J8/E8,"-") -> 0.15022422 | L8: =IFERROR(G8-F8,"-") -> -13193.4 | M8: =IFERROR(L8/F8,"-") -> -0.96257223
B9: 耗标煤总量 | C9: 吨 | E9: ='[2]14.庄河环海表'!$M$29 -> 291.74771 | F9: =[3]庄河!$G8 -> 9970.229 | G9: ='[7]26.1'!$G$12 -> 341.78714 | H9: ='[7]26.1'!$L$12 -> 341.78714 | I9: =IFERROR(H9/D9,"-") -> - | J9: =IFERROR(G9-E9,"-") -> 50.039429 | K9: =IFERROR(J9/E9,"-") -> 0.17151609 | L9: =IFERROR(G9-F9,"-") -> -9628.4419 | M9: =IFERROR(L9/F9,"-") -> -0.96571923
B10: 耗水量 | C10: 吨 | E10: ='[2]14.庄河环海表'!$M$41 -> 31000 | F10: =[3]庄河!$G9 -> 68972 | G10: ='[7]26.1'!$G$15 -> 48986 | H10: ='[7]26.1'!$L$15 -> 48986 | I10: =IFERROR(H10/D10,"-") -> - | J10: =IFERROR(G10-E10,"-") -> 17986 | K10: =IFERROR(J10/E10,"-") -> 0.58019355 | L10: =IFERROR(G10-F10,"-") -> -19986 | M10: =IFERROR(L10/F10,"-") -> -0.28976976
B11: 外购电量 | C11: 万千瓦时 | E11: ='[2]14.庄河环海表'!$M$64 -> 133.79 | F11: =[3]庄河!$G10 -> 267.5812 | G11: ='[7]26.1'!$G$17/10000 -> 118.71915 | H11: ='[7]26.1'!$L$17/10000 -> 118.71915 | I11: =IFERROR(H11/D11,"-") -> - | J11: =IFERROR(G11-E11,"-") -> -15.07085 | K11: =IFERROR(J11/E11,"-") -> -0.11264556 | L11: =IFERROR(G11-F11,"-") -> -148.86205 | M11: =IFERROR(L11/F11,"-") -> -0.55632477
B12: 耗氧化镁量 | C12: 吨 | E12: ='[2]14.庄河环海表'!$M$57 -> 6.375 | F12: =[3]庄河!$G11 -> 153.575 | G12: ='[7]26.1'!$G$22 -> 7.925 | H12: ='[7]26.1'!$L$22 -> 7.925 | I12: =IFERROR(H12/D12,"-") -> - | J12: =IFERROR(G12-E12,"-") -> 1.55 | K12: =IFERROR(J12/E12,"-") -> 0.24313725 | L12: =IFERROR(G12-F12,"-") -> -145.65 | M12: =IFERROR(L12/F12,"-") -> -0.94839655
B13: 耗脱硝剂量 | C13: 吨 | E13: ='[2]14.庄河环海表'!$M$58 -> 2.375 | F13: =[3]庄河!$G12 -> 24.725 | G13: ='[7]26.1'!$G$23 -> 1.925 | H13: ='[7]26.1'!$L$23 -> 1.925 | I13: =IFERROR(H13/D13,"-") -> - | J13: =IFERROR(G13-E13,"-") -> -0.45 | K13: =IFERROR(J13/E13,"-") -> -0.18947368 | L13: =IFERROR(G13-F13,"-") -> -22.8 | M13: =IFERROR(L13/F13,"-") -> -0.92214358
A14: 单耗与 利用率 | B14: 供热用电率 | C14: 千瓦时/吉焦 | D14: =D11*10000/D6 -> #DIV/0! | E14: =E11*10000/E6 -> 7.1764201 | F14: =[3]庄河!$G13 -> 11.479296 | G14: ='[7]26.1'!$G$24 -> 4.6425762 | H14: ='[7]26.1'!$L$24 -> 4.6425762 | I14: =IFERROR(H14/D14,"-") -> - | J14: =IFERROR(G14-E14,"-") -> -2.5338439 | K14: =IFERROR(J14/E14,"-") -> -0.35307909 | L14: =IFERROR(G14-F14,"-") -> -6.8367199 | M14: =IFERROR(L14/F14,"-") -> -0.59556961
B15: 供热煤耗率 | C15: 千克/吉焦 | D15: =D9*1000/D6 -> #DIV/0! | E15: =E9*1000/E6 -> 1.5649183 | F15: =[3]庄河!$G14 -> 42.772516 | G15: ='[7]26.1'!$G$25 -> 1.336577 | H15: ='[7]26.1'!$L$25 -> 1.336577 | I15: =IFERROR(H15/D15,"-") -> - | J15: =IFERROR(G15-E15,"-") -> -0.22834128 | K15: =IFERROR(J15/E15,"-") -> -0.14591259 | L15: =IFERROR(G15-F15,"-") -> -41.435939 | M15: =IFERROR(L15/F15,"-") -> -0.9687515
B16: 入厂煤量 | C16: 吨 | D16: 0 | E16: 0 | F16: =[3]庄河!$G15 -> 15836 | G16: ='[7]26.1'!$G$26 -> 119 | H16: ='[7]26.1'!$L$26 -> 119 | I16: =IFERROR(H16/D16,"-") -> - | J16: =IFERROR(G16-E16,"-") -> 119 | K16: =IFERROR(J16/E16,"-") -> - | L16: =IFERROR(G16-F16,"-") -> -15717 | M16: =IFERROR(L16/F16,"-") -> -0.99248548
B17: 期末库存煤量 | C17: 吨 | D17: 0 | E17: 0 | F17: =[3]庄河!$G16 -> 6682.4 | G17: =H17 -> 714.5 | H17: ='[7]26.1'!$L$27 -> 714.5 | I17: =IFERROR(H17/D17,"-") -> - | J17: =IFERROR(G17-E17,"-") -> 714.5 | K17: =IFERROR(J17/E17,"-") -> - | L17: =IFERROR(G17-F17,"-") -> -5967.9 | M17: =IFERROR(L17/F17,"-") -> -0.89307734
B18: 入炉煤低位发热量 | C18: 千焦/千克 | D18: =D9/D8*29308 -> #DIV/0! | E18: =E9*29308/E8 -> 19171.619 | F18: =[3]庄河!$G17 -> 21319.053 | G18: ='[7]26.1'!$G$28 -> 19526.506 | H18: ='[7]26.1'!$L$28 -> 19526.506 | I18: =IFERROR(H18/D18,"-") -> - | J18: =IFERROR(G18-E18,"-") -> 354.88716 | K18: =IFERROR(J18/E18,"-") -> 0.018511069 | L18: =IFERROR(G18-F18,"-") -> -1792.5473 | M18: =IFERROR(L18/F18,"-") -> -0.084081935
B19: 锅炉热效率 | C19: % | D19: =D6/(D9*29.308) -> #DIV/0! | E19: =(E6-E7)/(E9*29.308) -> 0.59996197 | F19: =[3]庄河!$G18 -> 0.79771732 | G19: =(G6-G7)/(G9*29.308) -> 0.6 | H19: =(H6-H7)/(H9*29.308) -> 0.6 | I19: =IFERROR(H19/D19,"-") -> - | J19: =IFERROR(G19-E19,"-") -> 3.8033398e-05 | K19: - | L19: =IFERROR(G19-F19,"-") -> -0.19771732 | M19: -
B20: 锅炉设备利用率 | C20: % | D20: =D6/3.6/D3/8760 -> 0 | E20: =E6/3.6/E3/(DAY(DATE(2026,2,0))*24) -> 4.9717849 | F20: =[3]庄河!$G19 -> 0.33090944 | G20: ='[7]26.1'!$G$31 -> 6.81959 | H20: ='[7]26.1'!$L$31 -> 0.16028382 | I20: =IFERROR(H20/D20,"-") -> - | J20: =IFERROR(G20-E20,"-") -> 1.8478052 | K20: - | L20: =IFERROR(G20-F20,"-") -> 6.4886806 | M20: -
B21: 供暖热耗率 | C21: 吉焦/平方米 | D21: =D6/D5 -> #DIV/0! | E21: =E6/E5 -> 0.079331915 | F21: =[3]庄河!$G20 -> 0.099459844 | G21: ='[7]26.1'!$G$32 -> 0.11073751 | H21: ='[7]26.1'!$L$32 -> 0.11073751 | I21: =IFERROR(H21/D21,"-") -> - | J21: =IFERROR(G21-E21,"-") -> 0.031405594 | K21: =IFERROR(J21/E21,"-") -> 0.39587591 | L21: =IFERROR(G21-F21,"-") -> 0.011277665 | M21: =IFERROR(L21/F21,"-") -> 0.11338913
B22: 供暖水耗率 | C22: 千克/米2 | D22: =D10*1000/D4 -> #DIV/0! | E22: =E10*1000/E4 -> 13.191489 | F22: =F10*1000/F4 -> 29.429322 | G22: =G10*1000/G4 -> 21.213141 | H22: =H10*1000/H4 -> 21.213141 | I22: =IFERROR(H22/D22,"-") -> - | J22: =IFERROR(G22-E22,"-") -> 8.0216521 | K22: =IFERROR(J22/E22,"-") -> 0.60809298 | L22: =IFERROR(G22-F22,"-") -> -8.2161804 | M22: =IFERROR(L22/F22,"-") -> -0.27918348
B23: 供暖电耗率 | C23: 千瓦时/米2 | D23: =D11*10000/D4 -> #DIV/0! | E23: =E11*10000/E4 -> 0.56931915 | F23: =F11*10000/F4 -> 1.141729 | G23: =G11*10000/G4 -> 0.51410732 | H23: =H11*10000/H4 -> 0.51410732 | I23: =IFERROR(H23/D23,"-") -> - | J23: =IFERROR(G23-E23,"-") -> -0.055211827 | K23: =IFERROR(J23/E23,"-") -> -0.096978694 | L23: =IFERROR(G23-F23,"-") -> -0.62762167 | M23: =IFERROR(L23/F23,"-") -> -0.5497116
B24: 单位面积耗标准煤量 | C24: 千克/平方米 | D24: =D9*1000/D5 -> #DIV/0! | E24: =E9*1000/E5 -> 0.12414796 | F24: =[3]庄河!$G21 -> 4.2541478 | G24: ='[7]26.1'!$G$33 -> 0.14800921 | H24: ='[7]26.1'!$L$33 -> 0.14800921 | I24: =IFERROR(H24/D24,"-") -> - | J24: =IFERROR(G24-E24,"-") -> 0.023861244 | K24: =IFERROR(J24/E24,"-") -> 0.19220004 | L24: =IFERROR(G24-F24,"-") -> -4.1061385 | M24: =IFERROR(L24/F24,"-") -> -0.96520826
B25: 单位面积耗电量 | C25: 千瓦时/平方米 | D25: =D11*10000/D5 -> #DIV/0! | E25: =E11*10000/E5 -> 0.56931915 | F25: =[3]庄河!$G22 -> 1.141729 | G25: ='[7]26.1'!$G$34 -> 0.51410732 | H25: ='[7]26.1'!$L$34 -> 0.51410732 | I25: =IFERROR(H25/D25,"-") -> - | J25: =IFERROR(G25-E25,"-") -> -0.055211827 | K25: =IFERROR(J25/E25,"-") -> -0.096978694 | L25: =IFERROR(G25-F25,"-") -> -0.62762167 | M25: =IFERROR(L25/F25,"-") -> -0.5497116
B26: 单位面积耗水量 | C26: 千克/平方米 | D26: =D10*1000/D5 -> #DIV/0! | E26: =E10*1000/E5 -> 13.191489 | F26: =[3]庄河!$G23 -> 29.429322 | G26: ='[7]26.1'!$G$35 -> 21.213141 | H26: ='[7]26.1'!$L$35 -> 21.213141 | I26: =IFERROR(H26/D26,"-") -> - | J26: =IFERROR(G26-E26,"-") -> 8.0216521 | K26: =IFERROR(J26/E26,"-") -> 0.60809298 | L26: =IFERROR(G26-F26,"-") -> -8.2161804 | M26: =IFERROR(L26/F26,"-") -> -0.27918348

Sheet 研究院
A1: 指标类别 | B1: 项 目 | C1: 计量单位 | D1: 本年计划 | E1: 本月计划 | F1: 上年同期 | G1: 本月实际 | H1: 本年累计 | I1: 年计划 完成率 | J1: 与月计划比较 | L1: 与上年同期比较
J2: 差异 | K2: ±% | L2: 差异 | M2: ±%
A3: 产销指标 | B3: 装机总容量 | C3: 兆瓦 | D3: 13.19 | E3: ='[2]15.研究院表'!$M$6 -> 13.19 | F3: =[3]研究院!$G$3 -> 13.1888 | G3: ='[7]26.1'!F87 -> 13.1888 | H3: ='[7]26.1'!G87 -> 13.1888 | I3: =IFERROR(H3/D3,"-") -> 0.99990902 | J3: =IFERROR(G3-E3,"-") -> -0.0012 | K3: =IFERROR(J3/E3,"-") -> -9.0978014e-05 | L3: =IFERROR(G3-F3,"-") -> 0 | M3: =IFERROR(L3/F3,"-") -> 0
B4: 期末供热面积 | C4: 平方米 | E4: ='[2]15.研究院表'!$M$19 -> 83505 | F4: =[3]研究院!$G$4 -> 83505.38 | G4: ='[7]26.1'!F88 -> 75969.43 | H4: ='[7]26.1'!G88 -> 75969.43 | I4: =IFERROR(H4/D4,"-") -> - | J4: =IFERROR(G4-E4,"-") -> -7535.57 | K4: =IFERROR(J4/E4,"-") -> -0.090240944 | L4: =IFERROR(G4-F4,"-") -> -7535.95 | M4: =IFERROR(L4/F4,"-") -> -0.090245084
B5: 实际平均供热面积 | C5: 平方米 | D5: =D4 -> 0 | E5: =E4 -> 83505 | F5: =[3]研究院!$G$5 -> 83505.38 | G5: ='[7]26.1'!F89 -> 75969.43 | H5: ='[7]26.1'!G89 -> 75969.43 | I5: =IFERROR(H5/D5,"-") -> - | J5: =IFERROR(G5-E5,"-") -> -7535.57 | K5: =IFERROR(J5/E5,"-") -> -0.090240944 | L5: =IFERROR(G5-F5,"-") -> -7535.95 | M5: =IFERROR(L5/F5,"-") -> -0.090245084
B6: 供热量 | C6: 吉焦 | E6: ='[2]15.研究院表'!$M$8 -> 8805 | F6: =[3]研究院!$G$6 -> 8426.2497 | G6: ='[7]26.1'!F90 -> 9785.665 | H6: ='[7]26.1'!G90 -> 9785.665 | I6: =IFERROR(H6/D6,"-") -> - | J6: =IFERROR(G6-E6,"-") -> 980.66502 | K6: =IFERROR(J6/E6,"-") -> 0.11137592 | L6: =IFERROR(G6-F6,"-") -> 1359.4153 | M6: =IFERROR(L6/F6,"-") -> 0.161331
A7: 消耗指标 | B7: 耗水量 | C7: 吨 | E7: ='[2]15.研究院表'!$M$41 -> 600 | F7: =[3]研究院!$G$7 -> 721.4 | G7: ='[7]26.1'!F91 -> 442.01 | H7: ='[7]26.1'!G91 -> 442.01 | I7: =IFERROR(H7/D7,"-") -> - | J7: =IFERROR(G7-E7,"-") -> -157.99 | K7: =IFERROR(J7/E7,"-") -> -0.26331667 | L7: =IFERROR(G7-F7,"-") -> -279.39 | M7: =IFERROR(L7/F7,"-") -> -0.38728861
B8: 外购电量 | C8: 万千瓦时 | E8: ='[2]15.研究院表'!$M$70 -> 201 | F8: =[3]研究院!$G$8 -> 195.03502 | G8: ='[7]26.1'!F92/10000 -> 230.73291 | H8: ='[7]26.1'!G92/10000 -> 230.73291 | I8: =IFERROR(H8/D8,"-") -> - | J8: =IFERROR(G8-E8,"-") -> 29.732908 | K8: =IFERROR(J8/E8,"-") -> 0.14792492 | L8: =IFERROR(G8-F8,"-") -> 35.697884 | M8: =IFERROR(L8/F8,"-") -> 0.1830332
B9: 其中：高压电量 | C9: 万千瓦时 | D9: 0 | E9: 0 | F9: =[3]研究院!$G$9 -> 152.224 | G9: ='[7]26.1'!F93/10000 -> 184.452 | H9: ='[7]26.1'!G93/10000 -> 184.452 | I9: 0 | J9: =IFERROR(G9-E9,"-") -> 184.452 | K9: =IFERROR(J9/E9,"-") -> - | L9: =IFERROR(G9-F9,"-") -> 32.228 | M9: =IFERROR(L9/F9,"-") -> 0.21171432
A10: 单耗与 利用率 | B10: 供热用电率 | C10: 千瓦时/吉焦 | D10: =D8*10000/D6 -> #DIV/0! | E10: =E8*10000/E6 -> 228.27939 | F10: =[3]研究院!$G$10 -> 231.46124 | G10: ='[7]26.1'!F94 -> 235.78664 | H10: ='[7]26.1'!G94 -> 235.78664 | I10: =IFERROR(H10/D10,"-") -> - | J10: =IFERROR(G10-E10,"-") -> 7.5072539 | K10: =IFERROR(J10/E10,"-") -> 0.032886254 | L10: =IFERROR(G10-F10,"-") -> 4.3253976 | M10: =IFERROR(L10/F10,"-") -> 0.018687352
B11: 锅炉设备利用率 | C11: % | D11: =D6*1000/(D3*8760*3600) -> 0 | E11: =E6/3.6/E3/(DAY(DATE(2026,2,0))*24) -> 0.24923506 | F11: =[3]研究院!$G$11 -> 0.23853582 | G11: ='[7]26.1'!F95 -> 0.27701904 | H11: ='[7]26.1'!G95 -> 0.27701904 | I11: - | J11: =IFERROR(G11-E11,"-") -> 0.027783987 | K11: - | L11: =IFERROR(G11-F11,"-") -> 0.038483222 | M11: -
B12: 供暖热耗率 | C12: 吉焦/平方米 | D12: =D6/D4 -> #DIV/0! | E12: =E6/E4 -> 0.10544279 | F12: =[3]研究院!$G$12 -> 0.10090667 | G12: ='[7]26.1'!F96 -> 0.12881056 | H12: ='[7]26.1'!G96 -> 0.12881056 | I12: =IFERROR(H12/D12,"-") -> - | J12: =IFERROR(G12-E12,"-") -> 0.023367775 | K12: =IFERROR(J12/E12,"-") -> 0.22161568 | L12: =IFERROR(G12-F12,"-") -> 0.027903893 | M12: =IFERROR(L12/F12,"-") -> 0.27653171
B13: 单位面积耗电量 | C13: 千瓦时/平方米 | D13: =D8*10000/D4 -> #DIV/0! | E13: =E8*10000/E5 -> 24.070415 | F13: =[3]研究院!$G$13 -> 23.355983 | G13: ='[7]26.1'!F97 -> 30.37181 | H13: ='[7]26.1'!G97 -> 30.37181 | I13: =IFERROR(H13/D13,"-") -> - | J13: =IFERROR(G13-E13,"-") -> 6.3013949 | K13: =IFERROR(J13/E13,"-") -> 0.26179004 | L13: =IFERROR(G13-F13,"-") -> 7.0158268 | M13: =IFERROR(L13/F13,"-") -> 0.3003867
B14: 单位面积耗水量 | C14: 千克/平方米 | D14: =D7*1000/D4 -> #DIV/0! | E14: =E7*1000/E5 -> 7.1851985 | F14: =[3]研究院!$G$14 -> 8.6389643 | G14: ='[7]26.1'!F98 -> 5.8182614 | H14: ='[7]26.1'!G98 -> 5.8182614 | I14: =IFERROR(H14/D14,"-") -> - | J14: =IFERROR(G14-E14,"-") -> -1.3669371 | K14: =IFERROR(J14/E14,"-") -> -0.19024347 | L14: =IFERROR(G14-F14,"-") -> -2.820703 | M14: =IFERROR(L14/F14,"-") -> -0.32650939

Sheet 主城区电锅炉
A1: 指标类别 | B1: 项 目 | C1: 计量单位 | D1: 本年计划 | E1: 本月计划 | F1: 上年同期 | G1: 本月实际 | H1: 本年累计 | I1: 年计划 完成率 | J1: 与月计划比较 | L1: 与上年同期比较
J2: 差异 | K2: ±% | L2: 差异 | M2: ±%
A3: 产销指标 | B3: 装机总容量 | C3: 兆瓦 | D3: 0.55 | E3: 0.55 | F3: ='[1]25.1'!D39 -> 0.55 | G3: ='[7]26.1'!$D$39 -> 0.55 | H3: ='[7]26.1'!$E$39 -> 0.55 | I3: =IFERROR(H3/D3,"-") -> 1 | J3: =IFERROR(G3-E3,"-") -> 0 | K3: =IFERROR(J3/E3,"-") -> 0 | L3: =IFERROR(G3-F3,"-") -> 0 | M3: =IFERROR(L3/F3,"-") -> 0
B4: 期末供热面积 | C4: 平方米 | E4: ='[2]10.主城区电锅炉表'!$M$19 -> 7592.12 | F4: ='[1]25.1'!D40 -> 7592.12 | G4: ='[7]26.1'!$D$40 -> 7625.06 | H4: ='[7]26.1'!$E$40 -> 7625.06 | I4: =IFERROR(H4/D4,"-") -> - | J4: =IFERROR(G4-E4,"-") -> 32.94 | K4: =IFERROR(J4/E4,"-") -> 0.0043387091 | L4: =IFERROR(G4-F4,"-") -> 32.94 | M4: =IFERROR(L4/F4,"-") -> 0.0043387091
B5: 实际平均供热面积 | C5: 平方米 | D5: =D4 -> 0 | E5: =E4 -> 7592.12 | F5: ='[1]25.1'!D41 -> 7592.12 | G5: ='[7]26.1'!$D$41 -> 7625.06 | H5: ='[7]26.1'!$E$41 -> 7625.06 | I5: =IFERROR(H5/D5,"-") -> - | J5: =IFERROR(G5-E5,"-") -> 32.94 | K5: =IFERROR(J5/E5,"-") -> 0.0043387091 | L5: =IFERROR(G5-F5,"-") -> 32.94 | M5: =IFERROR(L5/F5,"-") -> 0.0043387091
B6: 供热量 | C6: 吉焦 | E6: ='[2]10.主城区电锅炉表'!$M$8 -> 397 | F6: ='[1]25.1'!D42 -> 397 | G6: ='[7]26.1'!$D$42 -> 441 | H6: ='[7]26.1'!$E$42 -> 441 | I6: =IFERROR(H6/D6,"-") -> - | J6: =IFERROR(G6-E6,"-") -> 44 | K6: =IFERROR(J6/E6,"-") -> 0.11083123 | L6: =IFERROR(G6-F6,"-") -> 44 | M6: =IFERROR(L6/F6,"-") -> 0.11083123
A7: 消耗指标 | B7: 耗水量 | C7: 吨 | E7: ='[2]10.主城区电锅炉表'!$M$41 -> 42 | F7: ='[1]25.1'!D43 -> 42 | G7: ='[7]26.1'!$D$43 -> 3 | H7: ='[7]26.1'!$E$43 -> 3 | I7: =IFERROR(H7/D7,"-") -> - | J7: =IFERROR(G7-E7,"-") -> -39 | K7: =IFERROR(J7/E7,"-") -> -0.92857143 | L7: =IFERROR(G7-F7,"-") -> -39 | M7: =IFERROR(L7/F7,"-") -> -0.92857143
B8: 外购电量 | C8: 万千瓦时 | E8: ='[2]10.主城区电锅炉表'!$M$64 -> 11.832 | F8: ='[1]25.1'!D44/10000 -> 11.832 | G8: ='[7]26.1'!$D$44/10000 -> 13.284 | H8: ='[7]26.1'!$E$44/10000 -> 13.284 | I8: =IFERROR(H8/D8,"-") -> - | J8: =IFERROR(G8-E8,"-") -> 1.452 | K8: =IFERROR(J8/E8,"-") -> 0.12271805 | L8: =IFERROR(G8-F8,"-") -> 1.452 | M8: =IFERROR(L8/F8,"-") -> 0.12271805
B9: 其中：高压电量 | C9: 万千瓦时 | D9: =D8 -> 0 | E9: =E8 -> 11.832 | F9: ='[1]25.1'!D45/10000 -> 11.832 | G9: ='[7]26.1'!$D$45/10000 -> 13.284 | H9: ='[7]26.1'!$E$45/10000 -> 13.284 | I9: =IFERROR(H9/D9,"-") -> - | J9: =IFERROR(G9-E9,"-") -> 1.452 | K9: =IFERROR(J9/E9,"-") -> 0.12271805 | L9: =IFERROR(G9-F9,"-") -> 1.452 | M9: =IFERROR(L9/F9,"-") -> 0.12271805
A10: 单耗与 利用率 | B10: 供热用电率 | C10: 千瓦时/吉焦 | D10: =D8*10000/D6 -> #DIV/0! | E10: =E8*10000/E6 -> 298.03526 | F10: ='[1]25.1'!D46 -> 298.03526 | G10: ='[7]26.1'!$D$46 -> 301.22449 | H10: ='[7]26.1'!$E$46 -> 301.22449 | I10: =IFERROR(H10/D10,"-") -> - | J10: =IFERROR(G10-E10,"-") -> 3.1892253 | K10: =IFERROR(J10/E10,"-") -> 0.010700832 | L10: =IFERROR(G10-F10,"-") -> 3.1892253 | M10: =IFERROR(L10/F10,"-") -> 0.010700832
B11: 锅炉设备利用率 | C11: % | E11: 0 | F11: ='[1]25.1'!D47 -> 0.26949604 | G11: ='[7]26.1'!$D$47 -> 0.29936461 | H11: ='[7]26.1'!$E$47 -> 0.29936461 | I11: - | J11: =IFERROR(G11-E11,"-") -> 0.29936461 | K11: - | L11: =IFERROR(G11-F11,"-") -> 0.029868578 | M11: -
B12: 供暖热耗率 | C12: 吉焦/平方米 | D12: =D6/D4 -> #DIV/0! | E12: =E6/E4 -> 0.05229106 | F12: ='[1]25.1'!D48 -> 0.05229106 | G12: ='[7]26.1'!$D$48 -> 0.05783561 | H12: ='[7]26.1'!$E$48 -> 0.05783561 | I12: =IFERROR(H12/D12,"-") -> - | J12: =IFERROR(G12-E12,"-") -> 0.0055445508 | K12: =IFERROR(J12/E12,"-") -> 0.10603248 | L12: =IFERROR(G12-F12,"-") -> 0.0055445508 | M12: =IFERROR(L12/F12,"-") -> 0.10603248
B13: 单位面积耗电量 | C13: 千瓦时/平方米 | D13: =D8*10000/D4 -> #DIV/0! | E13: =E8*10000/E4 -> 15.58458 | F13: ='[1]25.1'!D49 -> 15.58458 | G13: ='[7]26.1'!$D$49 -> 17.421502 | H13: ='[7]26.1'!$E$49 -> 17.421502 | I13: =IFERROR(H13/D13,"-") -> - | J13: =IFERROR(G13-E13,"-") -> 1.8369225 | K13: =IFERROR(J13/E13,"-") -> 0.11786795 | L13: =IFERROR(G13-F13,"-") -> 1.8369225 | M13: =IFERROR(L13/F13,"-") -> 0.11786795
B14: 单位面积耗水量 | C14: 千克/平方米 | D14: =D7*1000/D4 -> #DIV/0! | E14: =E7*1000/E4 -> 5.5320517 | F14: ='[1]25.1'!D50 -> 5.5320517 | G14: ='[7]26.1'!$D$50 -> 0.39343953 | H14: ='[7]26.1'!$E$50 -> 0.39343953 | I14: =IFERROR(H14/D14,"-") -> - | J14: =IFERROR(G14-E14,"-") -> -5.1386121 | K14: =IFERROR(J14/E14,"-") -> -0.92888 | L14: =IFERROR(G14-F14,"-") -> -5.1386121 | M14: =IFERROR(L14/F14,"-") -> -0.92888

Sheet 恒流
A1: 序号 | B1: 指标名称 | D1: 计量单位 | E1: 本年计划 | F1: 本月计划 | G1: 上年同期 | H1: 本月实际 | I1: 本年累计 | J1: 年计划 完成率 | K1: 与月计划比较 | M1: 与上年同期比较
K2: 差异 | L2: ±% | M2: 差异 | N2: ±%
A3: 1 | B3: SOC状态（月初） | D3: % | E3: - | F3: - | G3: - | H3: 0.1033 | I3: - | J3: - | K3: - | L3: - | M3: - | N3: -
A4: 2 | B4: SOC状态（月末） | D4: % | E4: - | F4: - | G4: - | H4: 0.0737 | I4: - | J4: - | K4: - | L4: - | M4: - | N4: -
A5: 3 | B5: 充电次数 | D5: 次 | E5: 94 | F5: 6 | G5: 0 | H5: 16 | I5: 16 | J5: 0.17021277 | K5: =H5-F5 -> 10 | L5: =K5/F5 -> 1.6666667 | M5: =H5-G5 -> 16 | N5: =IFERROR(M5/G5,"-") -> -
A6: 4 | B6: 放电次数 | D6: 次 | E6: 87 | F6: 6 | G6: 0 | H6: 14 | I6: 14 | J6: 0.16091954 | K6: =H6-F6 -> 8 | L6: =K6/F6 -> 1.3333333 | M6: =H6-G6 -> 14 | N6: =IFERROR(M6/G6,"-") -> -
A7: 5 | B7: 总充电电量 | D7: 千瓦时 | E7: 38910000 | F7: 2790000 | G7: 363000 | H7: 3630000 | I7: 3630000 | J7: 0.093292213 | K7: =H7-F7 -> 840000 | L7: =K7/F7 -> 0.30107527 | M7: =H7-G7 -> 3267000 | N7: =IFERROR(M7/G7,"-") -> 9
A8: 6 | B8: 储能单元充电量 | C8: 储能单元总充电量 | D8: 千瓦时 | E8: 34246615 | F8: 2455617 | G8: 169050 | H8: 3109748 | I8: 3109748 | J8: 0.090804536 | K8: =H8-F8 -> 654131 | L8: =K8/F8 -> 0.26638152 | M8: =H8-G8 -> 2940698 | N8: =IFERROR(M8/G8,"-") -> 17.395433
C9: 其中：1区储能单元 | D9: 千瓦时 | E9: 8219187 | F9: 589348 | G9: 43400 | H9: 1026550 | I9: 1026550 | J9: 0.12489678 | K9: =H9-F9 -> 437202 | L9: =K9/F9 -> 0.74184014 | M9: =H9-G9 -> 983150 | N9: =IFERROR(M9/G9,"-") -> 22.653226
C10: 其中：2区储能单元 | D10: 千瓦时 | E10: 8219187 | F10: 589348 | G10: 43050 | H10: 922950 | I10: 922950 | J10: 0.11229213 | K10: =H10-F10 -> 333602 | L10: =K10/F10 -> 0.56605265 | M10: =H10-G10 -> 879900 | N10: =IFERROR(M10/G10,"-") -> 20.439024
C11: 其中：3区储能单元 | D11: 千瓦时 | E11: 8219187 | F11: 589348 | G11: 43050 | H11: 326900 | I11: 326900 | J11: 0.03977279 | K11: =H11-F11 -> -262448 | L11: =K11/F11 -> -0.44531923 | M11: =H11-G11 -> 283850 | N11: =IFERROR(M11/G11,"-") -> 6.5934959
C12: 其中：4区储能单元 | D12: 千瓦时 | E12: 9589051 | F12: 687572 | G12: 39550 | H12: 833348 | I12: 833348 | J12: 0.086906202 | K12: =H12-F12 -> 145776 | L12: =K12/F12 -> 0.21201561 | M12: =H12-G12 -> 793798 | N12: =IFERROR(M12/G12,"-") -> 20.070746
A13: 7 | B13: 总放电电量 | D13: 千瓦时 | E13: 21115000 | F13: 1430000 | G13: 0 | H13: 1848000 | I13: 1848000 | J13: 0.08752072 | K13: =H13-F13 -> 418000 | L13: =K13/F13 -> 0.29230769 | M13: =H13-G13 -> 1848000 | N13: =IFERROR(M13/G13,"-") -> -
A14: 8 | B14: 储能单元放电量 | C14: 储能单元总放电量 | D14: 千瓦时 | E14: 23736170 | F14: 1607517 | G14: 0 | H14: 1976450 | I14: 1976450 | J14: 0.083267435 | K14: =H14-F14 -> 368933 | L14: =K14/F14 -> 0.22950488 | M14: =H14-G14 -> 1976450 | N14: =IFERROR(M14/G14,"-") -> -
C15: 其中：1区储能单元 | D15: 千瓦时 | E15: 5696680 | F15: 385804 | G15: 0 | H15: 663950 | I15: 663950 | J15: 0.11655034 | K15: =H15-F15 -> 278146 | L15: =K15/F15 -> 0.72095157 | M15: =H15-G15 -> 663950 | N15: =IFERROR(M15/G15,"-") -> -
C16: 其中：2区储能单元 | D16: 千瓦时 | E16: 5696680 | F16: 385804 | G16: 0 | H16: 590100 | I16: 590100 | J16: 0.10358665 | K16: =H16-F16 -> 204296 | L16: =K16/F16 -> 0.52953313 | M16: =H16-G16 -> 590100 | N16: =IFERROR(M16/G16,"-") -> -
C17: 其中：3区储能单元 | D17: 千瓦时 | E17: 5696680 | F17: 385804 | G17: 0 | H17: 210000 | I17: 210000 | J17: 0.036863577 | K17: =H17-F17 -> -175804 | L17: =K17/F17 -> -0.45568216 | M17: =H17-G17 -> 210000 | N17: =IFERROR(M17/G17,"-") -> -
C18: 其中：4区储能单元 | D18: 千瓦时 | E18: 6646129 | F18: 450105 | G18: 0 | H18: 512400 | I18: 512400 | J18: 0.07709751 | K18: =H18-F18 -> 62295 | L18: =K18/F18 -> 0.13840104 | M18: =H18-G18 -> 512400 | N18: =IFERROR(M18/G18,"-") -> -
A19: 9 | B19: 耗电量 | C19: 总耗电量 | D19: 千瓦时 | E19: 6212227 | F19: 445441 | G19: 148365 | H19: 594160 | I19: 594160 | J19: 0.09564364 | K19: =H19-F19 -> 148719 | L19: =K19/F19 -> 0.33386913 | M19: =H19-G19 -> 445795 | N19: =IFERROR(M19/G19,"-") -> 3.0047181
C20: 总站用变电量 | D20: 千瓦时 | E20: 5406596 | F20: 387674 | G20: 67200 | H20: 480165 | I20: 480165 | J20: 0.088810963 | K20: =H20-F20 -> 92491 | L20: =K20/F20 -> 0.23857932 | M20: =H20-G20 -> 412965 | N20: =IFERROR(M20/G20,"-") -> 6.1453125
C21: 其中：1#站用变 | D21: 千瓦时 | E21: 1297583 | F21: 90910 | G21: 16695 | H21: 144830 | I21: 144830 | J21: 0.11161521 | K21: =H21-F21 -> 53920 | L21: =K21/F21 -> 0.59311407 | M21: =H21-G21 -> 128135 | N21: =IFERROR(M21/G21,"-") -> 7.6750524
C22: 其中：2#站用变 | D22: 千瓦时 | E22: 1297583 | F22: 90910 | G22: 16765 | H22: 130095 | I22: 130095 | J22: 0.10025948 | K22: =H22-F22 -> 39185 | L22: =K22/F22 -> 0.43103069 | M22: =H22-G22 -> 113330 | N22: =IFERROR(M22/G22,"-") -> 6.7599165
C23: 其中：3#站用变 | D23: 千瓦时 | E23: 1297583 | F23: 90910 | G23: 22470 | H23: 65800 | I23: 65800 | J23: 0.050709666 | K23: =H23-F23 -> -25110 | L23: =K23/F23 -> -0.27620724 | M23: =H23-G23 -> 43330 | N23: =IFERROR(M23/G23,"-") -> 1.9283489
C24: 其中：4#站用变 | D24: 千瓦时 | E24: 1513847 | F24: 114944 | G24: 11270 | H24: 139440 | I24: 139440 | J24: 0.092109705 | K24: =H24-F24 -> 24496 | L24: =K24/F24 -> 0.21311247 | M24: =H24-G24 -> 128170 | N24: =IFERROR(M24/G24,"-") -> 11.372671
C25: 总公用变电量 | D25: 千瓦时 | E25: 801517 | F25: 57472 | G25: 80255 | H25: 112000 | I25: 112000 | J25: 0.13973503 | K25: =H25-F25 -> 54528 | L25: =K25/F25 -> 0.94877506 | M25: =H25-G25 -> 31745 | N25: =IFERROR(M25/G25,"-") -> 0.39555168
C26: 其中：1#公用变 | D26: 千瓦时 | E26: 349753 | F26: 25079 | G26: 42665 | H26: 53515 | I26: 53515 | J26: 0.15300798 | K26: =H26-F26 -> 28436 | L26: =K26/F26 -> 1.133857 | M26: =H26-G26 -> 10850 | N26: =IFERROR(M26/G26,"-") -> 0.25430681
C27: 其中：2#公用变 | D27: 千瓦时 | E27: 451764 | F27: 32393 | G27: 37590 | H27: 58485 | I27: 58485 | J27: 0.12945919 | K27: =H27-F27 -> 26092 | L27: =K27/F27 -> 0.80548267 | M27: =H27-G27 -> 20895 | N27: =IFERROR(M27/G27,"-") -> 0.55586592
C28: 备用变 | D28: 千瓦时 | E28: 22800 | F28: 1900 | G28: 910 | H28: 1995 | I28: 1995 | J28: 0.0875 | K28: =H28-F28 -> 95 | L28: =K28/F28 -> 0.05 | M28: =H28-G28 -> 1085 | N28: =IFERROR(M28/G28,"-") -> 1.1923077
A29: 10 | B29: 耗水量 | D29: 吨 | E29: 81500 | F29: 5000 | G29: 143 | H29: 8771 | I29: 8771 | J29: 0.10761963 | K29: =H29-F29 -> 3771 | L29: =K29/F29 -> 0.7542 | M29: =H29-G29 -> 8628 | N29: =IFERROR(M29/G29,"-") -> 60.335664
A30: 11 | B30: 交流侧电池效率(含变压器损耗、热泵) | D30: % | E30: 0.57543884 | F30: 0.54030051 | G30: 0 | H30: 0.52515137 | I30: 0.52515137 | J30: 0.91261022 | K30: =H30-F30 -> -0.015149145 | L30: =K30/F30 -> -0.028038368 | M30: =H30-G30 -> 0.52515137 | N30: =IFERROR(M30/G30,"-") -> -
A31: 12 | B31: 综合效率 | D31: % | E31: 0.54266255 | F31: 0.5125448 | G31: 0 | H31: 0.50909091 | I31: 0.50909091 | J31: 0.93813532 | K31: =H31-F31 -> -0.0034538938 | L31: =K31/F31 -> -0.0067387158 | M31: =H31-G31 -> 0.50909091 | N31: =IFERROR(M31/G31,"-") -> -
A33: 运行简报：本月全月参与辽宁现货电能量市场，自主预测D日实时节点价格申报充放电曲线，市场出清后按曲线运行。共充电16次，放电14次，上网电量1848000kWh，下网电量3630000kWh，整站效率50.91%，PCS交流测效率52.52%。

Sheet 天然气炉
A1: 指标类别 | B1: 项 目 | C1: 计量单位 | D1: 本月实际 | F1: 本年累计
D2: 北海热电厂 | E2: 裕 景 | F2: 北海热电厂 | G2: 裕 景
A3: 产销指标 | B3: 装机总容量 | C3: 兆瓦 | D3: ='[7]26.1'!$D$71 -> 217 | E3: ='[7]26.1'!$E$71 -> 1.4 | F3: ='[7]26.1'!$F$71 -> 217 | G3: ='[7]26.1'!$G$71 -> 1.4
B4: 供汽量 | C4: 吨 | D4: ='[7]26.1'!$D$72 -> 0 | E4: ='[7]26.1'!$E$72 -> 0 | F4: ='[7]26.1'!$F$72 -> 0 | G4: ='[7]26.1'!$G$72 -> 0
B5: 供热量 | C5: 吉焦 | D5: ='[7]26.1'!$D$73 -> 0 | E5: ='[7]26.1'!$E$73 -> 0 | F5: ='[7]26.1'!$F$73 -> 0 | G5: ='[7]26.1'!$G$73 -> 0
A6: 消耗指标 | B6: 耗天然气(人工煤气)量 | C6: 立方米 | D6: ='[7]26.1'!$D$74 -> 0 | E6: ='[7]26.1'!$E$74 -> 0 | F6: ='[7]26.1'!$F$74 -> 0 | G6: ='[7]26.1'!$G$74 -> 0
B7: 耗标煤总量 | C7: 吨 | D7: ='[7]26.1'!$D$75 -> 0 | E7: ='[7]26.1'!$E$75 -> 0 | F7: ='[7]26.1'!$F$75 -> 0 | G7: ='[7]26.1'!$G$75 -> 0
B8: 耗水量 | C8: 吨 | D8: ='[7]26.1'!$D$76 -> 0 | E8: ='[7]26.1'!$E$76 -> 0 | F8: ='[7]26.1'!$F$76 -> 0 | G8: ='[7]26.1'!$G$76 -> 0
B9: 耗电量 | C9: 千瓦时 | D9: ='[7]26.1'!$D$77 -> 0 | E9: ='[7]26.1'!$E$77 -> 0 | F9: ='[7]26.1'!$F$77 -> 0 | G9: ='[7]26.1'!$G$77 -> 0
A10: 单耗与 利用率 | B10: 供热用电率 | C10: 千瓦时/吉焦 | D10: ='[7]26.1'!$D$78 -> #DIV/0! | E10: ='[7]26.1'!$E$78 -> 0 | F10: ='[7]26.1'!$F$78 -> #DIV/0! | G10: ='[7]26.1'!$G$78 -> 0
B11: 供热煤耗率 | C11: 千克/吉焦 | D11: ='[7]26.1'!$D$79 -> #DIV/0! | E11: ='[7]26.1'!$E$79 -> #DIV/0! | F11: ='[7]26.1'!$F$79 -> #DIV/0! | G11: ='[7]26.1'!$G$79 -> #DIV/0!
B12: 天然气(煤气)发热量 | C12: 千焦/立方米 | D12: ='[7]26.1'!$D$80 -> 0 | E12: ='[7]26.1'!$E$80 -> 0 | F12: ='[7]26.1'!$F$80 -> #DIV/0! | G12: ='[7]26.1'!$G$80 -> #DIV/0!
B13: 锅炉热效率 | C13: % | D13: ='[7]26.1'!$D$81 -> #DIV/0! | E13: ='[7]26.1'!$E$81 -> #DIV/0! | F13: ='[7]26.1'!$F$81 -> #DIV/0! | G13: ='[7]26.1'!$G$81 -> #DIV/0!
B14: 锅炉设备利用率 | C14: % | D14: ='[7]26.1'!$D$82 -> 0 | E14: ='[7]26.1'!$E$82 -> 0 | F14: ='[7]26.1'!$F$82 -> 0 | G14: ='[7]26.1'!$G$82 -> 0

Sheet 中水
A1: 指标名称 | C1: 计量单位 | D1: 代码 | E1: 本年计划 | F1: 上年同期 | G1: 本月实际 | H1: 本年累计 | I1: 年计划完成率 | J1: 与上年同期比较
J2: 差异 | K2: ±%
A3: 再生水总制水量 | C3: 吨 | D3: 01 | E3: 0 | F3: =[3]中水!$G$3 -> 116709 | G3: 121513 | H3: =G3 -> 121513 | I3: 0 | J3: =IFERROR(G3-F3,"-") -> 4804 | K3: =IFERROR(J3/F3,"-") -> 0.041162207
A4: 其中：北海生产用水量 | C4: 吨 | D4: (1) | E4: 0 | F4: =[3]中水!$G$4 -> 116709 | G4: 121513 | H4: =G4 -> 121513 | I4: 0 | J4: =IFERROR(G4-F4,"-") -> 4804 | K4: =IFERROR(J4/F4,"-") -> 0.041162207
A5: 北海售水量 | C5: 吨 | D5: (2) | E5: 0 | F5: =[3]中水!$G$5 -> 0 | G5: 0 | H5: =G5 -> 0 | I5: 0 | J5: =IFERROR(G5-F5,"-") -> 0 | K5: =IFERROR(J5/F5,"-") -> -
A6: 中水水量 | C6: 吨 | D6: 02 | E6: 0 | F6: =[3]中水!$G$6 -> 225994 | G6: 276525 | H6: =G6 -> 276525 | I6: 0 | J6: =IFERROR(G6-F6,"-") -> 50531 | K6: =IFERROR(J6/F6,"-") -> 0.22359443
A7: 出水率 | C7: % | D7: 03 | E7: 0 | F7: 0 | G7: 0 | H7: 0 | I7: 0 | J7: =IFERROR(G7-F7,"-") -> 0 | K7: =IFERROR(J7/F7,"-") -> -
A8: 耗电量 | C8: 万千瓦时 | D8: 04 | E8: 0 | F8: =[3]中水!$G$8 -> 23.562 | G8: =214650/10000 -> 21.465 | H8: =G8 -> 21.465 | I8: 0 | J8: =IFERROR(G8-F8,"-") -> -2.097 | K8: =IFERROR(J8/F8,"-") -> -0.088999236
A9: 中水厂用电率 | C9: % | D9: 05 | E9: 0 | F9: =[3]中水!$G$9 -> 0.00405967 | G9: =G8/北海!G3 -> 0.003533124 | H9: =H8/北海!H3 -> 0.003533124 | I9: 0 | J9: =IFERROR(G9-F9,"-") -> -0.00052654605 | K9: =IFERROR(J9/F9,"-") -> -0.12970169
A10: 耗汽量 | C10: 吨 | D10: 06 | E10: 0 | F10: =[3]中水!$G$10 -> 0 | G10: 0 | H10: =G10 -> 0 | I10: 0 | J10: =IFERROR(G10-F10,"-") -> 0 | K10: =IFERROR(J10/F10,"-") -> -
A11: 耗自来水量 | C11: 吨 | D11: 07 | E11: 0 | F11: =[3]中水!$G$11 -> 286 | G11: 265 | H11: =G11 -> 265 | I11: 0 | J11: =IFERROR(G11-F11,"-") -> -21 | K11: =IFERROR(J11/F11,"-") -> -0.073426573
A12: 药 剂 使 用 量 | B12: 聚合铝 | C12: 吨 | D12: 08 | E12: 0 | F12: =[3]中水!$G$12 -> 7.37 | G12: 4.05 | H12: =G12 -> 4.05 | I12: 0 | J12: =IFERROR(G12-F12,"-") -> -3.32 | K12: =IFERROR(J12/F12,"-") -> -0.4504749
B13: NACLO | C13: 吨 | D13: 09 | E13: 0 | F13: =[3]中水!$G$13 -> 3.22 | G13: 4 | H13: =G13 -> 4 | I13: 0 | J13: =IFERROR(G13-F13,"-") -> 0.78 | K13: =IFERROR(J13/F13,"-") -> 0.24223602
B14: 阻垢剂 | C14: 吨 | D14: 10 | E14: 0 | F14: =[3]中水!$G$14 -> 0.05 | G14: 0.05 | H14: =G14 -> 0.05 | I14: 0 | J14: =IFERROR(G14-F14,"-") -> 0 | K14: =IFERROR(J14/F14,"-") -> 0
B15: 还原剂 | C15: 吨 | D15: 11 | E15: 0 | F15: =[3]中水!$G$15 -> 0.65 | G15: 0.775 | H15: =G15 -> 0.775 | I15: 0 | J15: =IFERROR(G15-F15,"-") -> 0.125 | K15: =IFERROR(J15/F15,"-") -> 0.19230769
B16: 杀菌剂 | C16: 吨 | D16: 12 | E16: 0 | F16: =[3]中水!$G$16 -> 0 | G16: 0 | H16: =G16 -> 0 | I16: 0 | J16: =IFERROR(G16-F16,"-") -> 0 | K16: =IFERROR(J16/F16,"-") -> -
A17: 注：1. 北海中水本期耗用受电量为0千瓦时，本年累计20,000千瓦时。
A18: 2. 北海热电厂本期外售自来水量0吨，本年累计72,740吨。
